"","Rk","Player","Pos","Age","Tm","G","GS","MP","FG","FGA","FG.","X3P","X3PA","X3P.","X2P","X2PA","X2P.","FT","FTA","FT.","ORB","DRB","TRB","AST","STL","BLK","TOV","PF","PTS","X","ORtg","DRtg","fix"
"1",1,"Jeff Adrien\adrieje01","PF",24,"GSW",23,0,196,5.9,13.9,0.426,0,0,NA,5.9,13.9,0.426,2.8,4.9,0.579,5.9,9,15,2.6,1,1.3,2.3,7.2,14.7,NA,102,110,"jeffadrien"
"2",2,"Arron Afflalo\afflaar01","SG",25,"DEN",69,69,2324,6.7,13.5,0.498,2.3,5.4,0.423,4.5,8.2,0.546,3,3.5,0.847,1,4.5,5.4,3.6,0.7,0.7,1.5,3.3,18.7,NA,123,111,"arronafflalo"
"3",3,"Maurice Ager\agerma01","SG",26,"MIN",4,0,29,10.3,18.9,0.545,5.1,6.9,0.75,5.1,12,0.429,0,0,NA,0,3.4,3.4,1.7,1.7,0,6.9,6.9,25.7,NA,94,114,"mauriceager"
"4",5,"Solomon Alabi\alabiso01","C",22,"TOR",12,0,59,2.6,13.1,0.2,0,0,NA,2.6,13.1,0.2,0,1.8,0,6.1,6.1,12.3,1.8,1.8,1.8,2.6,4.4,5.3,NA,61,112,"solomonalabi"
"5",6,"Cole Aldrich\aldrico01","C",22,"OKC",18,0,142,2.9,5.5,0.533,0,0,NA,2.9,5.5,0.533,0.7,1.5,0.5,4.7,8,12.8,1.5,1.8,2.6,2.9,10.9,6.6,NA,98,104,"colealdrich"
"6",7,"LaMarcus Aldridge\aldrila01","PF",25,"POR",81,81,3211,12,24.1,0.5,0.1,0.4,0.174,12,23.7,0.505,6,7.5,0.791,4.7,7.3,12.1,2.9,1.4,1.6,2.6,3.7,30.1,NA,114,107,"lamarcusaldridge"
"7",8,"Malik Allen\allenma01","PF",32,"ORL",18,0,178,3.3,9.2,0.355,0,0,NA,3.3,9.2,0.355,0.3,0.6,0.5,3.5,5.9,9.5,1.2,0.3,1.2,0.9,8.9,6.8,NA,92,105,"malikallen"
"8",9,"Ray Allen\allenra02","SG",35,"BOS",80,80,2890,8.8,18,0.491,3.1,6.9,0.444,5.7,11,0.52,3.5,4,0.881,0.9,4.1,5,4,1.4,0.3,2.2,2.7,24.3,NA,116,104,"rayallen"
"9",10,"Tony Allen\allento01","SG",29,"MEM",72,31,1494,8.8,17.2,0.51,0.1,0.8,0.174,8.6,16.4,0.527,4.8,6.4,0.753,2.4,4.3,6.7,3.6,4.5,1.5,3,5.6,22.5,NA,110,101,"tonyallen"
"10",11,"Al-Farouq Aminu\aminual01","SF",20,"LAC",81,14,1452,5.7,14.5,0.394,1.6,5.1,0.315,4.1,9.4,0.437,3.3,4.2,0.773,2.7,6.8,9.5,2.1,2.1,0.9,3.7,4.3,16.3,NA,94,108,"alfarouqaminu"
"11",12,"Lou Amundson\amundlo01","PF",28,"GSW",46,7,691,6.1,13.4,0.454,0,0,NA,6.1,13.4,0.454,2.5,6.4,0.391,5.9,7.6,13.6,1.2,1,2.4,1.8,6.4,14.7,NA,101,110,"louamundson"
"12",13,"Chris Andersen\anderch01","C",32,"DEN",45,0,732,5.6,9.4,0.599,0,0.1,0,5.6,9.3,0.603,5.9,9.3,0.637,5.1,9.9,15,1.4,1.6,4,1.7,5.4,17.2,NA,129,102,"chrisandersen"
"13",15,"James Anderson\anderja01","SF",21,"SAS",26,2,286,5.6,14.7,0.383,3.3,8.4,0.391,2.4,6.4,0.371,2.5,3.3,0.778,0.4,3.8,4.2,3.3,0.5,1.1,2.4,4.4,17.1,NA,102,110,"jamesanderson"
"14",16,"Ryan Anderson\anderry01","PF",22,"ORL",64,14,1424,8.3,19.4,0.43,5,12.6,0.393,3.4,6.8,0.5,3.5,4.3,0.812,4.8,8.3,13.1,1.9,1.1,1.4,1.8,5.1,25.2,NA,122,102,"ryananderson"
"15",18,"Joel Anthony\anthojo01","C",28,"MIA",75,11,1463,1.9,3.6,0.535,0,0,NA,1.9,3.6,0.535,1.7,2.6,0.644,3.8,5.8,9.6,0.9,0.4,3.4,1.3,7,5.5,NA,120,104,"joelanthony"
"16",20,"Trevor Ariza\arizatr01","SF",25,"NOH",75,75,2600,6.3,15.9,0.398,1.7,5.6,0.303,4.6,10.2,0.45,2.9,4.1,0.701,1.3,7.2,8.5,3.4,2.5,0.6,2.5,3.7,17.2,NA,97,104,"trevorariza"
"17",23,"Darrell Arthur\arthuda01","PF",22,"MEM",80,9,1609,10.1,20.3,0.497,0,0.2,0,10.1,20.1,0.502,3.5,4.3,0.813,3.7,7.4,11.1,1.7,1.7,2,2.9,7.4,23.7,NA,106,104,"darrellarthur"
"18",24,"Omer Asik\asikom01","C",24,"CHI",82,0,989,4.2,7.6,0.553,0,0,NA,4.2,7.6,0.553,3.9,7.8,0.503,6,10.4,16.4,1.7,1.1,3,3.4,8.2,12.3,NA,104,97,"omerasik"
"19",25,"D.J. Augustin\augusdj01","PG",23,"CHA",82,82,2757,7.7,18.6,0.416,2.2,6.5,0.333,5.6,12.1,0.461,5.2,5.8,0.906,0.7,3.6,4.4,9.7,1,0.1,3,3,22.9,NA,112,112,"djaugustin"
"20",26,"Luke Babbitt\babbilu01","SF",21,"POR",24,0,137,6,21.9,0.273,1.2,6.4,0.188,4.8,15.5,0.308,1.2,3.6,0.333,2.4,9.6,12,2.4,0.8,0.8,3.2,6,14.3,NA,68,107,"lukebabbitt"
"21",28,"Marcus Banks\banksma01","PG",29,"TOR",3,0,22,0,4.7,0,0,0,NA,0,4.7,0,14.1,18.8,0.75,0,2.3,2.3,7,2.3,0,4.7,9.4,14.1,NA,99,114,"marcusbanks"
"22",29,"Leandro Barbosa\barbole01","SG",28,"TOR",58,0,1395,10.9,24.2,0.45,2.7,7.9,0.338,8.2,16.3,0.505,4,5.1,0.796,0.5,3.1,3.7,4.4,1.9,0.2,3.1,4.2,28.5,NA,105,115,"leandrobarbosa"
"23",30,"J.J. Barea\bareajo01","PG",26,"DAL",81,2,1669,9,20.4,0.439,2.1,6,0.349,6.9,14.5,0.476,4.2,4.9,0.847,0.9,4.1,5,10,0.9,0,4.3,4.3,24.2,NA,106,109,"jjbarea"
"24",31,"Andrea Bargnani\bargnan01","C",25,"TOR",66,66,2353,11.5,25.8,0.448,1.7,4.9,0.345,9.8,20.9,0.472,6.3,7.7,0.82,1.6,5.9,7.5,2.6,0.7,1,3.3,3.5,31.1,NA,105,115,"andreabargnani"
"25",32,"Matt Barnes\barnema02","SF",30,"LAL",53,0,1020,6.8,14.5,0.47,1.8,5.5,0.318,5,8.9,0.564,3.1,4,0.779,3.8,8,11.8,3.7,2,1.1,3,6.6,18.5,NA,112,103,"mattbarnes"
"26",34,"Brandon Bass\bassbr01","PF",25,"ORL",76,51,1980,8.8,17.1,0.515,0,0.1,0,8.8,17.1,0.516,5,6.2,0.815,3.6,7.7,11.3,1.5,0.7,1.4,2.6,4.2,22.7,NA,113,103,"brandonbass"
"27",35,"Tony Battie\battito01","C",34,"PHI",38,0,377,6.2,13.3,0.469,0.3,0.4,0.667,6,12.9,0.462,1.1,1.9,0.571,2.4,11.4,13.7,1.7,0.7,2.1,1.7,8.2,13.9,NA,99,103,"tonybattie"
"28",37,"Nicolas Batum\batumni01","SF",22,"POR",80,67,2522,7.9,17.5,0.455,2.6,7.4,0.345,5.4,10.1,0.535,3,3.6,0.841,2.4,5.5,7.8,2.7,1.5,1.1,1.8,4.2,21.4,NA,116,108,"nicolasbatum"
"29",39,"Michael Beasley\beaslmi01","SF",22,"MIN",73,73,2361,11.8,26.3,0.45,1.3,3.5,0.366,10.6,22.8,0.463,4.6,6.1,0.753,2.5,6.1,8.6,3.3,1.1,1.1,4.1,4.7,29.5,NA,100,112,"michaelbeasley"
"30",40,"Rodrigue Beaubois\beaubro01","PG",22,"DAL",28,26,496,10,23.6,0.422,2.7,8.8,0.301,7.3,14.8,0.493,2.4,3.2,0.767,0.7,4.8,5.5,6.8,2.1,0.8,5,8.1,25,NA,93,105,"rodriguebeaubois"
"31",41,"Marco Belinelli\belinma01","SG",24,"NOH",80,69,1957,8.3,19.1,0.437,3.7,9,0.414,4.6,10.1,0.458,2.7,3.5,0.784,0.5,3.7,4.2,2.5,1.1,0.2,2.1,4,23.1,NA,107,109,"marcobelinelli"
"32",42,"Charlie Bell\bellch01","SG",31,"GSW",19,0,171,3.6,12.7,0.279,1.8,6.2,0.286,1.8,6.5,0.273,0.6,1.2,0.5,1.8,3.6,5.3,3.8,1.8,0.3,1.8,3.8,9.5,NA,85,114,"charliebell"
"33",43,"Raja Bell\bellra01","SG",34,"UTA",68,63,2097,4.8,11.7,0.409,1.7,4.9,0.352,3.1,6.9,0.449,2.3,2.6,0.892,0.8,3.6,4.4,3,1.4,0.4,1.6,4.2,13.6,NA,107,114,"rajabell"
"34",45,"Andris Biedrins\biedran01","C",24,"GSW",59,55,1397,5.1,9.6,0.534,0,0,NA,5.1,9.6,0.534,0.4,1.1,0.323,5.3,10.2,15.4,2.2,1.9,1.9,2.1,7.2,10.7,NA,109,107,"andrisbiedrins"
"35",47,"DeJuan Blair\blairde01","PF",21,"SAS",81,65,1734,8.8,17.5,0.501,0,0.1,0,8.8,17.4,0.503,2.7,4.1,0.657,6.4,10.5,16.9,2.3,2.8,1.3,3.4,6.4,20.2,NA,106,100,"dejuanblair"
"36",48,"Steve Blake\blakest01","PG",30,"LAL",79,0,1581,3.7,10.2,0.359,2.4,6.5,0.378,1.2,3.8,0.327,0.9,1,0.867,0.6,4.6,5.2,5.7,1.3,0.1,2.4,3.3,10.7,NA,101,108,"steveblake"
"37",49,"Andray Blatche\blatcan01","PF",24,"WAS",64,63,2172,10,22.5,0.445,0.1,0.4,0.222,9.9,22.1,0.449,5.2,6.7,0.777,4.3,8.1,12.4,3.4,2.3,1.2,4.1,4.3,25.3,NA,100,108,"andrayblatche"
"38",50,"Eric Bledsoe\bledser01","PG",21,"LAC",81,25,1841,5.8,13.6,0.424,0.9,3.3,0.276,4.9,10.4,0.47,2.8,3.7,0.744,1.9,4.4,6.3,8.1,2.6,0.7,5.4,3.7,15.2,NA,93,108,"ericbledsoe"
"39",51,"Keith Bogans\boganke01","SG",30,"CHI",82,82,1461,4.5,11.2,0.404,3.3,8.6,0.38,1.2,2.5,0.486,0.8,1.2,0.656,0.7,4.7,5.4,3.7,1.4,0.3,1.5,4.1,13.1,NA,113,103,"keithbogans"
"40",52,"Andrew Bogut\bogutan01","C",26,"MIL",65,65,2297,8.5,17.3,0.495,0,0.1,0,8.5,17.2,0.497,2.2,5.1,0.442,4.6,12.1,16.8,3,1.1,3.9,2.9,5.1,19.3,NA,100,97,"andrewbogut"
"41",53,"Matt Bonner\bonnema01","PF",30,"SAS",66,1,1432,6.2,13.5,0.464,3.8,8.4,0.457,2.4,5.1,0.475,1.2,1.6,0.744,2.2,6.5,8.7,2.2,0.9,0.8,1,4,17.5,NA,125,108,"mattbonner"
"42",54,"Trevor Booker\booketr01","PF",23,"WAS",65,14,1063,6.7,12.2,0.549,0,0,0,6.7,12.1,0.552,3.3,4.9,0.673,4.7,7.4,12.1,1.7,1.4,2,1.8,5.5,16.7,NA,118,109,"trevorbooker"
"43",55,"Carlos Boozer\boozeca01","C",29,"CHI",59,59,1882,12.2,23.9,0.51,0,0,NA,12.2,23.9,0.51,4.8,6.9,0.701,3.7,12.3,15.9,4.1,1.3,0.5,4.2,5.3,29.2,NA,105,99,"carlosboozer"
"44",56,"Chris Bosh\boshch01","PF",26,"MIA",77,77,2795,9.9,20,0.496,0.1,0.5,0.24,9.8,19.5,0.502,7.3,8.9,0.815,2.7,9.4,12.1,2.7,1.1,0.9,2.6,3.2,27.2,NA,115,103,"chrisbosh"
"45",57,"Earl Boykins\boykiea01","PG",34,"MIL",57,0,862,9.7,21.8,0.443,1.7,4.4,0.38,8,17.4,0.459,4.3,5.1,0.841,0.9,2.5,3.4,8.7,2.4,0.2,3.2,2.7,25.3,NA,108,105,"earlboykins"
"46",58,"Craig Brackins\brackcr01","PF",23,"PHI",3,0,33,6.3,25.4,0.25,0,7.9,0,6.3,17.5,0.364,0,0,NA,3.2,3.2,6.3,1.6,1.6,0,0,4.8,12.7,NA,66,108,"craigbrackins"
"47",59,"Avery Bradley\bradlav01","PG",20,"BOS",31,0,162,7.5,22,0.343,0,1.6,0,7.5,20.3,0.371,2,3.9,0.5,1.3,4.3,5.6,3.9,3,0,5.2,6.6,17,NA,68,101,"averybradley"
"48",60,"Elton Brand\brandel01","PF",31,"PHI",81,81,2809,9.4,18.3,0.512,0,0,0,9.4,18.3,0.512,4,5.1,0.78,4.4,8.2,12.6,2.2,1.7,2,1.9,4.5,22.7,NA,114,103,"eltonbrand"
"49",62,"Ronnie Brewer\brewero02","SG",25,"CHI",81,1,1781,6.1,12.7,0.48,0.2,0.8,0.222,5.9,11.9,0.498,2.6,4,0.654,1.6,6.2,7.8,4.2,3.2,0.7,1.6,2.4,15,NA,110,98,"ronniebrewer"
"50",63,"Jon Brockman\brockjo01","C",23,"MIL",63,6,677,3.8,7.4,0.511,0,0,NA,3.8,7.4,0.511,3.2,4.7,0.678,5.8,8.7,14.5,1.4,1.1,0.2,1.9,9.4,10.7,NA,117,103,"jonbrockman"
"51",66,"Kwame Brown\brownkw01","C",28,"CHA",66,50,1714,6.1,11.7,0.517,0,0,NA,6.1,11.7,0.517,4.2,7.2,0.589,4.6,9.5,14.1,1.3,0.8,1.2,2.2,5.4,16.4,NA,110,108,"kwamebrown"
"52",67,"Shannon Brown\brownsh01","SG",25,"LAL",82,0,1568,9.2,21.7,0.425,2.5,7.2,0.349,6.7,14.5,0.462,3.1,3.4,0.911,1.2,4.1,5.3,3.2,2.3,0.5,2.5,4.2,24,NA,105,106,"shannonbrown"
"53",68,"Kobe Bryant\bryanko01","SG",32,"LAL",82,82,2779,14.1,31.2,0.451,2.2,6.8,0.323,11.9,24.4,0.487,9.2,11.1,0.828,1.6,6.4,8,7.4,1.9,0.2,4.6,3.3,39.6,NA,111,105,"kobebryant"
"54",69,"Chase Budinger\budinch01","SF",22,"HOU",78,22,1738,8.2,19.2,0.425,2.6,8,0.325,5.6,11.2,0.497,3.5,4,0.855,1.5,6.7,8.2,3.7,1.2,0.5,2,3.3,22.4,NA,110,110,"chasebudinger"
"55",70,"Caron Butler\butleca01","SF",30,"DAL",29,29,867,10.3,22.9,0.45,1.7,3.9,0.431,8.6,19,0.454,4.1,5.3,0.773,1.3,5.8,7.2,2.8,1.7,0.5,3,3.6,26.4,NA,100,106,"caronbutler"
"56",72,"Andrew Bynum\bynuman01","C",23,"LAL",54,47,1500,8.4,14.6,0.574,0,0,NA,8.4,14.6,0.574,4.9,7.4,0.66,6,11.9,17.9,2.6,0.7,3.7,2.6,4.9,21.6,NA,121,100,"andrewbynum"
"57",73,"Will Bynum\bynumwi01","PG",28,"DET",61,5,1125,8.7,19.4,0.448,0.8,2.4,0.32,7.9,17,0.466,4.9,5.8,0.836,0.7,2.8,3.5,9.3,2.5,0.2,4,5.4,23.1,NA,106,113,"willbynum"
"58",74,"Jose Calderon\caldejo01","PG",29,"TOR",68,55,2102,6.4,14.7,0.44,1.4,3.8,0.365,5,10.8,0.466,2.2,2.5,0.854,0.7,4.2,5,14.9,2,0.2,3.6,3.5,16.5,NA,112,114,"josecalderon"
"59",75,"Marcus Camby\cambyma01","C",36,"POR",59,51,1540,4.1,10.4,0.398,0,0,0,4.1,10.4,0.399,1.5,2.5,0.614,6.5,15,21.5,4.3,1.4,3.3,2.2,5,9.8,NA,105,100,"marcuscamby"
"60",76,"Derrick Caracter\caracde01","C",22,"LAL",41,0,215,7.9,16.2,0.485,0,0,NA,7.9,16.2,0.485,4.2,5.7,0.739,4.7,5.9,10.6,1.7,1,2.5,4.7,11.6,19.9,NA,98,105,"derrickcaracter"
"61",77,"Brian Cardinal\cardibr01","SF",33,"DAL",56,4,618,3.7,8.5,0.43,3.6,7.4,0.483,0.1,1.1,0.077,1.4,1.5,0.944,0.9,4.2,5,3.4,2,0.6,1.4,7,12.3,NA,126,106,"briancardinal"
"62",80,"Matt Carroll\carroma01","SG",30,"CHA",54,1,582,8.2,18.3,0.447,1.6,4.2,0.37,6.6,14.1,0.471,3.7,4.8,0.769,1.1,5.2,6.3,2.1,1.6,0.6,2.1,4,21.6,NA,103,109,"mattcarroll"
"63",83,"Omri Casspi\casspom01","SF",22,"SAC",71,27,1702,6.7,16.2,0.412,2.7,7.3,0.372,3.9,8.9,0.445,2,3,0.673,2.2,6.9,9.1,2.2,1.6,0.4,2,3.4,18.1,NA,106,109,"omricasspi"
"64",84,"Mario Chalmers\chalmma01","PG",24,"MIA",70,28,1579,5.2,13,0.399,2.8,7.7,0.359,2.4,5.3,0.459,1.8,2.1,0.871,0.4,4.5,4.9,5.9,2.5,0.2,3,5.3,14.9,NA,103,104,"mariochalmers"
"65",85,"Tyson Chandler\chandty01","C",28,"DAL",74,74,2059,6.8,10.4,0.654,0,0,NA,6.8,10.4,0.654,5.5,7.5,0.732,5.3,12.4,17.7,0.8,0.9,2,2.2,6.1,19.1,NA,131,102,"tysonchandler"
"66",87,"Josh Childress\childjo01","SG",27,"PHO",54,3,894,6.9,12.2,0.565,0.1,0.9,0.063,6.8,11.3,0.606,1.6,3.4,0.492,3.9,4.9,8.8,2.4,1.9,1.3,2.5,3.9,15.5,NA,109,110,"joshchildress"
"67",90,"Jason Collins\collija04","C",32,"ATL",49,28,593,3.1,6.4,0.479,0.1,0.1,1,3,6.3,0.471,2.4,3.7,0.659,2.7,6.5,9.2,2,0.8,0.8,2.4,8.8,8.7,NA,101,108,"jasoncollins"
"68",91,"Sherron Collins\collish01","PG",23,"CHA",20,0,66,5.7,20.3,0.28,1.6,8.1,0.2,4.1,12.2,0.333,0.8,0.8,1,0,4.1,4.1,6.5,1.6,0,3.2,1.6,13.8,NA,73,111,"sherroncollins"
"69",92,"Darren Collison\collida01","PG",23,"IND",79,79,2360,8.5,18.7,0.457,0.9,2.7,0.331,7.7,16,0.479,4.3,5,0.871,0.9,4,4.8,8.7,1.9,0.3,4.2,2.3,22.3,NA,105,108,"darrencollison"
"70",93,"Nick Collison\collini01","C",30,"OKC",71,2,1524,4.7,8.2,0.566,0,0,NA,4.7,8.2,0.566,1.9,2.5,0.753,4,6.7,10.7,2.3,1.4,1.1,1.9,7.1,11.2,NA,120,108,"nickcollison"
"71",94,"Mike Conley\conlemi01","PG",23,"MEM",81,81,2872,7.7,17.3,0.444,1.5,3.9,0.369,6.2,13.4,0.466,3.3,4.5,0.733,0.6,3.9,4.5,9.6,2.6,0.3,3.2,3.3,20.1,NA,108,107,"mikeconley"
"72",95,"Brian Cook\cookbr01","PF",30,"LAC",40,0,447,8.3,19.7,0.424,3.9,9.1,0.43,4.4,10.5,0.418,1.7,2.8,0.625,2.2,8.9,11.1,1.7,1.4,1.3,2.9,8.7,22.3,NA,101,107,"briancook"
"73",96,"Daequan Cook\cookda02","SG",23,"OKC",43,0,598,6.8,15.7,0.436,5.6,13.3,0.422,1.2,2.3,0.519,1.4,1.7,0.8,0.7,5.5,6.2,1.7,1.2,0.1,1.5,4.4,20.7,NA,122,110,"daequancook"
"74",97,"Marcus Cousin\cousima01","C",24,"UTA",4,0,18,5.9,8.8,0.667,0,0,NA,5.9,8.8,0.667,0,0,NA,0,8.8,8.8,0,0,2.9,2.9,2.9,11.7,NA,90,111,"marcuscousin"
"75",98,"DeMarcus Cousins\couside01","C",20,"SAC",81,62,2309,9.4,21.9,0.43,0.1,0.4,0.167,9.4,21.5,0.435,6,8.8,0.687,4.7,10.5,15.3,4.5,1.9,1.5,5.9,7.2,25,NA,94,105,"demarcuscousins"
"76",99,"Jamal Crawford\crawfja01","SG",30,"ATL",76,0,2297,8.6,20.4,0.421,2.8,8.2,0.341,5.8,12.3,0.474,5.2,6.1,0.854,0.5,2.5,3,5.6,1.3,0.3,3.4,2.3,25.2,NA,105,111,"jamalcrawford"
"77",102,"Stephen Curry\curryst01","PG",22,"GSW",74,74,2489,10.3,21.4,0.48,3.1,7,0.442,7.2,14.5,0.498,4.3,4.6,0.934,1.1,4.8,5.8,8.8,2.2,0.4,4.6,4.7,27.9,NA,113,112,"stephencurry"
"78",103,"Samuel Dalembert\dalemsa01","C",29,"SAC",80,46,1938,7,14.8,0.473,0,0.1,0,7,14.7,0.474,2.8,3.9,0.73,5.5,11.6,17.1,1.7,0.9,3,3.4,5.9,16.8,NA,100,105,"samueldalembert"
"79",104,"Erick Dampier\dampier01","C",35,"MIA",51,22,815,3.4,5.8,0.584,0,0.1,0,3.4,5.7,0.591,1.6,2.9,0.545,3.4,8,11.5,1.4,0.9,3,2.1,5.3,8.3,NA,110,102,"erickdampier"
"80",105,"Antonio Daniels\daniean01","PG",35,"PHI",4,0,35,3,7.5,0.4,0,3,0,3,4.5,0.667,3,3,1,0,7.5,7.5,3,0,0,1.5,0,9,NA,101,109,"antoniodaniels"
"81",106,"Marquis Daniels\daniema01","SF",30,"BOS",49,0,938,6.5,13.1,0.491,0.2,1.2,0.19,6.2,11.9,0.521,2.2,3.2,0.684,1.4,5,6.4,3.6,2.2,1.2,2.2,3.6,15.3,NA,102,101,"marquisdaniels"
"82",108,"Ed Davis\davised01","PF",21,"TOR",65,17,1602,6.9,12,0.576,0,0,NA,6.9,12,0.576,2.3,4.1,0.555,5.4,9.5,14.9,1.3,1.3,2.2,1.5,5.9,16.2,NA,120,110,"eddavis"
"83",109,"Glen Davis\davisgl01","C",25,"BOS",78,13,2298,8.3,18.5,0.448,0,0.3,0.133,8.3,18.2,0.454,4.5,6.1,0.736,2.3,7.5,9.8,2.1,1.8,0.7,2,5.3,21.1,NA,101,100,"glendavis"
"84",110,"Austin Daye\dayeau01","SF",22,"DET",72,16,1446,7.2,17.5,0.41,2.6,6.4,0.401,4.6,11.1,0.415,3.1,4,0.759,2.4,7.8,10.2,2.9,1.5,1.5,2.2,6.1,20,NA,106,110,"austindaye"
"85",111,"Carlos Delfino\delfica01","SF",28,"MIL",49,40,1590,6.7,17.3,0.39,3.5,9.6,0.37,3.2,7.7,0.415,2,2.5,0.8,0.8,5.9,6.7,3.8,2.6,0.3,1.9,2.4,19,NA,104,102,"carlosdelfino"
"86",112,"Luol Deng\denglu01","SF",25,"CHI",82,82,3208,8.8,19.1,0.46,1.9,5.5,0.345,6.9,13.6,0.506,4.2,5.6,0.753,1.9,6,7.9,3.8,1.3,0.8,2.6,2.7,23.7,NA,111,102,"luoldeng"
"87",113,"DeMar DeRozan\derozde01","SG",21,"TOR",82,82,2851,9.8,20.9,0.467,0.1,0.9,0.096,9.7,20,0.485,5.9,7.3,0.813,1.4,4.4,5.7,2.7,1.5,0.6,2.6,3.9,25.6,NA,106,115,"demarderozan"
"88",114,"Boris Diaw\diawbo01","PF",28,"CHA",82,82,2778,7.3,14.9,0.492,1.5,4.4,0.345,5.8,10.6,0.553,1.6,2.4,0.683,2,6,8,6.5,1.4,0.9,3.2,3.7,17.8,NA,107,109,"borisdiaw"
"89",115,"Ike Diogu\dioguik01","PF",27,"LAC",36,0,470,9.1,16.3,0.561,0,0,NA,9.1,16.3,0.561,4.5,6.8,0.661,4.5,8.1,12.6,0.2,0.3,0.3,2.4,7.9,22.8,NA,113,111,"ikediogu"
"90",116,"DeSagana Diop\diopde01","C",29,"CHA",16,0,181,2.4,7.1,0.333,0,0,NA,2.4,7.1,0.333,1.2,3.3,0.364,3.5,8.3,11.8,2.1,1.2,4.4,3.3,7.7,5.9,NA,73,104,"desaganadiop"
"91",117,"Keyon Dooling\doolike01","PG",30,"MIL",80,22,1757,6.3,15.8,0.397,2.5,7.1,0.346,3.8,8.7,0.439,2.4,2.9,0.83,0.4,3.2,3.6,7.4,1.6,0.1,2.8,3.6,17.4,NA,103,106,"keyondooling"
"92",118,"Joey Dorsey\dorsejo01","C",27,"TOR",43,9,522,5.1,9.8,0.525,0,0,NA,5.1,9.8,0.525,3.1,6.4,0.477,7.8,11,18.8,2.7,2.4,1.7,3.9,7.7,13.4,NA,103,107,"joeydorsey"
"93",119,"Toney Douglas\douglto01","SG",24,"NYK",81,9,1971,8,19.2,0.416,3.6,9.8,0.373,4.4,9.5,0.46,2.2,2.7,0.794,1.7,4.6,6.2,6.2,2.3,0.1,2.3,4.5,21.8,NA,111,111,"toneydouglas"
"94",120,"Chris Douglas-Roberts\douglch01","SF",24,"MIL",44,12,884,7.1,16.5,0.429,0.9,2.8,0.326,6.2,13.7,0.449,4.5,5.4,0.831,0.4,4.9,5.3,3,1.8,0.8,2.1,4.4,19.5,NA,102,104,"chrisdouglasroberts"
"95",121,"Zabian Dowdell\dowdeza01","PG",26,"PHO",24,0,292,8.9,21.8,0.408,0.5,1.7,0.3,8.4,20,0.417,2.8,3,0.941,0.9,2.6,3.5,8.9,3.5,0.3,5.1,5.2,21.1,NA,91,109,"zabiandowdell"
"96",123,"Jared Dudley\dudleja01","SF",25,"PHO",82,15,2140,7.1,14.9,0.477,2.5,6,0.415,4.6,8.9,0.519,3.8,5.2,0.743,2.6,4.9,7.6,2.6,2.1,0.5,1.8,3.3,20.6,NA,119,111,"jareddudley"
"97",124,"Chris Duhon\duhonch01","PG",28,"ORL",51,5,774,3.3,8.8,0.38,0.9,3.5,0.25,2.4,5.2,0.468,1,1.7,0.56,0.6,2.9,3.5,8,1.1,0.1,4.1,2,8.5,NA,88,107,"chrisduhon"
"98",125,"Tim Duncan\duncati01","C",34,"SAS",76,76,2156,10.1,20.2,0.5,0,0.1,0,10.1,20.1,0.502,4.4,6.2,0.716,4.1,12.3,16.4,4.9,1.2,3.5,2.9,2.9,24.6,NA,111,100,"timduncan"
"99",126,"Mike Dunleavy\dunlemi02","SG",30,"IND",61,44,1683,7.2,15.7,0.462,3.1,7.6,0.402,4.2,8,0.519,3,3.8,0.8,0.8,7.5,8.3,3.2,1.2,0.9,2.1,3.2,20.5,NA,115,107,"mikedunleavy"
"100",127,"Ronald Dupree\duprero01","SF",30,"TOR",3,0,13,4,15.9,0.25,0,4,0,4,11.9,0.333,0,0,NA,0,11.9,11.9,4,0,0,0,8,8,NA,69,113,"ronalddupree"
"101",128,"Kevin Durant\duranke01","SF",22,"OKC",78,78,3038,12.1,26.2,0.462,2.5,7.1,0.35,9.6,19.2,0.504,10.1,11.5,0.88,1,8.1,9.1,3.6,1.5,1.3,3.7,2.7,36.8,NA,115,107,"kevindurant"
"102",129,"Devin Ebanks\ebankde01","SG",21,"LAL",20,0,118,9.4,22.9,0.412,0.9,2.2,0.4,8.5,20.6,0.413,8.1,10.3,0.783,6.7,5.4,12.1,0.9,1.8,2.2,2.7,3.1,27.8,NA,109,104,"devinebanks"
"103",130,"Wayne Ellington\ellinwa01","SG",23,"MIN",62,8,1181,6.7,16.7,0.403,2,5.1,0.397,4.7,11.6,0.406,1.8,2.2,0.792,1.1,3.5,4.6,3,1.2,0.1,2.2,3.6,17.3,NA,100,115,"wayneellington"
"104",131,"Monta Ellis\ellismo01","SG",25,"GSW",80,80,3227,11.4,25.3,0.451,2.1,5.9,0.361,9.2,19.3,0.478,5.3,6.8,0.789,0.7,3.7,4.4,7.1,2.6,0.4,4,3.2,30.3,NA,107,112,"montaellis"
"105",132,"Francisco Elson\elsonfr01","C",34,"UTA",62,1,610,4.7,9.8,0.478,0,0,NA,4.7,9.8,0.478,2.2,2.7,0.839,3,6.9,9.9,2.9,1.8,1.2,2.8,7.3,11.6,NA,101,109,"franciscoelson"
"106",133,"Melvin Ely\elyme01","C",32,"DEN",30,2,366,3.8,7,0.549,0,0,NA,3.8,7,0.549,1.8,2.9,0.619,3.7,6.4,10.2,1.9,0.5,1.5,1.9,6.9,9.5,NA,113,109,"melvinely"
"107",135,"Jeremy Evans\evansje01","SF",23,"UTA",49,3,463,8.7,13.1,0.661,0,0.1,0,8.7,13,0.667,3,4.2,0.703,4.1,6.9,11,2.7,1.9,1.9,2.2,5.7,20.3,NA,128,109,"jeremyevans"
"108",137,"Reggie Evans\evansre01","PF",30,"TOR",30,18,798,2.7,6.7,0.408,0,0.1,0,2.7,6.6,0.412,3.1,5.7,0.545,7.7,14.6,22.3,2.5,1.9,0.4,2.5,5.8,8.6,NA,106,107,"reggieevans"
"109",138,"Tyreke Evans\evansty01","SG",21,"SAC",57,53,2107,9.1,22.3,0.409,1,3.5,0.291,8.1,18.8,0.432,4.9,6.4,0.771,1.1,5.5,6.6,7.6,2,0.7,4.4,3.4,24.2,NA,98,109,"tyrekeevans"
"110",139,"Patrick Ewing\ewingpa02","SF",26,"NOH",7,0,19,0,14.2,0,0,5.7,0,0,8.5,0,8.5,11.4,0.75,2.8,2.8,5.7,5.7,0,2.8,2.8,2.8,8.5,NA,64,109,"patrickewing"
"111",140,"Christian Eyenga\eyengch01","SF",21,"CLE",44,18,947,7.1,16.7,0.425,1.4,5,0.275,5.7,11.7,0.488,1,1.5,0.643,1.5,5.2,6.7,1.9,1.9,1.5,2.6,4.2,16.5,NA,90,111,"christianeyenga"
"112",141,"Jordan Farmar\farmajo01","PG",24,"NJN",73,18,1796,7.6,19.4,0.392,3.2,9,0.359,4.3,10.3,0.421,2.4,3,0.82,0.7,4.4,5.1,10.9,1.8,0.2,4.1,3.8,20.8,NA,102,111,"jordanfarmar"
"113",144,"Rudy Fernandez\fernaru01","SG",25,"POR",78,3,1821,6.4,17.2,0.37,3.5,10.8,0.321,2.9,6.4,0.453,3.8,4.4,0.863,1.1,4,5.2,5.8,2.6,0.4,2.6,4,20,NA,108,108,"rudyfernandez"
"114",145,"Kyrylo Fesenko\fesenky01","C",24,"UTA",53,1,456,5.1,11.6,0.44,0,0.1,0,5.1,11.4,0.444,2.1,5.3,0.391,3.9,8.6,12.5,2.1,0.5,1.8,2.9,10.4,12.3,NA,89,110,"kyrylofesenko"
"115",146,"Landry Fields\fieldla01","SG",22,"NYK",82,81,2541,5.9,11.9,0.497,1.7,4.3,0.393,4.2,7.6,0.556,2.2,2.9,0.769,2.1,8.2,10.3,3.1,1.6,0.3,2.1,2.3,15.8,NA,115,110,"landryfields"
"116",147,"Derek Fisher\fishede01","PG",36,"LAL",82,82,2297,4.7,12.2,0.389,1.5,3.7,0.396,3.3,8.5,0.386,1.9,2.4,0.806,0.3,3.2,3.5,5.2,2.3,0.2,1.6,4.4,12.9,NA,105,107,"derekfisher"
"117",148,"Jonny Flynn\flynnjo01","PG",21,"MIN",53,8,983,5.5,15,0.365,1.6,5.1,0.31,3.9,9.9,0.393,1.6,2.1,0.762,0.6,3.3,3.9,9.2,1.7,0.2,5.7,2.9,14.1,NA,85,114,"jonnyflynn"
"118",149,"Gary Forbes\forbega01","SF",25,"DEN",63,11,791,7.9,17.3,0.454,1.2,3.7,0.328,6.7,13.7,0.488,3.7,5.5,0.678,1.8,5.6,7.4,3.1,1.5,0.4,2.9,4.9,20.7,NA,101,109,"garyforbes"
"119",150,"T.J. Ford\fordtj01","PG",27,"IND",41,3,773,6,15.5,0.386,0.4,2.1,0.188,5.6,13.4,0.417,2.3,3.1,0.729,1.1,4.2,5.3,9.2,2.3,0.5,4.1,4.5,14.6,NA,91,107,"tjford"
"120",151,"Jeff Foster\fosteje01","C",34,"IND",56,3,940,4.3,9,0.479,0,0.2,0,4.3,8.8,0.488,1.5,2.6,0.563,8.6,10.2,18.9,2.5,1.3,1.7,1.4,6.8,10.1,NA,122,104,"jefffoster"
"121",152,"Randy Foye\foyera01","SG",27,"LAC",63,24,1551,6.9,17.7,0.388,2.4,7.2,0.327,4.5,10.5,0.43,4.4,5,0.893,0.4,3,3.4,5.7,1.6,0.7,3.2,4.1,20.5,NA,103,112,"randyfoye"
"122",153,"Channing Frye\fryech01","PF",27,"PHO",77,64,2541,7.2,16.6,0.432,3.4,8.8,0.39,3.7,7.8,0.479,1.8,2.1,0.832,1.3,9,10.3,1.9,0.9,1.6,1.5,5.4,19.5,NA,110,109,"channingfrye"
"123",157,"Francisco Garcia\garcifr01","SF",29,"SAC",58,34,1386,7.5,17.3,0.436,2.9,8.1,0.362,4.6,9.1,0.502,2.4,2.8,0.855,0.9,4,4.8,2.6,1.9,1.8,1.6,4.6,20.4,NA,113,109,"franciscogarcia"
"124",158,"Kevin Garnett\garneke01","PF",34,"BOS",71,71,2220,10.4,19.7,0.528,0,0.1,0.2,10.4,19.5,0.53,4.5,5.2,0.862,2,13.1,15.1,4.1,2.3,1.4,2.8,3.5,25.3,NA,110,95,"kevingarnett"
"125",159,"Marc Gasol\gasolma01","C",26,"MEM",81,81,2586,7.4,14,0.527,0.1,0.1,0.429,7.3,13.8,0.528,4.4,5.9,0.748,3.1,8.4,11.5,4,1.5,2.7,2.9,5.4,19.2,NA,113,103,"marcgasol"
"126",160,"Pau Gasol\gasolpa01","C",30,"LAL",82,82,3037,10.3,19.5,0.529,0,0.1,0.333,10.3,19.5,0.53,6.2,7.5,0.823,4.7,9.9,14.6,4.8,0.8,2.3,2.5,3.5,26.8,NA,123,103,"paugasol"
"127",161,"Rudy Gay\gayru01","SF",24,"MEM",54,54,2152,9.9,21.1,0.471,1.4,3.5,0.396,8.5,17.6,0.486,4.7,5.8,0.805,2,6.2,8.2,3.7,2.2,1.4,3.3,3.2,25.9,NA,108,105,"rudygay"
"128",163,"Paul George\georgpa01","SG",20,"IND",61,19,1265,7.2,15.8,0.453,1.6,5.5,0.297,5.5,10.3,0.537,3.1,4,0.762,1.5,7.5,9,2.6,2.5,1,2.8,5.1,19.1,NA,103,104,"paulgeorge"
"129",164,"Daniel Gibson\gibsoda01","SG",24,"CLE",67,15,1865,7.3,18.3,0.4,3.3,8.1,0.403,4,10.2,0.398,3.7,4.5,0.822,0.7,4.2,4.9,5.6,1.3,0.6,2.2,4.3,21.6,NA,108,114,"danielgibson"
"130",165,"Taj Gibson\gibsota01","PF",25,"CHI",80,19,1742,7.1,15.3,0.466,0,0.2,0.125,7.1,15.1,0.472,3,4.5,0.676,4.9,9,14,1.8,1.2,3.2,2.2,6.2,17.4,NA,106,98,"tajgibson"
"131",166,"Manu Ginobili\ginobma01","SG",33,"SAS",80,79,2426,9.5,21.8,0.433,3.3,9.5,0.349,6.2,12.4,0.497,7.7,8.8,0.871,0.9,5.4,6.3,8.4,2.6,0.6,3.7,3.5,29.9,NA,116,105,"manuginobili"
"132",167,"Ryan Gomes\gomesry01","SF",28,"LAC",76,62,2095,5.1,12.5,0.41,1.8,5.2,0.341,3.3,7.3,0.459,1.5,2.1,0.718,1.5,4.8,6.3,2.9,1.5,0.3,1.4,3.9,13.5,NA,107,111,"ryangomes"
"133",168,"Drew Gooden\goodedr01","PF",29,"MIL",35,18,860,9.7,22.5,0.431,0.2,1.2,0.15,9.5,21.3,0.447,5,6.3,0.794,4.5,10.3,14.8,2.9,1.3,1.1,2.9,6.1,24.6,NA,101,101,"drewgooden"
"134",169,"Ben Gordon\gordobe01","SG",27,"DET",82,27,2131,8.6,19.5,0.44,2.7,6.7,0.402,5.9,12.7,0.46,3.4,4,0.85,1,3.9,4.9,4.3,1.2,0.4,3.6,4.5,23.3,NA,104,115,"bengordon"
"135",170,"Eric Gordon\gordoer01","SG",22,"LAC",56,56,2112,10.5,23.2,0.45,2.6,7.1,0.364,7.9,16.1,0.488,7,8.5,0.825,1.1,2.9,4,6,1.7,0.4,3.7,2.8,30.5,NA,112,112,"ericgordon"
"136",172,"Joey Graham\grahajo01","SF",28,"CLE",39,8,586,7.2,15.8,0.458,0.8,2.6,0.3,6.4,13.1,0.49,2.6,3.2,0.806,0.7,6.7,7.4,1.6,0.5,0.6,2.5,6.4,17.8,NA,96,114,"joeygraham"
"137",173,"Stephen Graham\grahast01","SG",28,"NJN",59,28,959,4.5,11.1,0.405,0.3,1.2,0.238,4.2,10,0.425,1.7,2.1,0.816,0.9,5.9,6.8,2.2,0.8,0.1,2.1,5.9,11,NA,89,112,"stephengraham"
"138",174,"Danny Granger\grangda01","SF",27,"IND",79,79,2763,9.8,23.1,0.425,2.9,7.5,0.386,6.9,15.6,0.443,7.2,8.5,0.848,1.6,6.2,7.8,3.7,1.6,1.1,3.8,3.9,29.7,NA,107,106,"dannygranger"
"139",175,"Aaron Gray\grayaa01","C",26,"NOH",41,6,531,5.7,10.1,0.566,0,0,NA,5.7,10.1,0.566,1.7,3.5,0.5,6,11.4,17.4,1.6,1.1,1.2,3.3,9.8,13.1,NA,105,103,"aarongray"
"140",176,"Danny Green\greenda02","SG",23,"SAS",8,0,92,9.6,19.8,0.486,4,10.7,0.368,5.7,9,0.625,0,0,NA,1.7,6.8,8.5,1.1,1.1,0.6,2.8,4,23.2,NA,104,107,"dannygreen"
"141",178,"Willie Green\greenwi01","SG",29,"NOH",77,13,1674,8.7,19.7,0.443,1.7,5,0.348,7,14.7,0.476,2.5,3.2,0.78,0.7,4.5,5.2,2.4,1.2,0.4,2.2,4.6,21.7,NA,100,108,"williegreen"
"142",179,"Donte Greene\greendo01","SF",22,"SAC",69,21,1127,7,17.3,0.404,2,6.9,0.292,5,10.4,0.478,1.9,2.9,0.662,2.2,4.4,6.6,2.1,1.6,0.9,2.7,3.9,17.9,NA,97,110,"dontegreene"
"143",180,"Orien Greene\greenor01","SG",28,"NJN",3,0,5,10.7,21.4,0.5,0,0,NA,10.7,21.4,0.5,10.7,21.4,0.5,0,0,0,10.7,10.7,0,0,0,32,NA,121,95,"oriengreene"
"144",181,"Blake Griffin\griffbl01","PF",21,"LAC",82,82,3112,11.6,22.9,0.506,0.1,0.4,0.292,11.4,22.5,0.51,7.4,11.5,0.642,4.5,11.9,16.4,5.2,1,0.7,3.7,4.2,30.7,NA,111,107,"blakegriffin"
"145",182,"Hamed Haddadi\haddaha01","C",25,"MEM",31,0,168,9.3,18,0.517,0,0.3,0,9.3,17.7,0.526,4.7,7.2,0.652,7.5,13.7,21.1,1.6,0.6,4,3.4,9,23.3,NA,110,100,"hamedhaddadi"
"146",183,"Richard Hamilton\hamilri01","SG",32,"DET",55,39,1498,10.4,24.1,0.429,2,5.2,0.382,8.4,18.9,0.442,5.2,6.2,0.849,0.9,3.7,4.5,6.1,1.4,0.1,3.2,3.4,27.9,NA,106,115,"richardhamilton"
"147",184,"Tyler Hansbrough\hansbty01","PF",25,"IND",70,29,1535,9.4,20.2,0.465,0,0.1,0,9.4,20.2,0.466,6.5,8.4,0.779,4.8,7.3,12.1,1.4,1.2,0.5,2.5,5.3,25.3,NA,109,107,"tylerhansbrough"
"148",186,"James Harden\hardeja01","SG",21,"OKC",82,5,2189,7,16.2,0.436,2.7,7.7,0.349,4.4,8.5,0.514,6.8,8.1,0.843,1,5,6,4.2,2.2,0.6,2.5,4.9,23.6,NA,119,108,"jamesharden"
"149",187,"Al Harrington\harrial01","PF",30,"DEN",73,3,1665,8.5,20.4,0.416,3.5,9.9,0.357,4.9,10.5,0.473,2.6,3.5,0.735,2.3,7.7,10,3,1.2,0.3,3.2,6.1,23.1,NA,101,108,"alharrington"
"150",189,"Manny Harris\harrima01","SG",21,"CLE",54,15,933,6,16,0.374,1.9,5.1,0.37,4.1,10.9,0.376,3.9,5.1,0.763,2,5.8,7.7,4.7,1.7,0.4,3.5,3.6,17.7,NA,95,112,"mannyharris"
"151",190,"Mike Harris\harrimi01","PF",27,"HOU",4,0,16,9.6,19.1,0.5,0,0,NA,9.6,19.1,0.5,6.4,12.7,0.5,6.4,9.6,15.9,3.2,0,3.2,3.2,6.4,25.5,NA,107,108,"mikeharris"
"152",191,"Udonis Haslem\hasleud01","PF",30,"MIA",13,0,345,6.7,13.2,0.512,0,0,NA,6.7,13.2,0.512,2.4,3.1,0.8,4.4,11.8,16.2,0.9,1.1,0.5,2.1,6,15.9,NA,110,102,"udonishaslem"
"153",192,"Spencer Hawes\hawessp01","C",22,"PHI",81,81,1718,8,17.3,0.465,0.3,1.1,0.243,7.8,16.2,0.48,1.4,2.7,0.534,3.9,10.2,14.2,3.7,0.9,2.2,3,6.1,17.8,NA,97,103,"spencerhawes"
"154",193,"Chuck Hayes\hayesch01","C",27,"HOU",74,63,2079,6,11.3,0.527,0,0,0,6,11.3,0.529,2.3,3.5,0.662,5.4,9.3,14.7,5,1.9,1.2,2.1,4.9,14.3,NA,120,106,"chuckhayes"
"155",194,"Gordon Hayward\haywago01","SF",20,"UTA",72,17,1218,6.1,12.7,0.485,1.5,3.2,0.473,4.6,9.5,0.489,3,4.2,0.711,1.8,4.2,6,3.5,1.3,0.8,3,4.6,16.8,NA,106,113,"gordonhayward"
"156",195,"Lazar Hayward\haywala01","SF",24,"MIN",42,0,419,6.5,18.3,0.357,2,7.1,0.283,4.5,11.2,0.404,3.9,5,0.786,2.7,5.6,8.3,3.3,1.4,0.8,2.3,5.2,19,NA,101,112,"lazarhayward"
"157",196,"Brendan Haywood\haywobr01","C",31,"DAL",72,8,1331,5.1,8.8,0.574,0,0,0,5.1,8.8,0.577,2.5,7,0.362,5.1,9.8,14.9,0.8,0.6,2.9,2,5.8,12.6,NA,106,103,"brendanhaywood"
"158",197,"Luther Head\headlu01","PG",28,"SAC",36,14,586,5.9,14.1,0.415,2.2,5.5,0.391,3.7,8.6,0.43,3.4,4.3,0.78,1.4,3.8,5.2,6,0.9,0.8,2.8,3.7,17.2,NA,110,112,"lutherhead"
"159",198,"Gerald Henderson\hendege02","SG",23,"CHA",68,30,1661,8.3,18.4,0.454,0.2,1.2,0.194,8.1,17.2,0.472,4.1,5.3,0.785,1.6,5.1,6.7,3.3,1.6,1,2.1,3.8,21.1,NA,104,109,"geraldhenderson"
"160",199,"Xavier Henry\henryxa01","SG",19,"MEM",38,16,527,6.4,15.9,0.406,0.2,1.7,0.118,6.2,14.2,0.441,3.3,5.2,0.635,0.9,2.8,3.7,1.8,1.1,0.3,1.3,4.8,16.4,NA,97,111,"xavierhenry"
"161",200,"Roy Hibbert\hibbero01","C",24,"IND",81,80,2244,9.3,20.1,0.461,0,0.1,0,9.3,20,0.463,4.6,6.2,0.745,4.1,9.7,13.8,3.7,0.7,3.2,4.2,5.8,23.1,NA,100,104,"royhibbert"
"162",201,"J.J. Hickson\hicksjj01","C",22,"CLE",80,66,2256,9.8,21.4,0.458,0,0.1,0,9.8,21.3,0.461,5.6,8.4,0.673,5,10.9,15.9,2.1,1.1,1.2,4,4.9,25.3,NA,98,109,"jjhickson"
"163",202,"Nene Hilario\hilarne01","C",28,"DEN",75,75,2291,8.8,14.3,0.615,0,0.1,0.2,8.8,14.2,0.618,6.3,8.8,0.711,3.2,9.3,12.5,3.3,1.8,1.6,2.9,5.2,23.9,NA,123,104,"nenehilario"
"164",203,"George Hill\hillge01","PG",24,"SAS",76,5,2148,6.9,15.3,0.453,1.9,4.9,0.377,5.1,10.4,0.49,5.6,6.5,0.863,0.6,4.2,4.8,4.7,1.6,0.5,2.4,3.7,21.4,NA,116,108,"georgehill"
"165",204,"Grant Hill\hillgr01","SF",38,"PHO",80,80,2409,8.4,17.4,0.484,1,2.4,0.395,7.5,15,0.498,4.5,5.4,0.829,1.6,5.5,7.1,4.2,1.4,0.7,2.8,3.9,22.3,NA,109,111,"granthill"
"166",205,"Jordan Hill\hilljo01","C",23,"HOU",72,11,1125,7.8,15.9,0.491,0,0.1,0,7.8,15.9,0.494,2.7,3.8,0.706,5.8,8.1,13.9,1.3,0.6,2.4,2.8,7.1,18.4,NA,105,108,"jordanhill"
"167",207,"Jrue Holiday\holidjr01","PG",20,"PHI",82,82,2901,8,18,0.446,1.5,4,0.365,6.6,14,0.47,3.1,3.8,0.823,1.2,4.8,6,9.6,2.2,0.5,3.9,3.7,20.7,NA,104,106,"jrueholiday"
"168",208,"Ryan Hollins\holliry01","C",26,"CLE",70,16,1182,5.7,9.6,0.598,0,0,NA,5.7,9.6,0.598,4.8,7.1,0.681,3.1,5.1,8.1,1.1,1,1.8,2.9,8.7,16.3,NA,112,113,"ryanhollins"
"169",209,"Al Horford\horfoal01","C",24,"ATL",77,77,2704,10.2,18.3,0.557,0,0.1,0.5,10.2,18.2,0.557,3,3.7,0.798,3.6,10.7,14.3,5.3,1.2,1.6,2.4,3.8,23.4,NA,118,105,"alhorford"
"170",210,"Eddie House\houseed01","SG",32,"MIA",56,1,978,6.9,17.3,0.399,3.7,9.4,0.389,3.2,7.9,0.411,2.1,2.2,0.95,0.5,4.5,5,3.3,1.7,0.2,1.6,3.7,19.5,NA,109,106,"eddiehouse"
"171",211,"Dwight Howard\howardw01","C",25,"ORL",78,78,2935,11.1,18.7,0.593,0,0.1,0,11.1,18.6,0.597,9.8,16.4,0.596,5.5,14.1,19.7,1.9,1.9,3.3,5,4.6,32,NA,113,94,"dwighthoward"
"172",212,"Josh Howard\howarjo01","SF",30,"WAS",18,10,409,7.3,20.3,0.358,0.9,3.6,0.241,6.4,16.6,0.383,3.6,5.9,0.617,2.3,7,9.3,3,1.6,0.6,2.5,4.3,19,NA,89,111,"joshhoward"
"173",213,"Juwan Howard\howarju01","PF",37,"MIA",57,0,592,4.9,11.1,0.44,0,0,NA,4.9,11.1,0.44,2.6,3.1,0.829,3.2,7.7,10.9,2.1,0.9,0.4,2.2,5.4,12.4,NA,102,105,"juwanhoward"
"174",214,"Lester Hudson\hudsole01","PG",26,"WAS",11,0,73,4.2,16.8,0.25,2.8,10.5,0.267,1.4,6.3,0.222,1.4,2.8,0.5,0.7,2.8,3.5,11.9,2.8,0.7,4.9,7,12.6,NA,81,111,"lesterhudson"
"175",215,"Kris Humphries\humphkr01","PF",25,"NJN",74,44,2061,8,15.1,0.527,0,0,0,8,15.1,0.527,3.3,4.9,0.665,5.8,14.1,20,2.2,0.9,2.1,2.7,4.4,19.2,NA,111,105,"krishumphries"
"176",216,"Serge Ibaka\ibakase01","PF",21,"OKC",82,44,2216,7.8,14.4,0.543,0,0,0,7.8,14.4,0.544,3.2,4.3,0.75,5,9.5,14.5,0.5,0.7,4.6,1.7,6.2,18.9,NA,119,104,"sergeibaka"
"177",217,"Andre Iguodala\iguodan01","SF",27,"PHI",67,67,2469,7.2,16.1,0.445,1.3,3.8,0.337,5.9,12.3,0.479,4.4,6.4,0.693,1.3,6.9,8.2,8.9,2.1,0.8,2.9,2.3,20,NA,110,104,"andreiguodala"
"178",218,"Zydrunas Ilgauskas\ilgauzy01","C",35,"MIA",72,51,1145,7.5,14.7,0.508,0,0,0,7.5,14.7,0.509,1.7,2.1,0.783,5,8.3,13.2,1.2,1.1,2.7,2.4,8.5,16.6,NA,107,102,"zydrunasilgauskas"
"179",219,"Didier Ilunga-Mbenga\mbengdj01","C",30,"NOH",41,0,330,3.8,8,0.469,0,0,NA,3.8,8,0.469,2.1,3,0.722,5.7,8.4,14.1,1,1,4.4,3.4,8.5,9.7,NA,97,102,"didierilungambenga"
"180",220,"Ersan Ilyasova\ilyaser01","PF",23,"MIL",60,34,1505,7.9,18,0.436,1.3,4.3,0.298,6.6,13.7,0.479,3.3,3.7,0.894,3.7,9.2,13,2,1.8,0.9,2.2,5.6,20.3,NA,105,101,"ersanilyasova"
"181",221,"Royal Ivey\iveyro01","SG",29,"OKC",25,0,155,5.3,12.7,0.421,2.3,5.3,0.438,3,7.3,0.409,0.7,0.7,1,0.7,4.7,5.3,2.3,2,0.3,1.7,5.7,13.7,NA,104,109,"royalivey"
"182",223,"Darnell Jackson\jacksda01","PF",25,"SAC",59,2,486,8,16.4,0.487,0.3,1.1,0.273,7.7,15.2,0.503,3.1,5.1,0.612,5.1,4.7,9.8,1.5,1.2,0.3,2.4,6.3,19.4,NA,107,111,"darnelljackson"
"183",224,"Stephen Jackson\jacksst02","SG",32,"CHA",67,67,2405,9.7,23.6,0.411,2.7,8,0.337,7,15.6,0.449,5.5,6.8,0.816,1.2,5.6,6.8,5.4,1.8,0.6,4.7,3.6,27.6,NA,98,109,"stephenjackson"
"184",225,"Damion James\jamesda01","SF",23,"NJN",25,9,403,6.1,13.6,0.447,0,0.4,0,6.1,13.2,0.46,2.4,3.7,0.643,2.3,9,11.3,2.6,2.1,1.6,3.3,4.8,14.6,NA,90,106,"damionjames"
"185",226,"LeBron James\jamesle01","SF",26,"MIA",79,79,3063,13.1,25.6,0.51,1.6,4.8,0.33,11.5,20.8,0.552,8.7,11.4,0.759,1.4,8.8,10.2,9.6,2.1,0.9,4.9,2.8,36.4,NA,116,102,"lebronjames"
"186",227,"Antawn Jamison\jamisan01","PF",34,"CLE",56,38,1842,10.5,24.5,0.427,2.5,7.4,0.346,7.9,17.2,0.462,4.8,6.6,0.731,2.4,8.1,10.5,2.6,1.4,0.8,2.2,3.8,28.3,NA,104,111,"antawnjamison"
"187",229,"Al Jefferson\jeffeal01","C",26,"UTA",82,82,2940,11.7,23.7,0.496,0,0,NA,11.7,23.7,0.496,3.9,5.2,0.761,4.2,10,14.2,2.7,0.8,2.7,1.9,4.3,27.4,NA,111,108,"aljefferson"
"188",230,"Richard Jefferson\jefferi01","SF",30,"SAS",81,81,2459,6.4,13.6,0.474,2.9,6.5,0.44,3.6,7.1,0.504,3.1,4.1,0.759,1.1,5.4,6.6,2.3,0.8,0.7,2,3.5,18.8,NA,116,109,"richardjefferson"
"189",232,"Brandon Jennings\jennibr01","PG",21,"MIL",63,61,2169,8.9,22.8,0.39,2.4,7.5,0.323,6.5,15.4,0.422,4.9,6.1,0.809,1,4.7,5.8,7.5,2.3,0.5,3.6,3.2,25.1,NA,100,103,"brandonjennings"
"190",233,"Eugene Jeter\jetereu01","PG",27,"SAC",62,1,858,6.2,15.2,0.409,0.4,1.8,0.2,5.9,13.5,0.437,2.2,2.4,0.902,0.5,3.6,4.1,9.5,1.7,0.1,3,3.2,15,NA,101,111,"eugenejeter"
"191",234,"Yi Jianlian\jianlyi01","PF",23,"WAS",63,11,1112,6.7,16,0.418,0.1,0.6,0.231,6.5,15.4,0.425,2.9,4.2,0.681,3.6,7.8,11.4,1.2,1.2,1.5,2.3,5.3,16.3,NA,95,110,"yijianlian"
"192",235,"Amir Johnson\johnsam01","PF",23,"TOR",72,54,1853,7.8,13.8,0.568,0,0,0,7.8,13.8,0.569,3.5,4.5,0.788,5.3,7.6,12.9,2.3,1.5,2.5,1.9,7.3,19.2,NA,124,110,"amirjohnson"
"193",236,"Armon Johnson\johnsar02","PG",21,"POR",38,0,277,9.1,19.9,0.455,1,2.4,0.417,8.1,17.5,0.461,2.6,4.3,0.591,2.2,4.9,7.1,8.9,1,0.2,7.5,6.1,21.7,NA,89,111,"armonjohnson"
"194",239,"Joe Johnson\johnsjo02","SG",29,"ATL",72,72,2554,10.8,24.4,0.443,1.9,6.3,0.297,8.9,18.1,0.494,4.1,5.1,0.802,1.2,4.9,6.1,7.1,1,0.1,3.1,2.8,27.6,NA,105,110,"joejohnson"
"195",241,"Wesley Johnson\johnswe01","SG",23,"MIN",79,63,2069,6.5,16.4,0.397,2.5,7,0.356,4,9.5,0.427,1.5,2.2,0.696,1.2,4.5,5.8,3.6,1.4,1.3,2.3,3.9,17.1,NA,101,112,"wesleyjohnson"
"196",242,"Dahntay Jones\jonesda02","SG",30,"IND",45,2,589,8.6,18.4,0.467,1.2,3.4,0.359,7.4,15.1,0.491,5.9,7.7,0.767,0.3,5.2,5.6,2.8,1.7,0.6,2.7,6,24.3,NA,107,107,"dahntayjones"
"197",243,"Dominique Jones\jonesdo02","SG",22,"DAL",18,0,135,5.5,17.5,0.311,0,1.6,0,5.5,16,0.341,5.5,6.6,0.824,2.3,7.4,9.7,7.4,1.9,1.2,3.9,2.7,16.4,NA,89,104,"dominiquejones"
"198",244,"James Jones\jonesja02","SF",30,"MIA",81,8,1549,5,11.8,0.422,4.2,9.8,0.429,0.8,2,0.39,2,2.5,0.833,0.8,4.7,5.5,1.5,1,0.6,0.7,4.4,16.2,NA,128,107,"jamesjones"
"199",245,"Solomon Jones\jonesso01","C",26,"IND",39,0,528,4.7,11.6,0.405,0,0.1,0,4.7,11.5,0.408,3.9,6,0.661,4.3,6.5,10.8,2.9,1.2,2.1,3.4,9,13.3,NA,95,106,"solomonjones"
"200",246,"DeAndre Jordan\jordade01","C",22,"LAC",80,66,2047,5.9,8.6,0.686,0,0,0,5.9,8.6,0.688,2.5,5.5,0.452,5.2,9.3,14.5,1.1,1,3.6,2.6,6.4,14.3,NA,116,105,"deandrejordan"
"201",247,"Chris Kaman\kamanch01","C",28,"LAC",32,15,838,10.9,23.2,0.471,0,0,NA,10.9,23.2,0.471,2.7,3.5,0.754,3.1,10.7,13.9,2.8,1,3,3.6,4.6,24.5,NA,97,105,"chriskaman"
"202",248,"Jason Kapono\kaponja01","SF",29,"PHI",24,2,112,3.3,13.1,0.25,0.5,3.7,0.125,2.8,9.3,0.3,0.5,0.9,0.5,1.4,3.7,5.1,1.9,0.9,0.5,0.9,1.9,7.5,NA,68,109,"jasonkapono"
"203",249,"Jason Kidd\kiddja01","PG",37,"DAL",80,80,2653,4.3,11.8,0.361,2.6,7.7,0.34,1.6,4.1,0.4,1.3,1.5,0.87,0.7,6.3,7,13,2.7,0.6,3.5,2.4,12.5,NA,108,104,"jasonkidd"
"204",250,"Andrei Kirilenko\kirilan01","SF",29,"UTA",64,62,1999,6.7,14.3,0.467,0.9,2.6,0.367,5.7,11.7,0.489,5.5,7.1,0.77,2.6,6,8.6,5.1,2.1,2,3.1,3,19.8,NA,112,109,"andreikirilenko"
"205",251,"Linas Kleiza\kleizli01","SF",26,"TOR",39,23,1032,8.9,20.3,0.438,2,6.6,0.298,7,13.8,0.505,2.1,3.3,0.631,1.9,7,8.9,2,1,0.4,3.3,5,21.8,NA,95,114,"linaskleiza"
"206",252,"Kyle Korver\korveky01","SG",29,"CHI",82,0,1649,7.8,17.9,0.434,3.9,9.3,0.415,3.9,8.6,0.455,2.5,2.8,0.885,0.4,4.4,4.8,4,1.1,0.6,1.9,5,21.9,NA,115,104,"kylekorver"
"207",257,"Gani Lawal\lawalga01","PF",22,"PHO",1,0,2,0,0,NA,0,0,NA,0,0,NA,0,0,NA,0,0,0,0,0,0,0,25.4,0,NA,NA,117,"ganilawal"
"208",258,"Ty Lawson\lawsoty01","PG",23,"DEN",80,31,2103,8.3,16.4,0.503,1.6,4.1,0.404,6.6,12.3,0.536,4.1,5.4,0.764,1.6,3.4,5,9,1.9,0.1,3.3,3.2,22.3,NA,118,110,"tylawson"
"209",259,"Courtney Lee\leeco01","SG",25,"HOU",81,1,1723,7.5,17,0.439,2.1,5.1,0.408,5.4,11.9,0.453,2.8,3.5,0.792,1.5,4.7,6.2,3,1.7,0.5,2,3,19.9,NA,108,110,"courtneylee"
"210",260,"David Lee\leeda02","PF",27,"GSW",73,73,2634,9.5,18.8,0.507,0,0.1,0.333,9.5,18.7,0.508,4,5.1,0.787,4.2,9.6,13.7,4.5,1.4,0.6,3.3,4.1,23.1,NA,111,110,"davidlee"
"211",262,"Jeremy Lin\linje01","PG",22,"GSW",29,0,285,5,12.8,0.389,0.2,0.9,0.2,4.8,11.9,0.403,3.4,4.4,0.76,2.1,3.9,6,7.5,5.9,1.6,3.2,5.5,13.5,NA,100,103,"jeremylin"
"212",263,"Shaun Livingston\livinsh01","PG",25,"CHA",73,0,1261,7.9,16.9,0.466,0,0.2,0.25,7.8,16.7,0.468,4.6,5.3,0.864,1.2,5.1,6.3,7,2,1.2,3.7,4.6,20.3,NA,103,108,"shaunlivingston"
"213",264,"Brook Lopez\lopezbr01","C",22,"NJN",82,82,2889,11.9,24.2,0.492,0,0,0,11.9,24.2,0.492,7.1,9,0.787,3.6,5.4,9,2.4,0.9,2.2,3.3,4.4,30.9,NA,108,110,"brooklopez"
"214",265,"Robin Lopez\lopezro01","C",22,"PHO",67,56,991,9.2,18.3,0.501,0,0,NA,9.2,18.3,0.501,3.8,5.1,0.74,4.2,6.9,11.1,0.4,0.9,2.3,2.5,7.3,22.2,NA,105,110,"robinlopez"
"215",266,"Kevin Love\loveke01","PF",22,"MIN",73,73,2611,9.2,19.6,0.47,1.7,4,0.417,7.5,15.5,0.483,8.1,9.5,0.85,6.3,14.9,21.2,3.5,0.9,0.5,3,2.8,28.1,NA,123,108,"kevinlove"
"216",267,"Kyle Lowry\lowryky01","PG",24,"HOU",75,71,2563,6.9,16.1,0.426,2.6,6.8,0.376,4.3,9.3,0.464,3.8,5,0.765,1.8,4.4,6.1,9.9,2,0.5,3.1,4.1,20.1,NA,115,110,"kylelowry"
"217",268,"John Lucas III\lucasjo02","PG",28,"CHI",2,0,10,5.3,15.9,0.333,0,5.3,0,5.3,10.6,0.5,0,10.6,0,0,0,0,5.3,0,0,0,0,10.6,NA,67,110,"johnlucasiii"
"218",269,"Corey Maggette\maggeco01","SF",31,"MIL",67,18,1401,9.7,21.3,0.453,1.1,3,0.359,8.6,18.4,0.468,10.3,12.4,0.834,1.7,7.5,9.2,3.2,0.8,0.2,4.8,6.7,30.7,NA,105,105,"coreymaggette"
"219",270,"Jamaal Magloire\magloja01","C",32,"MIA",18,0,158,4.3,7.4,0.591,0,0,NA,4.3,7.4,0.591,3,6,0.5,5.7,14.7,20.4,1,1.3,0.7,1.7,8.7,11.7,NA,121,99,"jamaalmagloire"
"220",271,"Ian Mahinmi\mahinia01","C",24,"DAL",56,0,488,5.9,10.6,0.561,0,0.2,0,5.9,10.3,0.573,6.8,8.8,0.768,4.6,8.3,12.9,0.9,1.5,1.6,2.7,11.3,18.6,NA,121,103,"ianmahinmi"
"221",272,"Shawn Marion\mariosh01","SF",32,"DAL",80,27,2253,10.1,19.5,0.52,0.1,0.8,0.152,10,18.7,0.536,2.9,3.8,0.768,3.9,8.9,12.9,2.6,1.6,1.2,3,3.4,23.3,NA,107,103,"shawnmarion"
"222",273,"Sean Marks\marksse01","C",35,"POR",29,0,208,5,11.5,0.432,0.5,0.5,1,4.5,11,0.405,1.3,2.1,0.625,4.2,6.3,10.5,1,0.8,1.3,2.9,11.5,11.8,NA,93,109,"seanmarks"
"223",274,"Cartier Martin\martica01","SF",26,"WAS",52,1,542,6.7,17.2,0.39,3.7,9.3,0.394,3,7.8,0.386,2.6,3.8,0.7,1.9,5.1,7,1.7,1.7,0.6,1.5,4.9,19.7,NA,109,112,"cartiermartin"
"224",275,"Kenyon Martin\martike01","PF",33,"DEN",48,48,1233,7.5,14.7,0.511,0.1,0.4,0.222,7.5,14.4,0.518,1.7,2.9,0.583,2.7,9.4,12.1,4.4,1.8,1.4,2.4,5.5,16.9,NA,107,105,"kenyonmartin"
"225",276,"Kevin Martin\martike02","SG",27,"HOU",80,80,2603,10.8,24.8,0.436,3.4,9,0.383,7.4,15.8,0.467,11.6,13.1,0.888,0.5,4.5,5.1,3.9,1.6,0.3,3.6,3,36.7,NA,117,111,"kevinmartin"
"226",277,"Roger Mason\masonro01","SG",30,"NYK",26,0,319,4.1,12.1,0.338,2.5,6.9,0.364,1.6,5.2,0.303,1.1,1.6,0.7,0.8,6,6.8,3.1,0.9,0.3,0.9,3.9,11.8,NA,102,113,"rogermason"
"227",278,"Wesley Matthews\matthwe02","SG",24,"POR",82,69,2758,8.7,19.4,0.449,3,7.5,0.407,5.7,11.9,0.476,5.3,6.2,0.844,1,4.2,5.1,3.2,2,0.2,2.7,3.9,25.7,NA,114,109,"wesleymatthews"
"228",279,"Jason Maxiell\maxieja01","PF",27,"DET",57,14,930,5.4,10.9,0.492,0,0,NA,5.4,10.9,0.492,3,5.7,0.515,3.8,6.2,10,1,1.4,1.2,2.5,5.3,13.7,NA,99,112,"jasonmaxiell"
"229",280,"Eric Maynor\maynoer01","PG",23,"OKC",82,0,1200,5.8,14.4,0.402,1.6,4.1,0.385,4.2,10.2,0.409,1.9,2.5,0.729,1.1,4.1,5.2,10.3,1.5,0.3,3.3,4.1,15,NA,104,110,"ericmaynor"
"230",281,"O.J. Mayo\mayooj01","SG",23,"MEM",71,17,1869,8.5,20.9,0.407,2.7,7.4,0.364,5.8,13.5,0.431,2.8,3.7,0.756,1,3.8,4.8,4.1,2,0.7,2.8,3.5,22.4,NA,101,107,"ojmayo"
"231",282,"Luc Mbah a Moute\mbahalu01","PF",24,"MIL",79,52,2093,5.1,10.9,0.463,0,0.2,0,5.1,10.8,0.47,3.4,4.8,0.707,4.3,6.4,10.7,1.7,1.8,0.7,2,4.6,13.5,NA,107,103,"lucmbahamoute"
"232",283,"Antonio McDyess\mcdyean01","PF",36,"SAS",73,16,1387,6.3,12.9,0.491,0,0,0,6.3,12.9,0.493,1.9,2.9,0.675,4.6,10.2,14.8,3.1,1.3,1.5,2.7,6.1,14.6,NA,106,104,"antoniomcdyess"
"233",284,"JaVale McGee\mcgeeja01","C",23,"WAS",79,75,2193,7.7,14.1,0.55,0,0.1,0,7.7,14,0.552,3.1,5.4,0.583,5.2,9.6,14.8,0.9,1,4.5,2.4,5.4,18.6,NA,111,106,"javalemcgee"
"234",285,"Tracy McGrady*\mcgratr01","SG",31,"DET",72,39,1686,7.2,16.4,0.442,1,2.8,0.341,6.3,13.6,0.462,2.9,4.1,0.698,1.6,6.5,8,8,2.1,1.1,3.3,3.2,18.3,NA,104,110,"tracymcgrady"
"235",286,"Dominic McGuire\mcguido01","SF",25,"CHA",52,8,760,5.1,12.8,0.396,0,0.1,0,5.1,12.7,0.4,2.1,2.7,0.769,4.4,9.6,14,3,0.7,2.3,1.8,6.6,12.3,NA,100,106,"dominicmcguire"
"236",287,"Josh McRoberts\mcrobjo01","PF",23,"IND",72,51,1597,6.7,12.2,0.547,0.7,1.9,0.383,6,10.3,0.577,2.8,3.8,0.739,3.5,8.7,12.1,4.8,1.5,1.8,3,5.2,16.9,NA,116,104,"joshmcroberts"
"237",288,"Jodie Meeks\meeksjo01","SG",23,"PHI",74,64,2062,6.1,14.5,0.425,3.5,8.8,0.397,2.6,5.6,0.468,3.9,4.3,0.894,0.5,3.8,4.3,2,1.6,0.1,1.5,2.5,19.7,NA,116,108,"jodiemeeks"
"238",289,"Pops Mensah-Bonsu\mensapo01","PF",27,"NOH",7,0,35,1.5,4.6,0.333,0,0,NA,1.5,4.6,0.333,0,0,NA,4.6,12.4,17,3.1,0,0,3.1,17,3.1,NA,82,106,"popsmensahbonsu"
"239",290,"C.J. Miles\milescj01","SF",23,"UTA",78,19,1969,9.8,24.1,0.407,2.9,9.1,0.322,6.9,15,0.459,4.3,5.2,0.811,1.4,5.4,6.8,3.6,2,1,2.5,5.9,26.8,NA,103,110,"cjmiles"
"240",291,"Darko Milicic\milicda01","C",25,"MIN",69,69,1686,8,17.1,0.469,0,0,NA,8,17.1,0.469,1.9,3.4,0.557,3.9,6.7,10.6,3.1,1.6,4.1,4.5,6.8,17.9,NA,91,107,"darkomilicic"
"241",292,"Andre Miller\millean02","PG",34,"POR",81,81,2650,8,17.4,0.46,0.1,0.8,0.108,7.9,16.6,0.476,5.1,6,0.853,2,4.2,6.2,11.7,2.3,0.2,4.1,3.5,21.2,NA,111,108,"andremiller"
"242",293,"Brad Miller\millebr01","C",34,"HOU",60,5,1015,6.6,14.9,0.446,2,5.4,0.374,4.6,9.5,0.487,3.9,4.7,0.83,2.2,8.9,11.1,7.3,1.4,1.1,2.7,4.9,19.2,NA,117,108,"bradmiller"
"243",294,"Mike Miller\millemi01","SG",30,"MIA",41,2,838,5.1,12.7,0.401,2.7,7.4,0.364,2.4,5.3,0.452,1.4,2.1,0.676,2.4,9.2,11.6,3.2,1.3,0.1,2.6,5.5,14.4,NA,104,104,"mikemiller"
"244",295,"Patty Mills\millspa02","PG",22,"POR",64,0,783,9.4,22.9,0.412,3.3,9.3,0.353,6.1,13.6,0.451,2.5,3.3,0.766,1.3,2.2,3.6,7.6,1.9,0.1,4.3,4.4,24.6,NA,101,111,"pattymills"
"245",296,"Paul Millsap\millspa01","PF",25,"UTA",76,76,2605,10.6,20,0.531,0.2,0.5,0.391,10.4,19.5,0.535,5.2,6.8,0.757,3.3,8.4,11.7,3.8,2.1,1.4,2.9,5.5,26.6,NA,114,108,"paulmillsap"
"246",297,"Yao Ming*\mingya01","C",30,"HOU",5,5,91,10.1,20.7,0.486,0,0,NA,10.1,20.7,0.486,8.4,9,0.938,3.9,11.2,15.1,2.2,0,4.5,3.9,7.3,28.6,NA,111,105,"yaoming"
"247",299,"Greg Monroe\monrogr01","C",20,"DET",80,48,2222,7.3,13.3,0.551,0,0,0,7.3,13.3,0.552,3.5,5.6,0.622,6,8.6,14.6,2.5,2.3,1.1,2,4.7,18.2,NA,120,109,"gregmonroe"
"248",301,"Anthony Morrow\morroan01","SG",25,"NJN",58,47,1856,8,17.8,0.45,3.2,7.5,0.423,4.9,10.4,0.469,2.8,3.1,0.897,1.1,3.9,4.9,2,0.5,0.2,1.6,3.9,22,NA,113,114,"anthonymorrow"
"249",303,"Byron Mullens\mulleby01","PF",21,"OKC",13,0,85,5.5,17.1,0.321,0,0,NA,5.5,17.1,0.321,4.3,8.5,0.5,3.7,11,14.6,0,1.2,1.8,4.9,6.7,15.2,NA,71,105,"byronmullens"
"250",305,"Hamady N'Diaye\ndiayha01","C",24,"WAS",16,0,80,2.6,3.2,0.8,0,0,NA,2.6,3.2,0.8,3.8,7.7,0.5,1.3,3.2,4.5,0,1.3,3.2,1.9,11.5,9,NA,107,111,"hamadyndiaye"
"251",306,"Eduardo Najera\najered01","PF",34,"CHA",31,0,372,3.7,10.4,0.361,1.6,4.9,0.324,2.2,5.5,0.395,0.9,1.6,0.545,2,4.3,6.3,2.9,1.6,0.9,1.9,7.5,9.9,NA,93,109,"eduardonajera"
"252",307,"Steve Nash\nashst01","PG",36,"PHO",75,75,2497,8.1,16.5,0.492,1.6,4.2,0.395,6.5,12.3,0.525,4.6,5.1,0.912,0.8,4.5,5.3,17.4,1,0.1,5.4,1.8,22.5,NA,118,114,"stevenash"
"253",308,"Gary Neal\nealga01","SG",26,"SAS",80,1,1685,8.8,19.5,0.451,4,9.5,0.419,4.8,10,0.481,2.6,3.2,0.808,0.6,5.4,6,3,0.8,0.1,2.4,4.6,24.2,NA,110,109,"garyneal"
"254",309,"Jameer Nelson\nelsoja01","PG",28,"ORL",76,76,2319,8.5,19,0.446,2.7,6.7,0.401,5.8,12.3,0.471,2.9,3.7,0.802,0.8,4.3,5.1,10.3,1.7,0.1,4.4,4.7,22.6,NA,109,104,"jameernelson"
"255",310,"Joakim Noah\noahjo01","C",25,"CHI",48,48,1576,7.1,13.6,0.525,0,0,0,7.1,13.5,0.526,4.7,6.3,0.739,6.1,10.7,16.8,3.6,1.6,2.4,3,5.3,18.9,NA,117,97,"joakimnoah"
"256",311,"Andres Nocioni\nocioan01","SF",31,"PHI",54,17,931,6.6,15.6,0.426,2.4,6.6,0.356,4.3,8.9,0.478,2.8,3.4,0.803,1.1,8.4,9.5,2.5,0.8,0.8,2.6,5.6,18.4,NA,101,106,"andresnocioni"
"257",313,"Dirk Nowitzki\nowitdi01","PF",32,"DAL",73,73,2504,12.8,24.8,0.517,1.4,3.5,0.393,11.4,21.2,0.538,8.3,9.3,0.892,1,9.7,10.8,4,0.8,1,2.9,3.6,35.3,NA,118,105,"dirknowitzki"
"258",314,"Jermaine O'Neal\onealje01","C",32,"BOS",24,10,431,6.2,13.4,0.459,0,0.1,0,6.2,13.3,0.463,3.6,5.3,0.674,3.1,7.8,10.8,1.5,0.2,3.7,3.3,8,15.9,NA,93,100,"jermaineoneal"
"259",315,"Shaquille O'Neal*\onealsh01","C",38,"BOS",37,36,752,9.5,14.2,0.667,0,0,NA,9.5,14.2,0.667,5.2,9.3,0.557,3.4,9.2,12.6,1.8,1.1,3,4,8.5,24.1,NA,111,98,"shaquilleoneal"
"260",316,"Fabricio Oberto\obertfa01","C",35,"POR",5,0,45,3.6,6.1,0.6,0,0,NA,3.6,6.1,0.6,1.2,2.4,0.5,3.6,4.9,8.5,0,0,0,3.6,12.1,8.5,NA,88,113,"fabriciooberto"
"261",317,"Lamar Odom\odomla01","PF",31,"LAL",82,35,2639,9.5,17.9,0.53,1.4,3.6,0.382,8.1,14.3,0.566,3.3,4.9,0.675,3.5,10.7,14.2,5,0.9,1.2,2.8,4,23.7,NA,118,103,"lamarodom"
"262",318,"Emeka Okafor\okafoem01","C",28,"NOH",72,72,2287,7.1,12.4,0.573,0,0,0,7.1,12.4,0.574,3.4,6.1,0.562,5.4,10.7,16.2,1,0.9,3,2.8,5.4,17.6,NA,111,102,"emekaokafor"
"263",319,"Mehmet Okur\okurme01","C",31,"UTA",13,0,168,6.9,19.5,0.355,1.6,5,0.313,5.3,14.4,0.37,4.7,6.3,0.75,2.8,6.6,9.4,6,1.3,1.3,2.2,5.6,20.1,NA,102,111,"mehmetokur"
"264",320,"Travis Outlaw\outlatr01","SF",26,"NJN",82,55,2358,6.2,16.6,0.375,1.7,5.7,0.302,4.5,10.8,0.413,3,3.9,0.772,1.2,6.1,7.4,1.9,0.8,0.8,1.6,3.4,17.1,NA,97,112,"travisoutlaw"
"265",322,"Zaza Pachulia\pachuza01","C",26,"ATL",79,7,1244,4.6,10,0.461,0,0,NA,4.6,10,0.461,5.8,7.7,0.754,5.1,9.2,14.4,2.5,1.5,1,3,7.9,15.1,NA,111,105,"zazapachulia"
"266",323,"Anthony Parker\parkean01","SF",35,"CLE",72,65,2091,5.4,13.6,0.399,2.1,5.6,0.379,3.3,8,0.412,1.8,2.3,0.779,0.8,4.6,5.4,5.4,1.7,0.2,2,2.7,14.8,NA,103,113,"anthonyparker"
"267",324,"Tony Parker\parketo01","PG",28,"SAS",78,78,2528,11.4,22,0.519,0.5,1.4,0.357,10.9,20.5,0.531,4.8,6.2,0.769,0.6,4.3,4.9,10.6,1.9,0.1,4.1,2.8,28.1,NA,113,108,"tonyparker"
"268",325,"Patrick Patterson\pattepa01","PF",21,"HOU",52,6,868,8.7,15.7,0.558,0,0.1,0,8.7,15.6,0.562,1.8,2.5,0.714,5,6.7,11.7,2.4,1,2.2,1.8,4.5,19.3,NA,118,109,"patrickpatterson"
"269",326,"Chris Paul\paulch01","PG",25,"NOH",80,80,2880,8.1,17.4,0.463,1.3,3.4,0.388,6.7,14,0.482,6.3,7.2,0.878,0.7,5.4,6.1,14.7,3.5,0.1,3.3,3.7,23.8,NA,122,103,"chrispaul"
"270",328,"Nikola Pekovic\pekovni01","C",25,"MIN",65,11,887,7.6,14.8,0.517,0,0,NA,7.6,14.8,0.517,4.9,6.4,0.763,5,5.8,10.8,1.5,1,2,5.1,10.2,20.1,NA,100,111,"nikolapekovic"
"271",330,"Morris Peterson\petermo01","SG",33,"OKC",4,0,23,4.5,11.3,0.4,0,2.3,0,4.5,9,0.5,0,0,NA,0,6.8,6.8,2.3,0,0,0,11.3,9,NA,95,112,"morrispeterson"
"272",331,"Johan Petro\petrojo01","C",25,"NJN",77,1,893,7.7,17.3,0.445,0,0.2,0,7.7,17.1,0.451,0.9,1.7,0.536,3.7,9,12.7,2.6,2,2,2.8,10.6,16.3,NA,92,105,"johanpetro"
"273",332,"Paul Pierce\piercpa01","SF",33,"BOS",80,80,2774,9.7,19.5,0.497,2.1,5.7,0.374,7.6,13.9,0.547,7.4,8.6,0.86,0.7,7.6,8.2,5,1.5,1,3.3,4.4,28.9,NA,116,101,"paulpierce"
"274",334,"Dexter Pittman\pittmde01","C",22,"MIA",2,0,11,4.8,14.4,0.333,0,0,NA,4.8,14.4,0.333,0,0,NA,4.8,9.6,14.4,0,0,0,9.6,9.6,9.6,NA,52,106,"dexterpittman"
"275",335,"Quincy Pondexter\pondequ01","SF",22,"NOH",66,6,734,5.4,13.3,0.406,1.3,3.7,0.36,4.1,9.6,0.423,1.8,2.5,0.706,1.7,4.8,6.5,2.1,1.3,0.7,1.2,4.6,13.9,NA,102,108,"quincypondexter"
"276",336,"James Posey\poseyja01","SF",34,"IND",49,0,839,4.9,14.6,0.336,4,12.8,0.316,0.8,1.8,0.483,0.7,0.9,0.733,0.6,8.3,8.9,2.1,1.4,0.4,1.4,6.2,14.5,NA,98,106,"jamesposey"
"277",338,"Josh Powell\poweljo01","PF",28,"ATL",54,0,653,7.7,17.1,0.452,0,0.1,0,7.7,17,0.454,3,3.7,0.8,4,7.1,11.1,1.8,0.4,0.4,4.4,6.4,18.4,NA,90,110,"joshpowell"
"278",339,"A.J. Price\priceaj01","PG",24,"IND",50,0,795,7.3,20.4,0.356,2.6,9.5,0.275,4.7,10.9,0.427,3.4,5.2,0.667,1,3.6,4.6,7.1,1.8,0.1,3.4,3.9,20.6,NA,95,109,"ajprice"
"279",340,"Ronnie Price\pricero01","SG",27,"UTA",59,0,717,5.4,15.4,0.352,1.5,5.1,0.29,4,10.4,0.383,2.1,2.9,0.744,1.6,2.9,4.5,4.1,3.1,0.4,4,7.8,14.5,NA,84,110,"ronnieprice"
"280",341,"Tayshaun Prince\princta01","SF",30,"DET",78,78,2562,9.9,21,0.473,0.7,2.1,0.347,9.2,19,0.486,2.5,3.5,0.702,1.6,5.3,6.9,4.5,0.6,0.9,1.7,1.9,23.1,NA,108,115,"tayshaunprince"
"281",343,"Chris Quinn\quinnch01","PG",27,"SAS",41,0,292,5.9,16.2,0.363,2,6.6,0.297,3.9,9.6,0.407,0.7,1.4,0.5,0.5,3.9,4.5,7.5,0.9,0.2,2.1,5.2,14.4,NA,97,110,"chrisquinn"
"282",344,"Vladimir Radmanovic\radmavl01","PF",30,"GSW",74,6,1169,5.9,13.8,0.431,3,7.5,0.405,2.9,6.3,0.462,1.3,1.5,0.882,2.8,6.4,9.2,3.4,1.9,1.9,2.5,6.8,16.2,NA,110,110,"vladimirradmanovic"
"283",346,"Zach Randolph\randoza01","PF",29,"MEM",75,74,2724,11.5,22.8,0.503,0.2,0.8,0.186,11.3,22,0.515,5.8,7.6,0.758,6.3,11.3,17.5,3.1,1.2,0.5,2.9,3.4,28.8,NA,115,105,"zachrandolph"
"284",347,"Theo Ratliff\ratlith01","C",37,"LAL",10,0,71,0.7,4.5,0.167,0,0,NA,0.7,4.5,0.167,0,1.5,0,4.5,5.2,9.7,2.2,1.5,3.7,2.2,5.2,1.5,NA,67,103,"theoratliff"
"285",348,"Andy Rautins\rautian01","SG",24,"NYK",5,0,24,6.3,14.6,0.429,2.1,8.4,0.25,4.2,6.3,0.667,2.1,4.2,0.5,0,2.1,2.1,6.3,2.1,0,14.6,0,16.7,NA,60,113,"andyrautins"
"286",349,"Michael Redd\reddmi01","SG",31,"MIL",10,0,134,7.2,18,0.4,1.6,6.8,0.235,5.6,11.2,0.5,1.6,1.6,1,0,3.2,3.2,4.8,0.8,0.4,1.6,1.6,17.6,NA,99,108,"michaelredd"
"287",350,"J.J. Redick\redicjj01","SG",26,"ORL",59,5,1513,6.9,15.5,0.441,3,7.6,0.397,3.8,7.9,0.482,3.9,4.5,0.875,0.2,3.7,3.9,3.5,1,0.1,1.8,2.8,20.6,NA,117,106,"jjredick"
"288",352,"Quentin Richardson\richaqu01","SF",30,"ORL",57,19,955,4.8,14,0.341,2.3,8,0.288,2.5,6,0.413,1.8,2.4,0.75,2.1,7.7,9.8,2.1,1.4,0.3,1.8,4.1,13.7,NA,97,103,"quentinrichardson"
"289",353,"Luke Ridnour\ridnolu01","PG",29,"MIN",71,66,2159,7.4,15.7,0.468,1.9,4.2,0.44,5.5,11.5,0.479,2.8,3.2,0.883,0.9,3.7,4.6,8.9,2.1,0.2,3.6,3.4,19.4,NA,112,113,"lukeridnour"
"290",355,"Rajon Rondo\rondora01","PG",24,"BOS",68,68,2527,6.7,14.1,0.475,0.2,0.9,0.233,6.5,13.2,0.491,1.6,2.8,0.568,1.8,4.4,6.2,16,3.2,0.2,4.9,2.5,15.2,NA,104,100,"rajonrondo"
"291",356,"Derrick Rose\rosede01","PG",22,"CHI",81,81,3026,12.5,28,0.445,2.2,6.8,0.332,10.2,21.3,0.481,8.4,9.7,0.858,1.4,4.4,5.8,10.9,1.5,0.9,4.9,2.4,35.6,NA,113,103,"derrickrose"
"292",357,"Quinton Ross\rossqu01","SF",29,"NJN",36,4,353,3.9,8.9,0.441,0,0.5,0,3.9,8.5,0.464,0.8,2.1,0.357,1.5,3,4.5,1.5,0.5,0.9,1.1,6.1,8.6,NA,92,114,"quintonross"
"293",358,"Brandon Roy\roybr01","SG",26,"POR",47,23,1310,8.7,21.8,0.4,1.6,4.8,0.333,7.1,17,0.418,4.9,5.8,0.848,1.2,3.9,5,5.4,1.5,0.5,2.3,3.2,23.9,NA,105,110,"brandonroy"
"294",359,"Brandon Rush\rushbr01","SG",25,"IND",67,21,1754,6.3,14.9,0.421,2.7,6.4,0.417,3.6,8.4,0.425,2.3,3.1,0.755,1,5.3,6.3,1.8,1.2,1,2,3.1,17.5,NA,104,108,"brandonrush"
"295",360,"John Salmons\salmojo01","SG",31,"MIL",73,70,2554,7.8,18.8,0.415,1.7,4.6,0.379,6.1,14.2,0.427,4.1,5,0.813,0.6,5,5.6,5.3,1.5,0.6,2.9,3.3,21.4,NA,101,105,"johnsalmons"
"296",361,"Samardo Samuels\samuesa01","PF",22,"CLE",37,10,701,8.1,17.7,0.456,0,0.2,0,8.1,17.5,0.462,5,8.1,0.618,5.5,6.1,11.6,1.3,1.1,1.3,3.9,6.5,21.2,NA,96,112,"samardosamuels"
"297",362,"Larry Sanders\sandela01","C",22,"MIL",60,12,872,7.1,16.4,0.433,0,0,NA,7.1,16.4,0.433,1.7,3.1,0.56,3.6,7.3,10.9,1,1.3,4.4,2.3,7.2,15.9,NA,91,99,"larrysanders"
"298",363,"Brian Scalabrine\scalabr01","PF",32,"CHI",18,0,88,6,11.5,0.526,0,3,0,6,8.5,0.714,0,0,NA,0.6,4.2,4.8,3.6,1.8,2.4,3,10.9,12.1,NA,93,100,"brianscalabrine"
"299",364,"Luis Scola\scolalu01","PF",30,"HOU",74,74,2412,12,23.9,0.504,0,0.1,0,12,23.8,0.505,4.5,6.1,0.738,3.1,9.7,12.8,3.9,1,0.9,3.1,4.8,28.6,NA,108,108,"luisscola"
"300",365,"Thabo Sefolosha\sefolth01","SG",26,"OKC",79,79,2049,4,8.4,0.471,0.7,2.6,0.275,3.3,5.8,0.558,1.5,2,0.747,1.6,7.1,8.7,2.8,2.5,1,1.4,4.3,10.1,NA,112,106,"thabosefolosha"
"301",366,"Kevin Seraphin\serapke01","PF",21,"WAS",58,1,635,5.3,11.8,0.449,0,0,NA,5.3,11.8,0.449,1.8,2.5,0.71,6.4,5.8,12.2,0.8,1.4,2.3,3.4,10.2,12.4,NA,95,110,"kevinseraphin"
"302",367,"Ramon Sessions\sessira01","PG",24,"CLE",81,38,2133,8.8,18.8,0.466,0.1,0.4,0.2,8.7,18.4,0.472,8.4,10.2,0.823,1.1,5.1,6.2,10.1,1.5,0.2,4.3,2.2,26,NA,110,114,"ramonsessions"
"303",368,"Mustafa Shakur\shakumu01","PG",26,"WAS",22,0,159,6.8,19,0.356,0.3,3.2,0.1,6.4,15.8,0.408,2.6,4.8,0.533,2.3,4.8,7.1,8,1.6,1,5.8,4.8,16.4,NA,79,112,"mustafashakur"
"304",369,"Garret Siler\silerga01","C",24,"PHO",21,0,101,8.6,15.6,0.548,0,0,NA,8.6,15.6,0.548,5.5,11.1,0.5,8.1,6,14.1,1.5,0.5,2,5,10.1,22.7,NA,103,111,"garretsiler"
"305",370,"Bobby Simmons\simmobo01","SF",30,"SAS",2,0,16,0,9.8,0,0,9.8,0,0,0,NA,0,0,NA,0,0,0,6.5,0,0,0,6.5,0,NA,40,114,"bobbysimmons"
"306",371,"Brian Skinner\skinnbr01","C",34,"MIL",2,0,6,0,0,NA,0,0,NA,0,0,NA,0,0,NA,0,0,0,0,0,0,0,0,0,NA,NA,112,"brianskinner"
"307",372,"Craig Smith\smithcr01","PF",27,"LAC",48,0,586,9.2,16.6,0.553,0,0.4,0,9.2,16.1,0.568,4.4,6,0.735,3.8,6.5,10.3,2.7,1.4,0.6,2.9,7.4,22.8,NA,114,109,"craigsmith"
"308",374,"J.R. Smith\smithjr01","SF",25,"DEN",79,6,1968,8.7,20,0.435,3.2,8.1,0.39,5.5,11.9,0.466,4.2,5.6,0.738,1.1,7.1,8.2,4.5,2.3,0.4,2.6,4.4,24.7,NA,109,106,"jrsmith"
"309",375,"Jason Smith\smithja02","C",24,"NOH",77,6,1102,6.7,15.1,0.443,0,0.1,0,6.7,15,0.446,2.9,3.4,0.843,4.4,7.5,11.8,1.8,1.3,1.6,2.6,7.4,16.3,NA,100,105,"jasonsmith"
"310",377,"Josh Smith\smithjo03","PF",25,"ATL",77,77,2645,10.1,21.1,0.477,1,3.1,0.331,9.1,18,0.503,4.7,6.4,0.725,2.7,10.6,13.3,5.2,2,2.4,4,4.4,25.9,NA,104,102,"joshsmith"
"311",378,"Darius Songaila\songada01","C",32,"PHI",10,0,71,5.2,11.1,0.467,0,0,NA,5.2,11.1,0.467,1.5,2.9,0.5,1.5,5.9,7.4,1.5,0,0,2.9,11.8,11.8,NA,85,110,"dariussongaila"
"312",379,"Marreese Speights\speigma01","C",23,"PHI",64,1,734,10.3,20.8,0.495,0.1,0.3,0.25,10.2,20.5,0.498,3.9,5.2,0.753,4.6,10.4,15,2.1,0.6,1.4,2.9,8.6,24.5,NA,105,104,"marreesespeights"
"313",380,"Tiago Splitter\splitti01","C",26,"SAS",60,6,738,7.1,13.5,0.529,0,0.1,0,7.1,13.4,0.532,5.4,9.9,0.543,5.1,9.1,14.2,1.8,2,1.2,2.3,6.4,19.6,NA,113,103,"tiagosplitter"
"314",381,"Jerry Stackhouse\stackje01","SG",36,"MIA",7,1,50,3.2,12.7,0.25,1.1,4.2,0.25,2.1,8.4,0.25,5.3,7.4,0.714,1.1,6.3,7.4,3.2,0,2.1,2.1,3.2,12.7,NA,88,106,"jerrystackhouse"
"315",382,"Lance Stephenson\stephla01","SG",20,"IND",12,0,115,5.7,17.2,0.333,0,2.2,0,5.7,15,0.382,4.8,6.2,0.786,0.4,7.5,7.9,9.3,1.8,0,7.1,6.2,16.3,NA,78,106,"lancestephenson"
"316",383,"DeShawn Stevenson\stevede01","SG",29,"DAL",72,54,1158,5.8,15,0.388,4.3,11.3,0.378,1.5,3.7,0.42,1.5,2,0.767,0.9,3.9,4.8,3.5,1,0.2,2,3.2,17.4,NA,106,109,"deshawnstevenson"
"317",385,"Amar'e Stoudemire\stoudam01","C",28,"NYK",78,78,2870,13,25.9,0.502,0.2,0.4,0.435,12.8,25.5,0.503,8.3,10.4,0.792,3.5,7.7,11.1,3.5,1.2,2.6,4.4,4.8,34.5,NA,109,108,"amarestoudemire"
"318",386,"Rodney Stuckey\stuckro01","PG",24,"DET",70,54,2183,9,20.4,0.439,0.6,2.2,0.289,8.3,18.2,0.457,8.1,9.4,0.866,1.7,3.6,5.3,8.9,1.9,0.2,3.8,4.4,26.7,NA,112,114,"rodneystuckey"
"319",387,"DaJuan Summers\summeda01","SF",23,"DET",22,1,199,7.6,18.7,0.406,2.4,5.7,0.429,5.1,13,0.396,2.4,5.4,0.45,0.5,2.7,3.2,0.5,0.8,0.3,3.5,5.7,20,NA,84,116,"dajuansummers"
"320",388,"Pape Sy\sypa01","SF",22,"ATL",3,0,21,5.1,15.4,0.333,0,2.6,0,5.1,12.8,0.4,7.7,7.7,1,5.1,2.6,7.7,5.1,2.6,0,7.7,2.6,17.9,NA,86,108,"papesy"
"321",390,"Jeff Teague\teaguje01","PG",22,"ATL",70,7,963,7.4,17,0.438,1,2.7,0.375,6.4,14.3,0.449,4.3,5.4,0.794,0.6,5.1,5.7,7.7,2.5,1.4,3.6,4.6,20.1,NA,102,105,"jeffteague"
"322",391,"Sebastian Telfair\telfase01","PG",25,"MIN",37,8,711,6.8,16.9,0.402,2,5.5,0.359,4.8,11.4,0.423,3.1,4.2,0.733,1.2,2.6,3.8,7.8,1.7,0.2,4.5,4.5,18.6,NA,98,114,"sebastiantelfair"
"323",393,"Jason Terry\terryja01","SG",33,"DAL",82,10,2564,10.1,22.4,0.451,2.6,7.2,0.362,7.5,15.2,0.493,3.7,4.4,0.85,0.5,2.6,3.1,6.8,1.9,0.3,3.4,2.9,26.5,NA,106,108,"jasonterry"
"324",395,"Etan Thomas\thomaet01","C",32,"ATL",13,0,82,6.6,13.8,0.476,0,0,NA,6.6,13.8,0.476,7.9,9.8,0.8,3.9,11.1,15.1,1.3,0.7,2.6,3.3,7.2,21,NA,110,104,"etanthomas"
"325",396,"Kurt Thomas\thomaku01","PF",38,"CHI",52,37,1178,4.3,8.4,0.511,0,0,1,4.2,8.3,0.508,0.9,1.4,0.625,3.4,10.2,13.6,2.7,1.4,1.9,1.9,7.4,9.5,NA,108,98,"kurtthomas"
"326",397,"Tyrus Thomas\thomaty01","C",24,"CHA",41,2,861,9.7,20.6,0.471,0,0.2,0,9.7,20.4,0.476,6.7,8.5,0.787,4,9.9,13.9,1.8,1.9,4.1,4,7,26.1,NA,102,102,"tyrusthomas"
"327",398,"Jason Thompson\thompja02","PF",24,"SAC",75,39,1748,7.8,15.4,0.507,0,0.1,0,7.8,15.3,0.51,3.5,5.8,0.605,4.2,8.9,13.1,2.5,0.8,1.3,2.9,6.1,19.1,NA,106,109,"jasonthompson"
"328",401,"Anthony Tolliver\tollian01","SF",25,"MIN",65,4,1362,5.2,11.4,0.45,1.7,4.2,0.409,3.4,7.2,0.475,3.8,4.8,0.802,3.4,7.4,10.8,3,1,1,1.8,5.3,15.9,NA,122,112,"anthonytolliver"
"329",402,"Ronny Turiaf\turiaro01","C",28,"NYK",64,21,1141,4.5,7.2,0.632,0,0,NA,4.5,7.2,0.632,2.7,4.3,0.622,2.8,6.3,9.1,4,1.5,3.2,1.8,7,11.8,NA,127,108,"ronnyturiaf"
"330",404,"Evan Turner\turneev01","SG",22,"PHI",78,14,1797,6.6,15.4,0.425,0.4,1.3,0.318,6.1,14.1,0.435,2.9,3.6,0.808,1.2,7.7,8.9,4.6,1.4,0.4,2.3,4,16.5,NA,99,106,"evanturner"
"331",405,"Ekpe Udoh\udohek01","C",23,"GSW",58,18,1030,4.8,10.9,0.437,0,0,NA,4.8,10.9,0.437,2.1,3.1,0.656,3.9,5,8.9,2,1.1,4.2,2.4,7.1,11.6,NA,98,110,"ekpeudoh"
"332",406,"Ime Udoka\udokaim01","SF",33,"SAS",20,0,130,2,8.4,0.238,0,3.2,0,2,5.2,0.385,1.6,3.2,0.5,2,5.6,7.6,5.2,3.2,0.4,2,5.6,5.6,NA,80,104,"imeudoka"
"333",407,"Beno Udrih\udrihbe01","PG",28,"SAC",79,64,2734,7.6,15.2,0.5,1.2,3.4,0.357,6.4,11.8,0.54,3.6,4.2,0.864,0.8,4.1,4.9,7.1,1.7,0.2,2.6,3.3,20,NA,118,111,"benoudrih"
"334",408,"Ben Uzoh\uzohbe01","PG",22,"NJN",42,0,438,7.4,17.6,0.424,0.4,1,0.375,7.1,16.6,0.426,4,6.8,0.589,3.7,3.8,7.4,8.4,1.6,1,3,3.5,19.3,NA,103,111,"benuzoh"
"335",409,"Anderson Varejao\varejan01","C",28,"CLE",31,31,994,5.9,11.2,0.528,0,0.1,0,5.9,11.1,0.533,2.8,4.2,0.667,5.1,10.5,15.6,2.3,1.4,2,2.1,4.5,14.6,NA,114,108,"andersonvarejao"
"336",410,"Greivis Vasquez\vasqugr01","SG",24,"MEM",70,1,860,5.8,14.2,0.408,1.5,5.2,0.291,4.3,8.9,0.476,2.1,2.7,0.773,0.7,3.7,4.4,9.2,1.3,0.2,4.3,5,15.1,NA,97,109,"greivisvasquez"
"337",411,"Charlie Villanueva\villach01","PF",26,"DET",76,11,1666,10.1,22.9,0.442,4,10.4,0.387,6.1,12.4,0.488,2.9,3.7,0.767,1.6,7.9,9.5,1.6,1.4,1.4,2.1,5.7,27.1,NA,109,111,"charlievillanueva"
"338",413,"Dwyane Wade\wadedw01","SG",29,"MIA",76,76,2823,12.9,25.9,0.5,1.2,3.9,0.306,11.8,22,0.534,9.2,12.2,0.758,2.3,6.8,9.1,6.5,2.1,1.6,4.4,3.7,36.3,NA,114,102,"dwyanewade"
"339",414,"Von Wafer\wafervo01","SG",25,"BOS",58,2,553,6.4,15.3,0.421,1.7,6.4,0.269,4.7,8.8,0.533,3.1,3.6,0.842,0.7,4,4.7,3.4,1.7,0.5,1.9,3.7,17.7,NA,102,103,"vonwafer"
"340",415,"Henry Walker\walkebi01","SG",23,"NYK",61,1,784,6.7,15.1,0.441,3.8,9.8,0.386,2.9,5.3,0.542,2,2.8,0.705,1,6.8,7.8,2.2,1.3,0.4,2.4,5.2,19.1,NA,108,111,"henrywalker"
"341",416,"John Wall\walljo01","PG",20,"WAS",69,64,2606,7.8,19.1,0.409,0.7,2.3,0.296,7.1,16.8,0.425,5.9,7.7,0.766,0.7,5.5,6.2,11.3,2.4,0.7,5.1,3.4,22.2,NA,100,110,"johnwall"
"342",417,"Ben Wallace\wallabe01","C",36,"DET",54,49,1238,2.9,6.5,0.45,0,0.1,0.5,2.9,6.4,0.449,0.8,2.5,0.333,5.6,9.6,15.2,3.1,2.3,2.3,1.9,3.5,6.7,NA,105,107,"benwallace"
"343",419,"Luke Walton\waltolu01","SF",30,"LAL",54,0,484,4.2,12.7,0.328,0.9,3.7,0.235,3.3,9,0.366,0.8,1.1,0.7,1,6.3,7.3,6.8,1,0.4,3.4,4.2,9.9,NA,83,107,"lukewalton"
"344",420,"Willie Warren\warrewi01","PG",21,"LAC",19,0,134,5,13.5,0.371,1.9,5.8,0.333,3.1,7.7,0.4,2.3,3.1,0.75,0.4,4.2,4.6,10.4,2.3,0,3.1,6.2,14.3,NA,105,110,"williewarren"
"345",421,"Hakim Warrick\warriha01","PF",28,"PHO",80,6,1416,8.2,16,0.511,0,0.4,0.091,8.2,15.6,0.522,7.6,10.6,0.721,3.2,7.5,10.6,2.5,1.1,0.3,2.8,3.6,24,NA,113,111,"hakimwarrick"
"346",422,"C.J. Watson\watsocj01","PG",26,"CHI",82,1,1091,7.1,19.2,0.371,2.1,5.5,0.393,5,13.7,0.362,3.4,4.5,0.742,0.8,3.8,4.6,9.1,2.7,0.5,3.6,4,19.7,NA,100,101,"cjwatson"
"347",423,"Earl Watson\watsoea01","PG",31,"UTA",80,13,1567,4.2,10.3,0.41,1.2,3.6,0.336,3,6.7,0.45,1.9,2.8,0.671,1.7,4.4,6.1,9.4,2.1,0.6,3.9,4.9,11.5,NA,100,112,"earlwatson"
"348",424,"Kyle Weaver\weaveky01","SG",24,"UTA",5,0,69,6.9,19.1,0.36,2.3,5.3,0.429,4.6,13.8,0.333,5.3,6.1,0.875,1.5,6.1,7.6,5.3,1.5,1.5,5.3,2.3,21.4,NA,92,111,"kyleweaver"
"349",425,"Martell Webster\webstma02","SF",24,"MIN",46,1,1094,6.9,15.5,0.447,2.5,6,0.417,4.4,9.5,0.466,4.3,5.5,0.77,1.6,5,6.7,2.4,1.3,0.4,2.6,4.6,20.6,NA,111,113,"martellwebster"
"350",426,"Sonny Weems\weemsso01","SF",24,"TOR",59,28,1413,8.3,18.8,0.444,0.6,2.2,0.279,7.7,16.5,0.467,2.6,3.4,0.766,1.4,4.2,5.6,3.8,1.2,0.1,3.1,3.2,19.9,NA,96,116,"sonnyweems"
"351",427,"David West\westda01","PF",30,"NOH",70,70,2451,11.7,23,0.508,0,0.2,0.222,11.6,22.8,0.51,5.8,7.2,0.807,3.4,8.3,11.7,3.6,1.5,1.4,3.1,4.5,29.2,NA,111,104,"davidwest"
"352",428,"Delonte West\westde01","PG",27,"BOS",24,2,453,6.4,14.1,0.458,1.4,3.9,0.364,5,10.2,0.494,1.5,1.8,0.867,0.7,3.6,4.3,7.5,2.3,1.2,3.5,3.4,15.8,NA,100,101,"delontewest"
"353",429,"Mario West\westma02","SG",26,"NJN",6,3,116,4.1,9.7,0.429,0.5,1.8,0.25,3.7,7.8,0.471,1.4,2.3,0.6,0.9,4.1,5.1,4.6,3.2,0,0.9,6,10.1,NA,107,108,"mariowest"
"354",430,"Russell Westbrook\westbru01","PG",22,"OKC",82,82,2847,11.2,25.3,0.442,0.6,1.9,0.33,10.5,23.4,0.451,9.7,11.5,0.842,2.2,4.7,6.9,12.2,2.8,0.5,5.7,3.8,32.6,NA,110,107,"russellwestbrook"
"355",432,"Hassan Whiteside\whiteha01","C",21,"SAC",1,0,2,0,0,NA,0,0,NA,0,0,NA,0,0,NA,0,0,0,0,0,0,0,50.4,0,NA,NA,115,"hassanwhiteside"
"356",433,"Chris Wilcox\wilcoch01","PF",28,"DET",57,29,995,10.1,17.4,0.581,0,0.1,0,10.1,17.4,0.583,2.7,4.8,0.562,5.1,9.5,14.7,2.3,1.6,0.9,2.3,7.8,22.9,NA,116,110,"chriswilcox"
"357",434,"Damien Wilkins\wilkida02","SF",31,"ATL",52,0,676,5.5,10.9,0.504,0.2,0.8,0.2,5.3,10.1,0.528,3.2,4.5,0.714,1.8,5.3,7.2,3.3,2.1,0.7,1.7,5.7,14.3,NA,112,107,"damienwilkins"
"358",437,"Jawad Williams\willija04","SF",27,"CLE",26,1,391,5.4,16.6,0.325,1.7,5.9,0.289,3.7,10.7,0.346,1.2,1.6,0.75,0.9,5.4,6.3,2.9,1.2,0.4,2.1,4.5,13.7,NA,82,114,"jawadwilliams"
"359",438,"Lou Williams\willilo02","SG",24,"PHI",75,0,1747,9.7,23.8,0.406,2.6,7.6,0.348,7,16.2,0.434,8.8,10.7,0.823,1,3.5,4.5,7.6,1.4,0.5,3.1,3.8,30.8,NA,111,108,"louwilliams"
"360",439,"Marvin Williams\willima02","SF",24,"ATL",65,52,1865,7.1,15.5,0.458,1.1,3.2,0.336,6,12.3,0.489,4.2,5,0.845,2,7.1,9,2.5,1,0.7,1.8,3,19.5,NA,111,108,"marvinwilliams"
"361",441,"Reggie Williams\willire02","SF",24,"GSW",80,9,1626,8.3,17.8,0.469,3.2,7.5,0.423,5.2,10.3,0.502,3.1,4.2,0.746,1.4,5.3,6.7,3.8,0.9,0.1,1.8,3.9,23,NA,118,114,"reggiewilliams"
"362",442,"Shawne Williams\willish03","PF",24,"NYK",64,11,1323,6.2,14.6,0.426,3.2,8,0.401,3,6.6,0.457,1.6,1.9,0.837,2.3,6.8,9.1,1.8,1.5,1.9,1.7,6.2,17.2,NA,111,109,"shawnewilliams"
"363",445,"Metta World Peace\artesro01","SF",31,"LAL",82,82,2410,5.7,14.4,0.397,1.8,5.1,0.356,3.9,9.3,0.419,2,3,0.676,2.2,3.7,5.9,3.8,2.7,0.8,2,4,15.3,NA,104,105,"mettaworldpeace"
"364",446,"Antoine Wright\wrighan01","SG",26,"SAC",7,0,31,1.6,13,0.125,0,6.5,0,1.6,6.5,0.25,0,0,NA,3.3,1.6,4.9,0,1.6,0,1.6,4.9,3.3,NA,41,113,"antoinewright"
"365",448,"Dorell Wright\wrighdo01","SF",25,"GSW",82,82,3147,7.8,18.4,0.423,3.1,8.3,0.376,4.7,10.1,0.462,2.9,3.7,0.789,1.4,5.5,6.9,3.9,2,1,2.1,2.8,21.6,NA,110,111,"dorellwright"
"366",449,"Julian Wright\wrighju01","SF",23,"TOR",52,6,766,5.5,10.8,0.513,0.1,0.7,0.2,5.4,10.1,0.533,1.5,2.9,0.512,3.2,4.8,8,3.9,2.6,1.3,2.9,3,12.7,NA,101,111,"julianwright"
"367",450,"Nick Young\youngni01","SG",25,"WAS",64,40,2034,10.4,23.5,0.441,2.6,6.8,0.387,7.7,16.7,0.462,4.7,5.7,0.816,0.7,3.7,4.4,1.9,1.1,0.4,2.3,3.6,28,NA,107,114,"nickyoung"
"368",451,"Sam Young\youngsa01","SF",25,"MEM",78,46,1577,7.7,16.4,0.472,0.6,1.7,0.34,7.2,14.7,0.486,2.9,3.8,0.767,1.3,4.9,6.2,2.4,2.3,0.8,2,4,18.9,NA,106,106,"samyoung"
"369",452,"Thaddeus Young\youngth01","PF",22,"PHI",82,1,2135,11.2,20.8,0.541,0.1,0.5,0.273,11.1,20.2,0.548,3,4.3,0.707,3.8,6.9,10.6,2,2.2,0.6,2.4,4.2,25.6,NA,110,104,"thaddeusyoung"
"370",4,"Alexis Ajinca\ajincal01","C",22,"TOT",34,2,340,9,20.3,0.444,1.8,5.2,0.353,7.2,15.1,0.475,2,2.7,0.722,2.6,9.3,11.9,1.5,1.7,2.9,2.7,11.1,21.8,NA,98,107,"alexisajinca"
"371",14,"David Andersen\anderda03","PF",30,"TOT",40,0,373,8,17.2,0.463,1.1,3.3,0.348,6.8,14,0.49,2,3.1,0.636,2.8,9.1,12,1.9,0.7,1.3,3.1,5.7,19.1,NA,97,108,"davidandersen"
"372",17,"Carmelo Anthony\anthoca01","SF",26,"TOT",77,77,2751,12.5,27.4,0.455,1.7,4.6,0.378,10.8,22.9,0.47,9.3,11,0.838,2.2,8.1,10.3,4,1.2,0.8,3.8,4.1,36,NA,109,108,"carmeloanthony"
"373",19,"Gilbert Arenas\arenagi01","PG",29,"TOT",70,16,1796,7.8,21.3,0.366,2.8,9.5,0.297,5,11.8,0.423,3.5,4.4,0.784,0.6,4.8,5.5,7.9,2.1,0.6,5.1,5.4,21.9,NA,93,106,"gilbertarenas"
"374",21,"Hilton Armstrong\armsthi01","C",26,"TOT",53,2,488,3.9,8,0.487,0.2,0.4,0.5,3.7,7.6,0.486,1.7,3.5,0.485,4.4,9.4,13.8,1.5,1.9,2.2,3,8.9,9.7,NA,95,106,"hiltonarmstrong"
"375",22,"Carlos Arroyo\arroyca01","PG",31,"TOT",64,43,1185,5.4,12.2,0.44,1.4,3.1,0.449,4,9.1,0.436,1.7,2.1,0.83,0.9,3.7,4.6,5.6,0.9,0,2.7,3.2,13.8,NA,104,108,"carlosarroyo"
"376",27,"Renaldo Balkman\balkmre01","SF",26,"TOT",8,0,62,4.9,10.5,0.462,0.8,1.6,0.5,4.1,8.9,0.455,2.4,3.2,0.75,1.6,4.1,5.7,1.6,3.2,1.6,0.8,12.2,13,NA,115,105,"renaldobalkman"
"377",33,"Earl Barron\barroea01","C",29,"TOT",21,7,305,5.5,16.9,0.323,0,0,NA,5.5,16.9,0.323,2.6,4.1,0.625,5.5,7.5,13,1.9,1.4,1,2.7,7.8,13.5,NA,83,107,"earlbarron"
"378",36,"Shane Battier\battish01","SF",32,"TOT",82,59,2375,4.9,11,0.45,2.2,5.8,0.382,2.7,5.2,0.525,1.4,2,0.688,1.9,6.1,8,4,1.5,1.7,1.7,3.4,13.5,NA,115,108,"shanebattier"
"379",38,"Jerryd Bayless\bayleje01","PG",22,"TOT",71,14,1496,7.6,17.9,0.422,1.7,5.1,0.336,5.9,12.9,0.456,5.8,7.1,0.806,0.9,4.8,5.7,9.2,1.3,0.2,4.4,5.2,22.6,NA,105,114,"jerrydbayless"
"380",44,"Mike Bibby\bibbymi01","PG",32,"TOT",80,68,2285,5.8,13.5,0.431,3.6,8.1,0.44,2.2,5.3,0.417,0.9,1.5,0.629,0.4,4.2,4.6,6.2,1.2,0.2,2.4,4.1,16.1,NA,110,109,"mikebibby"
"381",46,"Chauncey Billups\billuch01","PG",34,"TOT",72,72,2310,7.4,17.3,0.427,3.2,7.9,0.402,4.2,9.4,0.448,8.3,9.1,0.916,0.5,3.6,4.1,8.4,1.5,0.3,3.8,3.2,26.3,NA,120,111,"chaunceybillups"
"382",61,"Corey Brewer\breweco01","SF-SG",24,"TOT",69,24,1510,6.4,16.2,0.395,1,3.7,0.268,5.4,12.5,0.434,4.5,6.4,0.708,1.9,3.9,5.8,2.9,3.3,0.5,2.9,5.3,18.3,NA,98,109,"coreybrewer"
"383",64,"Aaron Brooks\brookaa01","PG",26,"TOT",59,12,1284,8.7,23.3,0.375,2.8,9.4,0.297,5.9,13.9,0.427,4.9,5.6,0.886,0.8,2.3,3.1,9.2,1.3,0.1,3.9,4.6,25.1,NA,102,113,"aaronbrooks"
"384",65,"Derrick Brown\brownde04","SF",23,"TOT",49,1,576,6.8,12.1,0.565,0.5,0.9,0.5,6.3,11.1,0.57,2.9,5.5,0.533,3.8,5.3,9.1,3,1.8,0.9,3.2,5.4,17,NA,108,109,"derrickbrown"
"385",71,"Rasual Butler\butlera01","SG",31,"TOT",47,2,770,5.3,15.9,0.333,3.1,9.1,0.338,2.2,6.8,0.327,1.2,1.8,0.667,0.7,4.5,5.2,1.8,0.5,1,1.6,2.5,14.9,NA,92,112,"rasualbutler"
"386",78,"Rodney Carney\carnero01","SF",26,"TOT",27,1,336,6.9,16.6,0.418,2.6,5.7,0.447,4.4,10.9,0.403,2.7,4.1,0.667,2,5.3,7.2,1.7,1.8,0.8,2.4,5,19.1,NA,102,112,"rodneycarney"
"387",79,"DeMarre Carroll\carrode01","PF",24,"TOT",12,0,50,4.2,12.5,0.333,0,0,NA,4.2,12.5,0.333,2.1,2.1,1,2.1,6.2,8.3,4.2,1,1,0,5.2,10.4,NA,105,108,"demarrecarroll"
"388",81,"Anthony Carter\cartean01","PG",35,"TOT",33,0,463,4.9,11.5,0.425,1.3,4.3,0.3,3.6,7.2,0.5,0.9,0.9,1,0.8,4.8,5.5,7.5,2.9,0.7,4.2,5.3,11.9,NA,94,108,"anthonycarter"
"389",82,"Vince Carter\cartevi01","SG",34,"TOT",73,63,2051,9.8,22.3,0.437,2.9,8,0.361,6.8,14.3,0.479,3.2,4.3,0.74,1.4,5.5,6.9,3.7,1.7,0.5,2.3,4.8,25.6,NA,106,108,"vincecarter"
"390",86,"Wilson Chandler\chandwi01","SF",23,"TOT",72,49,2401,9,19.9,0.45,2.3,6.7,0.35,6.6,13.2,0.501,2.7,3.4,0.807,1.6,7,8.5,2.5,1,2,2.2,4.2,23,NA,106,109,"wilsonchandler"
"391",88,"Earl Clark\clarkea01","SF",23,"TOT",42,0,464,7.7,17.8,0.43,0,0.6,0,7.7,17.3,0.444,3,5.3,0.574,4.2,7.2,11.4,1,0.9,2,3.2,5.1,18.4,NA,91,103,"earlclark"
"392",89,"Jarron Collins\collija03","C",32,"TOT",28,0,181,1.7,6,0.286,0,0,NA,1.7,6,0.286,2,2.9,0.7,4,2.9,6.9,0.6,1.2,0.3,2,8.3,5.5,NA,85,113,"jarroncollins"
"393",100,"Jordan Crawford\crawfjo02","SG",22,"TOT",42,18,1027,9.6,25.1,0.384,1.7,6.4,0.258,8,18.7,0.427,3.7,4.2,0.869,1.6,3.7,5.3,5.9,2,0.2,4.2,3.2,24.6,NA,92,112,"jordancrawford"
"394",101,"Dante Cunningham\cunnida01","PF",23,"TOT",78,18,1637,7.2,15.6,0.462,0,0.4,0.077,7.2,15.2,0.473,1.5,2.1,0.726,3.2,6,9.2,1.4,1.8,1.4,1.7,5.9,16,NA,101,107,"dantecunningham"
"395",107,"Baron Davis\davisba01","PG",31,"TOT",58,44,1649,9.1,21.7,0.417,2.5,7.5,0.339,6.5,14.2,0.458,3.2,4.1,0.771,1.1,3.8,4.9,12.3,2.4,0.9,4.6,4.5,23.8,NA,105,110,"barondavis"
"396",122,"Goran Dragic\dragigo01","PG",24,"TOT",70,5,1234,7.9,18.2,0.435,2.3,6.4,0.361,5.6,11.8,0.476,3.4,5.5,0.624,1.5,4.4,5.9,8.4,2.1,0.4,4.8,5.2,21.6,NA,100,111,"gorandragic"
"397",134,"Semih Erden\erdense01","C",24,"TOT",41,8,595,5.5,9.9,0.559,0,0,NA,5.5,9.9,0.559,3.5,5.3,0.65,3.3,7.2,10.5,1.8,1.3,2.1,3,9.3,14.5,NA,105,101,"semiherden"
"398",136,"Maurice Evans\evansma01","SF",32,"TOT",73,24,1549,6,14.4,0.417,1.9,5.7,0.329,4.1,8.7,0.475,1.8,2,0.897,1.8,3.5,5.3,1.5,1.2,0.5,1.1,4.4,15.6,NA,107,112,"mauriceevans"
"399",142,"Derrick Favors\favorde01","PF",19,"TOT",78,27,1535,7.5,14.4,0.517,0,0,NA,7.5,14.4,0.517,3.6,6,0.595,5.9,8.4,14.3,1.4,1,2.4,2.7,8.5,18.5,NA,108,108,"derrickfavors"
"400",143,"Raymond Felton\feltora01","PG-SG",26,"TOT",75,54,2737,7.8,18.4,0.425,2.1,6,0.353,5.7,12.4,0.46,3.6,4.4,0.805,0.9,4.1,4.9,11.5,2.3,0.2,4.1,2.8,21.4,NA,108,111,"raymondfelton"
"401",154,"Dan Gadzuric\gadzuda01","C-PF",32,"TOT",42,9,463,6,14.4,0.419,0,0.1,0,6,14.3,0.422,1.1,3,0.37,7.9,7.1,15,1.6,1.4,3.2,3.2,10.1,13.1,NA,93,108,"dangadzuric"
"402",155,"Sundiata Gaines\gainesu01","PG",24,"TOT",24,0,301,7.3,18.2,0.4,1.6,6.6,0.237,5.7,11.6,0.493,3.1,6.2,0.5,2.2,4.3,6.6,7.3,2.8,0.2,4.7,4.3,19.2,NA,92,110,"sundiatagaines"
"403",156,"Danilo Gallinari\gallida01","PF-SF",22,"TOT",62,60,2104,6.3,15.3,0.414,2.5,7,0.352,3.9,8.3,0.467,8,9.3,0.862,1.4,5.9,7.3,2.5,1.2,0.6,2,3.4,23.2,NA,120,111,"danilogallinari"
"404",162,"Alonzo Gee\geeal01","SG",23,"TOT",56,34,1118,5.6,12.2,0.458,0.8,2.4,0.333,4.8,9.8,0.488,3.3,4.2,0.783,2.9,5.5,8.4,1.8,1.8,0.8,2.5,4.3,15.3,NA,103,112,"alonzogee"
"405",171,"Marcin Gortat\gortama01","C",26,"TOT",80,14,2032,8.5,15.2,0.561,0,0.1,0.25,8.5,15.1,0.563,3.5,4.9,0.725,3.7,12.2,15.9,1.8,0.9,2.3,2,4.7,20.6,NA,117,105,"marcingortat"
"406",177,"Jeff Green\greenje02","PF-SF",24,"TOT",75,51,2427,7.9,17.6,0.449,1.4,4.5,0.303,6.5,13.1,0.499,4.3,5.2,0.811,1.6,6.2,7.7,2.3,1.1,0.8,2.1,4.5,21.4,NA,108,108,"jeffgreen"
"407",185,"Luke Harangody\haranlu01","PF",23,"TOT",49,0,640,6.4,16.8,0.383,1.3,5.4,0.242,5.1,11.4,0.45,1.5,2.1,0.731,3.3,8.4,11.7,2.4,1.2,1.4,1.3,6.5,15.7,NA,98,107,"lukeharangody"
"408",188,"Devin Harris\harride01","PG",27,"TOT",71,70,2254,8.1,19.2,0.422,1.4,4.3,0.322,6.7,15,0.45,7.9,9.5,0.833,0.4,3.6,4,11.9,1.7,0.2,4.9,3.8,25.5,NA,108,112,"devinharris"
"409",206,"Kirk Hinrich\hinriki01","SG-PG",30,"TOT",72,51,2157,6.7,15,0.446,1.8,4.5,0.399,4.9,10.5,0.467,2.6,3,0.841,0.5,3.9,4.4,6.9,1.8,0.4,2.9,4.5,17.7,NA,107,111,"kirkhinrich"
"410",222,"Jarrett Jack\jackja01","SG-PG",27,"TOT",83,15,1722,8.1,19.8,0.408,1,3.4,0.306,7.1,16.5,0.429,5.7,6.7,0.85,0.6,4.8,5.4,7.5,1.7,0.2,3.4,3.2,22.9,NA,102,109,"jarrettjack"
"411",228,"Othyus Jeffers\jeffeot01","SG",25,"TOT",17,1,322,4.9,10.3,0.477,0.2,0.6,0.25,4.8,9.7,0.492,4.8,7.3,0.652,4,6.7,10.6,3.2,2.7,0,2.2,5.1,14.8,NA,112,109,"othyusjeffers"
"412",231,"Jared Jeffries\jeffrja01","PF",29,"TOT",42,9,601,2.5,7.2,0.349,0.2,0.8,0.222,2.3,6.5,0.364,1,2.4,0.414,5.2,4.5,9.7,3,2.6,1.4,1.8,6.3,6.2,NA,99,108,"jaredjeffries"
"413",237,"Chris Johnson\johnsch03","C",25,"TOT",14,1,138,3.5,8.3,0.429,0,0,NA,3.5,8.3,0.429,5.9,7.9,0.75,4.7,7.9,12.6,1.2,1.2,3.5,3.9,8.3,13,NA,100,103,"chrisjohnson"
"414",238,"James Johnson\johnsja01","SF",23,"TOT",38,25,822,6.8,15,0.456,0.5,2.1,0.235,6.3,12.8,0.493,3,4.5,0.662,2.3,6.6,9,5.6,2.1,2.3,4,6,17.1,NA,97,108,"jamesjohnson"
"415",240,"Trey Johnson\johnstr01","SG",26,"TOT",8,0,94,6.6,18.2,0.364,0.6,1.7,0.333,6.1,16.5,0.367,5,5.5,0.9,1.1,2.8,3.9,6.1,0.6,0.6,2.8,6.6,18.8,NA,98,117,"treyjohnson"
"416",253,"Kosta Koufos\koufoko01","C",21,"TOT",50,2,434,7.8,17.2,0.453,0,0.2,0,7.8,17,0.459,2.8,4.9,0.558,6.5,8.4,14.9,0.8,1.1,2.9,3.6,6.8,18.4,NA,95,108,"kostakoufos"
"417",254,"Nenad Krstic\krstine01","C",27,"TOT",71,67,1571,7.7,15,0.511,0,0,NA,7.7,15,0.511,3.8,4.9,0.774,4.1,7,11.1,0.9,0.9,0.8,1.9,6.1,19.1,NA,113,107,"nenadkrstic"
"418",255,"Carl Landry\landrca01","PF",27,"TOT",76,26,2008,8.8,17.6,0.502,0,0.1,0,8.8,17.5,0.505,5.5,7.4,0.74,4.2,4.7,8.9,1.6,1,0.8,2.8,5,23.1,NA,110,110,"carllandry"
"419",256,"Acie Law\lawac01","PG",26,"TOT",51,0,726,5.7,13,0.435,0.4,2.5,0.167,5.3,10.5,0.5,3.3,4.5,0.734,0.8,3.6,4.4,5.9,2.2,0,3,4.3,15.1,NA,100,112,"acielaw"
"420",261,"Rashard Lewis\lewisra02","SF-PF",31,"TOT",57,52,1824,7.2,16.5,0.433,2.5,6.9,0.357,4.7,9.6,0.488,2.2,2.7,0.802,2,6.2,8.2,2.6,1.5,0.9,2.5,4.5,19,NA,105,107,"rashardlewis"
"421",298,"Nazr Mohammed\mohamna01","C",33,"TOT",75,37,1280,9.7,18.5,0.522,0,0,0,9.7,18.5,0.523,2.8,4.6,0.598,5.8,9.4,15.2,1,1.2,2.3,2.9,7.6,22.1,NA,105,105,"nazrmohammed"
"422",300,"Jamario Moon\moonja01","SF",30,"TOT",59,20,1042,5,12.3,0.407,1.9,6.1,0.309,3.1,6.2,0.504,0.7,0.8,0.882,1.1,7,8.2,2.6,1.4,1.6,1.1,3.2,12.6,NA,104,110,"jamariomoon"
"423",302,"Timofey Mozgov\mozgoti01","C",24,"TOT",45,14,524,6,12.7,0.474,0,0,NA,6,12.7,0.474,3.5,5,0.712,4.4,7.2,11.6,1.4,1.4,2.4,3.4,8.1,15.6,NA,100,108,"timofeymozgov"
"424",304,"Troy Murphy\murphtr01","PF",30,"TOT",35,4,466,4.8,13,0.368,0.6,3.8,0.152,4.2,9.3,0.457,2.3,3.4,0.667,2.5,10.4,12.9,2.6,1.7,0.3,2.3,5.4,12.5,NA,90,104,"troymurphy"
"425",312,"Steve Novak\novakst01","SF",27,"TOT",30,0,215,8.5,16.2,0.522,6.3,11.1,0.565,2.2,5.1,0.429,1.9,1.9,1,1,5.8,6.8,0.7,0.2,1.2,1,3.4,25.2,NA,138,109,"stevenovak"
"426",321,"Larry Owens\owensla01","SF",28,"TOT",12,0,143,5.4,11.5,0.469,2.2,4.7,0.462,3.2,6.8,0.474,1.4,3.2,0.444,0.4,5,5.4,2.9,3.2,1.8,1.8,6.5,14.4,NA,106,106,"larryowens"
"427",327,"Sasha Pavlovic\pavloal01","SG-SF",27,"TOT",31,7,362,4.2,10.5,0.403,1.8,4.5,0.387,2.5,6,0.415,0.9,1.5,0.6,0.1,4.5,4.7,2.3,1.5,1,1.8,5,11.1,NA,92,105,"sashapavlovic"
"428",329,"Kendrick Perkins\perkike01","C",26,"TOT",29,24,742,4.7,9.2,0.515,0,0,NA,4.7,9.2,0.515,2.8,5.1,0.556,4.4,12,16.4,1.8,0.6,1.8,3.9,6.4,12.3,NA,95,103,"kendrickperkins"
"429",333,"Mickael Pietrus\pietrmi01","SG-SF",28,"TOT",57,4,1107,6.7,17,0.392,4,11,0.36,2.7,6,0.45,1.8,2.7,0.684,0.7,5.2,5.9,1.5,1.3,1,1.8,4.7,19.1,NA,101,108,"mickaelpietrus"
"430",337,"Leon Powe\powele01","C-PF",27,"TOT",30,3,328,9.3,18.8,0.496,0,0.3,0,9.3,18.5,0.504,6.3,11.4,0.556,3.8,6.2,10,1.1,1.6,0.6,1.9,7,25,NA,107,110,"leonpowe"
"431",342,"Joel Przybilla\przybjo01","C",31,"TOT",36,9,519,2.6,4.6,0.568,0,0,NA,2.6,4.6,0.568,1.5,2.8,0.519,3.9,11.3,15.2,1.4,0.5,1.6,3,8.3,6.7,NA,94,106,"joelprzybilla"
"432",345,"Anthony Randolph\randoan01","C-PF",21,"TOT",40,3,590,10.4,22.3,0.466,0.1,0.3,0.25,10.3,22,0.469,4.9,7.3,0.674,3.6,9.9,13.5,2.8,1.9,2,4.5,5.2,25.8,NA,97,107,"anthonyrandolph"
"433",351,"Jason Richardson\richaja01","SG",30,"TOT",80,80,2715,9.1,20.3,0.447,3.6,9.2,0.395,5.4,11.1,0.49,2.2,3.1,0.73,1.3,5.1,6.3,2.8,1.8,0.2,1.8,3.1,24,NA,110,106,"jasonrichardson"
"434",354,"Nate Robinson\robinna01","PG",26,"TOT",59,11,1013,7.9,19.7,0.399,3.4,10.5,0.325,4.5,9.2,0.483,1.9,2.3,0.818,0.8,3.9,4.7,5.8,1.5,0.2,3.6,6,21,NA,96,104,"naterobinson"
"435",373,"Ish Smith\smithis01","PG",22,"TOT",43,3,442,5,13.3,0.374,0.3,1.2,0.3,4.6,12.2,0.381,1.4,2.4,0.571,0.8,4.6,5.5,9.2,2.1,0.2,3.9,4.3,11.7,NA,88,109,"ishsmith"
"436",376,"Joe Smith\smithjo02","PF",35,"TOT",16,3,69,2.3,12.3,0.188,0,0,NA,2.3,12.3,0.188,1.5,1.5,1,2.3,13.8,16.2,3.1,0,3.1,3.8,10,6.2,NA,57,102,"joesmith"
"437",384,"Peja Stojakovic\stojape01","SF",33,"TOT",33,13,617,8.6,19.4,0.441,4.9,11.6,0.419,3.7,7.8,0.473,2,2.1,0.92,1.2,5.2,6.4,2.5,1.1,0.2,1.5,2.1,23.9,NA,115,108,"pejastojakovic"
"438",389,"Jermaine Taylor\tayloje02","SG",24,"TOT",34,8,483,9.8,20.5,0.48,1.5,4.7,0.311,8.4,15.8,0.53,2.2,2.9,0.75,2.7,3.8,6.5,3.3,1.5,0.5,4.8,4.1,23.3,NA,97,111,"jermainetaylor"
"439",392,"Garrett Temple\templga01","PG-SG",24,"TOT",24,0,230,4.6,15.8,0.294,2.3,8.6,0.27,2.3,7.2,0.323,1.6,3.9,0.412,0.2,5.1,5.3,7.4,2.6,1.4,5.3,5.6,13.2,NA,73,104,"garretttemple"
"440",394,"Hasheem Thabeet\thabeha01","C",23,"TOT",47,0,373,2.4,5.6,0.425,0,0,NA,2.4,5.6,0.425,2.7,4.9,0.543,3.4,7.1,10.5,0.6,1.3,2.2,2.4,10.6,7.4,NA,91,105,"hasheemthabeet"
"441",399,"Al Thornton\thornal01","SF-PF",27,"TOT",71,23,1383,7.6,15.9,0.476,0.1,1,0.154,7.4,14.9,0.496,4.1,5.2,0.775,2.1,5.8,7.9,2.3,1.3,0.4,2.4,5.3,19.3,NA,105,112,"althornton"
"442",400,"Marcus Thornton\thornma01","SG",23,"TOT",73,23,1775,10.2,23.6,0.434,2.6,7,0.367,7.7,16.6,0.462,4.2,5.4,0.788,1.8,5.8,7.5,3.9,1.9,0.3,2.7,3.2,27.3,NA,106,108,"marcusthornton"
"443",403,"Hedo Turkoglu\turkohe01","SF-PF",31,"TOT",81,72,2540,6.6,14.8,0.446,2.6,6.4,0.41,4,8.5,0.473,2.2,3.2,0.679,0.9,6.4,7.3,7,1.5,0.7,2.7,5.1,18,NA,112,105,"hedoturkoglu"
"444",412,"Sasha Vujacic\vujacsa01","SG",26,"TOT",67,17,1648,7.7,19.3,0.402,3.1,8.5,0.37,4.6,10.8,0.426,2.6,3.1,0.844,1,5.1,6,4.3,1.7,0.2,2.1,4.4,21.2,NA,104,111,"sashavujacic"
"445",418,"Gerald Wallace\wallage01","SF-PF",28,"TOT",71,63,2693,7.7,17,0.454,1.2,3.7,0.333,6.5,13.3,0.487,5.6,7.5,0.746,2.2,9.2,11.4,3.5,2.1,1.3,3,3.7,22.3,NA,107,105,"geraldwallace"
"446",431,"D.J. White\whitedj01","C-PF",24,"TOT",47,0,685,8.6,16.9,0.507,0,0.2,0,8.6,16.8,0.512,3.6,4.9,0.719,3.3,8.9,12.2,1.5,0.9,1.5,1.1,6,20.7,NA,114,107,"djwhite"
"447",435,"Deron Williams\willide01","PG",26,"TOT",65,65,2465,9.2,20.9,0.439,2.3,6.8,0.331,6.9,14.1,0.491,7.5,8.8,0.845,0.9,4.7,5.6,14.3,1.7,0.3,4.9,4.1,28.1,NA,114,112,"deronwilliams"
"448",436,"Jason Williams\willija02","PG",35,"TOT",27,0,295,3.9,11.9,0.328,1.8,6.8,0.263,2.1,5.2,0.414,0,0,NA,0.5,4.8,5.3,9.2,2,0.2,3.2,1.4,9.6,NA,91,105,"jasonwilliams"
"449",440,"Mo Williams\willima01","PG",28,"TOT",58,56,1788,8.4,21.1,0.399,2.3,7,0.324,6.1,14,0.436,4.4,5.1,0.853,0.6,3.8,4.4,11,1.5,0.3,4.9,4.3,23.4,NA,100,113,"mowilliams"
"450",443,"Shelden Williams\willish02","PF",27,"TOT",59,38,911,5.7,12.1,0.468,0,0,NA,5.7,12.1,0.468,3.2,4.1,0.773,5.1,9.9,15,1.8,1.3,1.4,2.4,6.9,14.6,NA,109,106,"sheldenwilliams"
"451",444,"Terrence Williams\willite01","SG",23,"TOT",21,0,290,7.8,20.9,0.374,1.1,4,0.273,6.7,16.9,0.398,2.5,3.8,0.667,0.7,8.5,9.3,6.9,1.6,0,6,4.5,19.2,NA,80,109,"terrencewilliams"
"452",447,"Brandan Wright\wrighbr03","PF",23,"TOT",37,2,379,8.2,16,0.513,0,0,NA,8.2,16,0.513,2.9,4.2,0.677,4.2,7.9,12.2,1.6,1.5,2.3,1.9,4.7,19.3,NA,110,108,"brandanwright"
