"","Rk","Player","Pos","Age","Tm","G","GS","MP","FG","FGA","FG.","X3P","X3PA","X3P.","X2P","X2PA","X2P.","eFG.","FT","FTA","FT.","ORB","DRB","TRB","AST","STL","BLK","TOV","PF","PS.G","fix"
"1",1,"Jeff Adrien\adrieje01","PF",25,"HOU",8,0,7.9,0.9,2,0.438,0,0,NA,0.9,2,0.438,0.438,0.9,1.5,0.583,0.6,2.1,2.8,0.1,0,0.3,0.3,1.6,2.6,"jeffadrien"
"2",2,"Arron Afflalo\afflaar01","SG",26,"DEN",62,62,33.6,5.3,11.3,0.471,1.4,3.6,0.398,3.9,7.7,0.504,0.534,3.2,4,0.798,0.6,2.5,3.2,2.4,0.6,0.2,1.4,2.2,15.2,"arronafflalo"
"3",3,"Blake Ahearn\ahearbl01","PG",27,"UTA",4,0,7.5,1,3.5,0.286,0.5,2.3,0.222,0.5,1.3,0.4,0.357,0,0,NA,0,0.5,0.5,0.3,0,0,1.3,1,2.5,"blakeahearn"
"4",4,"Solomon Alabi\alabiso01","C",23,"TOR",14,0,8.7,0.9,2.6,0.361,0,0,NA,0.9,2.6,0.361,0.361,0.5,0.6,0.875,1.1,2.3,3.4,0.2,0.1,0.6,0.4,0.8,2.4,"solomonalabi"
"5",5,"Cole Aldrich\aldrico01","C",23,"OKC",26,0,6.7,0.8,1.6,0.524,0,0,NA,0.8,1.6,0.524,0.524,0.5,0.5,0.929,0.5,1.3,1.8,0.1,0.3,0.6,0.3,0.8,2.2,"colealdrich"
"6",6,"LaMarcus Aldridge\aldrila01","PF",26,"POR",55,55,36.3,8.8,17.1,0.512,0,0.2,0.182,8.7,16.9,0.516,0.513,4.1,5,0.814,2.7,5.3,8,2.4,0.9,0.8,2,2.8,21.7,"lamarcusaldridge"
"7",7,"Lavoy Allen\allenla01","PF",22,"PHI",41,15,15.2,1.9,4.1,0.473,0,0,NA,1.9,4.1,0.473,0.473,0.3,0.3,0.786,1.1,3,4.2,0.8,0.3,0.4,0.5,1.8,4.1,"lavoyallen"
"8",8,"Ray Allen\allenra02","SG",36,"BOS",46,42,34,4.9,10.7,0.458,2.3,5.1,0.453,2.6,5.6,0.463,0.566,2.1,2.3,0.915,0.3,2.8,3.1,2.4,1.1,0.2,1.5,1.8,14.2,"rayallen"
"9",9,"Tony Allen\allento01","SG",30,"MEM",58,57,26.3,3.6,7.7,0.469,0.1,0.4,0.308,3.5,7.3,0.479,0.478,2.4,3,0.8,1.7,2.3,4,1.4,1.8,0.6,1.6,2.4,9.8,"tonyallen"
"10",10,"Morris Almond\almonmo01","SG",26,"WAS",4,0,16.8,1.5,4.3,0.353,0.3,0.8,0.333,1.3,3.5,0.357,0.382,0.3,0.8,0.333,0.3,1.8,2,0.5,1.8,0,0.3,1.5,3.5,"morrisalmond"
"11",11,"Al-Farouq Aminu\aminual01","SF",21,"NOH",66,21,22.4,2.3,5.5,0.411,0.2,0.7,0.277,2.1,4.8,0.431,0.429,1.3,1.7,0.754,1.4,3.2,4.7,1,0.9,0.5,1.4,2.1,6,"alfarouqaminu"
"12",12,"Lou Amundson\amundlo01","PF",29,"IND",60,0,12.6,1.5,3.5,0.43,0,0,NA,1.5,3.5,0.43,0.43,0.6,1.4,0.427,1.6,2.1,3.7,0.2,0.5,0.7,0.8,2.1,3.6,"louamundson"
"13",13,"Chris Andersen\anderch01","C",33,"DEN",32,1,15.2,1.8,3.4,0.546,0,0,NA,1.8,3.4,0.546,0.546,1.6,2.6,0.61,1.5,3.1,4.6,0.2,0.6,1.4,0.5,1.6,5.3,"chrisandersen"
"14",14,"Alan Anderson\anderal01","SF",29,"TOR",17,12,27.1,3.2,8.4,0.387,1.4,3.6,0.393,1.8,4.8,0.383,0.472,1.7,2,0.853,0.5,1.5,2,1.5,0.3,0.2,1.5,2.1,9.6,"alananderson"
"15",15,"James Anderson\anderja01","SG",22,"SAS",51,2,11.8,1.3,3.4,0.379,0.4,1.3,0.279,0.9,2.1,0.443,0.434,0.8,1,0.75,0.3,1.2,1.5,0.8,0.2,0,0.6,0.7,3.7,"jamesanderson"
"16",16,"Ryan Anderson\anderry01","PF",23,"ORL",61,61,32.2,5.4,12.4,0.439,2.7,6.9,0.393,2.7,5.5,0.496,0.548,2.5,2.8,0.877,3.7,4,7.7,0.9,0.8,0.4,0.9,2.4,16.1,"ryananderson"
"17",17,"Carmelo Anthony\anthoca01","SF",27,"NYK",55,55,34.1,8,18.6,0.43,1.2,3.7,0.335,6.8,14.9,0.454,0.463,5.4,6.7,0.804,1.6,4.7,6.3,3.6,1.1,0.4,2.6,2.8,22.6,"carmeloanthony"
"18",18,"Joel Anthony\anthojo01","C",29,"MIA",64,51,21.1,1.3,2.4,0.559,0,0,NA,1.3,2.4,0.559,0.559,0.8,1.1,0.69,1.6,2.3,3.9,0.1,0.6,1.3,0.7,2,3.4,"joelanthony"
"19",19,"Gilbert Arenas\arenagi01","PG",30,"MEM",17,0,12.4,1.5,3.8,0.406,0.8,2.3,0.333,0.8,1.5,0.52,0.508,0.4,0.6,0.7,0.1,0.9,1.1,1.1,0.6,0.1,0.7,2.1,4.2,"gilbertarenas"
"20",20,"Trevor Ariza\arizatr01","SF",26,"NOH",41,41,32.9,4.1,9.8,0.417,0.7,2.1,0.333,3.4,7.7,0.44,0.453,1.9,2.5,0.775,1,4.2,5.2,3.3,1.7,0.6,1.9,1.8,10.8,"trevorariza"
"21",21,"Omer Asik\asikom01","C",25,"CHI",66,2,14.7,1.2,2.4,0.506,0,0,NA,1.2,2.4,0.506,0.506,0.7,1.6,0.456,1.9,3.4,5.3,0.5,0.5,1,1,1.8,3.1,"omerasik"
"22",22,"D.J. Augustin\augusdj01","PG",24,"CHA",48,46,29.3,3.8,10.1,0.376,1.3,3.7,0.341,2.5,6.4,0.396,0.438,2.2,2.5,0.875,0.5,1.8,2.3,6.4,0.8,0,2.3,1.4,11.1,"djaugustin"
"23",23,"Gustavo Ayon\ayongu01","PF",26,"NOH",54,24,20.1,2.6,4.8,0.536,0,0,0,2.6,4.8,0.538,0.536,0.7,1.2,0.619,1.6,3.3,4.9,1.4,1,0.9,0.9,2.2,5.9,"gustavoayon"
"24",24,"Jeff Ayres\pendeje02","C",24,"IND",20,1,5.3,0.8,1.8,0.417,0,0,NA,0.8,1.8,0.417,0.417,0.2,0.4,0.571,0.6,1.1,1.7,0.2,0.2,0.1,0.1,0.8,1.7,"jeffayres"
"25",25,"Kelenna Azubuike\azubuke01","SG",28,"DAL",3,0,6,1,2.7,0.375,0.3,1,0.333,0.7,1.7,0.4,0.438,0,0,NA,0,0,0,0,0.3,0,1.3,0.3,2.3,"kelennaazubuike"
"26",26,"Luke Babbitt\babbilu01","SF",22,"POR",40,4,13.4,1.8,4.3,0.41,1.1,2.5,0.43,0.7,1.8,0.384,0.535,0.4,0.5,0.85,0.4,2,2.4,0.4,0.3,0.1,0.7,1.2,5.1,"lukebabbitt"
"27",27,"Renaldo Balkman\balkmre01","SF",27,"NYK",14,0,8.2,1.1,2.3,0.5,0.1,0.6,0.222,1,1.6,0.609,0.531,0.6,0.8,0.727,0.4,1.4,1.9,0.4,0.3,0.2,0.4,1,3,"renaldobalkman"
"28",29,"J.J. Barea\bareajo01","PG",27,"MIN",41,11,25.2,4.1,10.2,0.4,1.3,3.5,0.371,2.8,6.7,0.415,0.463,1.9,2.4,0.776,0.3,2.4,2.8,5.7,0.5,0,2.5,1.5,11.3,"jjbarea"
"29",30,"Andrea Bargnani\bargnan01","C",26,"TOR",31,31,33.3,6.7,15.6,0.432,1.1,3.7,0.296,5.6,11.9,0.474,0.467,4.9,5.6,0.873,0.8,4.8,5.5,2,0.6,0.5,2.2,1.7,19.5,"andreabargnani"
"30",31,"Matt Barnes\barnema02","SF",31,"LAL",63,16,22.9,2.8,6.1,0.452,0.7,2.2,0.333,2,4,0.518,0.512,1.5,2,0.742,1.5,3.9,5.5,2,0.6,0.8,1.2,2.4,7.8,"mattbarnes"
"31",32,"Earl Barron\barroea01","C",30,"GSW",2,0,4.5,1,2,0.5,0,0,NA,1,2,0.5,0.5,0,0,NA,0.5,0,0.5,0,0,0,0,2.5,2,"earlbarron"
"32",33,"Brandon Bass\bassbr01","PF",26,"BOS",59,39,31.7,5.1,10.7,0.479,0,0,NA,5.1,10.7,0.479,0.479,2.2,2.8,0.81,1.6,4.6,6.2,0.9,0.6,0.9,1.1,2.3,12.5,"brandonbass"
"33",34,"Tony Battie\battito01","C",35,"PHI",27,11,10.9,0.7,1.9,0.373,0,0,0,0.7,1.9,0.38,0.373,0.1,0.1,1,0.3,2.2,2.5,0.6,0.1,0.2,0.1,1,1.6,"tonybattie"
"34",35,"Shane Battier\battish01","SF",33,"MIA",65,10,23.1,1.7,4.5,0.387,1,2.8,0.339,0.8,1.7,0.468,0.493,0.4,0.6,0.622,0.9,1.5,2.4,1.3,1,0.5,0.6,1.6,4.8,"shanebattier"
"35",36,"Nicolas Batum\batumni01","SF",23,"POR",59,34,30.4,4.9,10.9,0.451,1.8,4.6,0.391,3.1,6.2,0.496,0.534,2.3,2.7,0.836,1.4,3.2,4.6,1.4,1,1,1.5,1.8,13.9,"nicolasbatum"
"36",37,"Jerryd Bayless\bayleje01","PG",23,"TOR",31,11,22.7,3.8,8.9,0.424,1.4,3.4,0.423,2.4,5.5,0.424,0.504,2.4,2.8,0.852,0.3,1.9,2.1,3.8,0.8,0.1,1.7,2.3,11.4,"jerrydbayless"
"37",38,"Michael Beasley\beaslmi01","SF",23,"MIN",47,7,23.1,4.7,10.6,0.445,0.8,2.1,0.376,3.9,8.4,0.462,0.483,1.3,2,0.642,0.8,3.6,4.4,1,0.4,0.4,1.7,1.8,11.5,"michaelbeasley"
"38",39,"Rodrigue Beaubois\beaubro01","PG",23,"DAL",53,12,21.7,3.5,8.4,0.422,0.7,2.5,0.288,2.8,5.9,0.479,0.465,1.1,1.3,0.841,0.4,2.5,2.8,2.9,1.1,0.5,1.3,1.8,8.9,"rodriguebeaubois"
"39",40,"Marco Belinelli\belinma01","SG",25,"NOH",66,55,29.8,4.3,10.4,0.417,1.6,4.3,0.377,2.7,6.1,0.445,0.495,1.5,2,0.783,0.3,2.3,2.6,1.5,0.7,0.1,1,1.7,11.8,"marcobelinelli"
"40",41,"Raja Bell\bellra01","SG",35,"UTA",34,33,23.4,2.4,5.1,0.466,1,2.6,0.391,1.4,2.6,0.54,0.563,0.6,0.7,0.84,0.2,1.3,1.4,1.1,0.4,0.1,0.6,2.3,6.4,"rajabell"
"41",42,"Keith Benson\bensoke02","C",23,"GSW",3,0,3,0,0.3,0,0,0,NA,0,0.3,0,0,0,0,NA,0.7,0.3,1,0,0,0,0,0,0,"keithbenson"
"42",43,"Mike Bibby\bibbymi01","PG",33,"NYK",39,4,14.3,0.9,3.2,0.282,0.7,2.2,0.318,0.2,1,0.205,0.391,0.2,0.2,0.75,0.1,1.4,1.5,2.1,0.5,0.1,0.5,1.2,2.6,"mikebibby"
"43",44,"Andris Biedrins\biedran01","C",25,"GSW",47,35,15.7,0.8,1.4,0.609,0,0,NA,0.8,1.4,0.609,0.609,0,0.2,0.111,1,2.8,3.7,0.3,0.5,1,0.3,2.7,1.7,"andrisbiedrins"
"44",45,"Chauncey Billups\billuch01","SG",35,"LAC",20,20,30.4,4.2,11.4,0.364,2.4,6.3,0.384,1.8,5.2,0.34,0.469,4.3,4.8,0.895,0.2,2.3,2.5,4,0.5,0.2,1.9,2,15,"chaunceybillups"
"45",46,"Bismack Biyombo\biyombi01","C",19,"CHA",63,41,23.1,2,4.4,0.464,0,0,NA,2,4.4,0.464,0.464,1.1,2.3,0.483,1.8,4,5.8,0.4,0.3,1.8,1.1,2.3,5.2,"bismackbiyombo"
"46",47,"DeJuan Blair\blairde01","PF",22,"SAS",64,62,21.3,4.2,7.9,0.534,0,0,0,4.2,7.9,0.535,0.534,1.1,1.9,0.613,2.4,3.1,5.5,1.2,0.9,0.2,1.4,2.6,9.5,"dejuanblair"
"47",48,"Steve Blake\blakest01","PG",31,"LAL",53,5,23.3,1.9,5.1,0.377,1,3,0.335,0.9,2.1,0.436,0.476,0.4,0.5,0.778,0.2,1.4,1.6,3.3,0.7,0,1.4,1.4,5.2,"steveblake"
"48",49,"Andray Blatche\blatcan01","PF",25,"WAS",26,13,24.1,3.6,9.4,0.38,0.1,0.3,0.286,3.5,9.2,0.382,0.384,1.3,1.9,0.673,1.6,4.2,5.8,1.1,0.8,0.7,1.4,2.1,8.5,"andrayblatche"
"49",50,"Eric Bledsoe\bledser01","PG",22,"LAC",40,1,11.6,1.2,3.2,0.389,0.2,0.8,0.2,1.1,2.4,0.448,0.413,0.7,1.1,0.636,0.6,1.1,1.6,1.7,0.8,0.4,1.2,1.5,3.3,"ericbledsoe"
"50",51,"Keith Bogans\boganke01","SF",31,"NJN",5,1,18.8,1.6,4.2,0.381,0.6,2.4,0.25,1,1.8,0.556,0.452,0.4,1,0.4,1,1.2,2.2,0.6,0.4,0,0.6,3,4.2,"keithbogans"
"51",52,"Andrew Bogut\bogutan01","C",27,"MIL",12,12,30.3,5.1,11.3,0.449,0,0.1,0,5.1,11.3,0.452,0.449,1.2,1.9,0.609,1.8,6.5,8.3,2.6,1,2,2,3,11.3,"andrewbogut"
"52",53,"Matt Bonner\bonnema01","PF",31,"SAS",65,2,20.4,2.4,5.4,0.44,1.6,3.8,0.42,0.8,1.5,0.49,0.59,0.2,0.3,0.762,0.4,2.8,3.3,0.9,0.2,0.3,0.2,1,6.6,"mattbonner"
"53",54,"Trevor Booker\booketr01","PF",24,"WAS",50,32,25.2,3.6,6.8,0.531,0,0,0.5,3.6,6.8,0.531,0.532,1.1,1.9,0.602,2.4,4.1,6.5,0.8,1,0.9,1.2,2.8,8.4,"trevorbooker"
"54",55,"Carlos Boozer\boozeca01","PF",30,"CHI",66,66,29.5,6.8,12.8,0.532,0,0,0,6.8,12.7,0.533,0.532,1.4,2.1,0.693,1.7,6.8,8.5,1.9,1,0.4,1.7,2.5,15,"carlosboozer"
"55",56,"Chris Bosh\boshch01","PF",27,"MIA",57,57,35.2,6.9,14.2,0.487,0.2,0.6,0.286,6.7,13.5,0.496,0.493,4,4.9,0.821,1.6,6.3,7.9,1.8,0.9,0.8,2.1,2.2,18,"chrisbosh"
"56",57,"Earl Boykins\boykiea01","PG",35,"HOU",8,0,13.9,1.5,4.5,0.333,0.3,1.1,0.222,1.3,3.4,0.37,0.361,1.6,1.9,0.867,0,1.4,1.4,2.1,0.1,0,0.9,0.6,4.9,"earlboykins"
"57",58,"Craig Brackins\brackcr01","PF",24,"PHI",14,1,6.3,0.6,2.4,0.273,0.2,0.6,0.333,0.4,1.7,0.25,0.318,0.1,0.1,0.5,0.4,0.7,1.1,0.6,0,0.1,0.3,0.4,1.6,"craigbrackins"
"58",59,"Avery Bradley\bradlav01","PG",21,"BOS",64,28,21.4,3.1,6.3,0.498,0.3,0.8,0.407,2.8,5.4,0.511,0.525,1,1.2,0.795,0.5,1.3,1.8,1.4,0.7,0.2,1.2,1.7,7.6,"averybradley"
"59",60,"Elton Brand\brandel01","C",32,"PHI",60,60,28.9,4.8,9.7,0.494,0,0,0,4.8,9.7,0.495,0.494,1.4,1.9,0.733,2.4,4.7,7.2,1.6,1,1.6,1.1,2.9,11,"eltonbrand"
"60",61,"Corey Brewer\breweco01","SF",25,"DEN",59,17,21.8,3.4,7.8,0.434,0.6,2.2,0.26,2.8,5.7,0.5,0.47,1.5,2.2,0.692,0.7,1.8,2.5,1.5,1.2,0.3,0.9,1.9,8.9,"coreybrewer"
"61",62,"Ronnie Brewer\brewero02","SG",26,"CHI",66,43,24.8,2.9,6.7,0.427,0.3,1,0.275,2.6,5.7,0.455,0.448,0.8,1.5,0.56,1.1,2.4,3.5,2.1,1.1,0.3,0.9,1,6.9,"ronniebrewer"
"62",63,"Jon Brockman\brockjo01","PF",24,"MIL",35,0,6.8,0.4,1.3,0.333,0,0,0,0.4,1.3,0.341,0.333,0.2,0.4,0.467,0.9,1.2,2.1,0.3,0.1,0,0.3,0.9,1.1,"jonbrockman"
"63",64,"MarShon Brooks\brookma01","SG",23,"NJN",56,47,29.4,4.9,11.4,0.428,0.8,2.7,0.313,4.1,8.8,0.463,0.465,2,2.6,0.764,1.3,2.3,3.6,2.3,0.9,0.3,2.1,2.1,12.6,"marshonbrooks"
"64",65,"Derrick Brown\brownde04","SF",24,"CHA",65,17,22.2,3.3,6.3,0.518,0.1,0.4,0.25,3.2,5.9,0.535,0.526,1.4,2.2,0.667,1.5,2.2,3.6,1,0.7,0.2,0.8,1.5,8.1,"derrickbrown"
"65",66,"Kwame Brown\brownkw01","C",29,"GSW",9,3,20.8,2.3,4.4,0.525,0,0,NA,2.3,4.4,0.525,0.525,1.7,3.8,0.441,1.8,4.6,6.3,0.4,0.9,0,1.6,2.3,6.3,"kwamebrown"
"66",67,"Shannon Brown\brownsh01","SG",26,"PHO",59,19,23.7,4.3,10.1,0.42,1.2,3.2,0.362,3.1,6.9,0.446,0.477,1.4,1.7,0.808,0.6,2,2.7,1.2,0.7,0.3,1.1,1.1,11,"shannonbrown"
"67",68,"Kobe Bryant\bryanko01","SG",33,"LAL",58,58,38.5,9.9,23,0.43,1.5,4.9,0.303,8.4,18.1,0.464,0.462,6.6,7.8,0.845,1.1,4.3,5.4,4.6,1.2,0.3,3.5,1.8,27.9,"kobebryant"
"68",69,"Chase Budinger\budinch01","SF",23,"HOU",58,9,22.4,3.6,8.1,0.442,1.5,3.8,0.402,2.1,4.3,0.476,0.535,0.9,1.2,0.771,0.7,3.1,3.7,1.3,0.5,0.1,0.9,1.1,9.6,"chasebudinger"
"69",70,"Alec Burks\burksal01","SG",20,"UTA",59,0,15.9,2.6,6.1,0.429,0.3,0.8,0.333,2.3,5.3,0.442,0.45,1.8,2.4,0.727,1,1.3,2.2,0.9,0.5,0.1,0.9,1.4,7.2,"alecburks"
"70",71,"Caron Butler\butleca01","SF",31,"LAC",63,63,29.7,4.6,11.2,0.407,1.5,4.1,0.358,3.1,7.1,0.435,0.472,1.4,1.7,0.813,0.7,3,3.7,1.2,0.8,0.1,1.2,2,12,"caronbutler"
"71",72,"Jimmy Butler\butleji01","SG",22,"CHI",42,0,8.5,0.8,1.9,0.405,0,0.3,0.182,0.7,1.6,0.441,0.418,1,1.3,0.768,0.5,0.8,1.3,0.3,0.3,0.1,0.3,0.5,2.6,"jimmybutler"
"72",73,"Rasual Butler\butlera01","SF",32,"TOR",34,14,13.3,1.2,3.9,0.308,0.6,2.3,0.273,0.6,1.6,0.357,0.387,0.2,0.4,0.583,0.2,1.8,1.9,0.6,0.2,0.1,0.4,1.1,3.2,"rasualbutler"
"73",74,"Derrick Byars\byarsde01","PF",27,"SAS",2,0,18.5,1.5,5.5,0.273,0,3,0,1.5,2.5,0.6,0.273,2,2,1,3,2.5,5.5,0.5,1,0,0,1,5,"derrickbyars"
"74",75,"Andrew Bynum\bynuman01","C",24,"LAL",60,60,35.2,7.4,13.3,0.558,0,0.1,0.2,7.4,13.2,0.56,0.558,3.9,5.6,0.692,3.2,8.6,11.8,1.4,0.5,1.9,2.5,1.7,18.7,"andrewbynum"
"75",76,"Will Bynum\bynumwi01","PG",29,"DET",36,0,14.3,2.1,5.4,0.381,0.2,0.8,0.241,1.9,4.6,0.406,0.399,1.4,1.8,0.766,0.3,1.3,1.6,1.8,0.6,0.1,1.5,1.7,5.7,"willbynum"
"76",77,"Jose Calderon\caldejo01","PG",30,"TOR",53,53,33.9,4.1,9,0.457,1.1,3,0.371,3,6,0.5,0.519,1.1,1.3,0.882,0.4,2.7,3,8.8,0.9,0.1,2,1.8,10.5,"josecalderon"
"77",79,"Brian Cardinal\cardibr01","SF",34,"DAL",44,0,6.3,0.3,1.3,0.255,0.2,1.1,0.204,0.1,0.1,0.667,0.345,0.1,0.1,0.833,0.1,0.7,0.8,0.4,0.2,0,0.2,0.9,1,"briancardinal"
"78",81,"Matt Carroll\carroma01","SG",31,"CHA",53,2,11.2,1,3,0.331,0.2,0.8,0.186,0.8,2.2,0.386,0.357,0.6,0.7,0.789,0.2,0.9,1.1,0.7,0.3,0.1,0.5,1,2.7,"mattcarroll"
"79",82,"Anthony Carter\cartean01","PG",36,"TOR",24,0,8.7,0.7,2.2,0.321,0.2,0.7,0.294,0.5,1.5,0.333,0.368,0.3,0.4,0.8,0.2,1.2,1.4,1.4,0.3,0.2,0.7,0.8,2,"anthonycarter"
"80",83,"Vince Carter\cartevi01","SG",35,"DAL",61,40,25.3,3.7,8.9,0.411,1.2,3.4,0.361,2.4,5.5,0.442,0.48,1.6,1.9,0.826,0.5,2.8,3.4,2.3,0.9,0.4,1.4,2.2,10.1,"vincecarter"
"81",84,"Omri Casspi\casspom01","SF",23,"CLE",65,35,20.6,2.6,6.3,0.403,0.8,2.6,0.315,1.7,3.8,0.463,0.467,1.1,1.7,0.685,1,2.5,3.5,1,0.6,0.3,1,1.8,7.1,"omricasspi"
"82",85,"Mario Chalmers\chalmma01","PG",25,"MIA",64,64,28.5,3.5,7.8,0.448,1.6,4.1,0.388,1.9,3.7,0.513,0.549,1.3,1.6,0.792,0.3,2.4,2.7,3.5,1.5,0.2,2.2,2.6,9.8,"mariochalmers"
"83",86,"Tyson Chandler\chandty01","C",29,"NYK",62,62,33.2,3.9,5.7,0.679,0,0,0,3.9,5.7,0.683,0.679,3.5,5.1,0.689,3.4,6.5,9.9,0.9,0.9,1.4,1.6,3,11.3,"tysonchandler"
"84",87,"Wilson Chandler\chandwi01","SF",24,"DEN",8,6,26.9,3.9,9.9,0.392,0.4,1.5,0.25,3.5,8.4,0.418,0.411,1.3,1.5,0.833,0.8,4.4,5.1,2.1,0.8,0.8,2.3,2.3,9.4,"wilsonchandler"
"85",88,"Josh Childress\childjo01","SF",28,"PHO",34,0,14.4,1.4,2.9,0.485,0.1,0.7,0.167,1.3,2.2,0.587,0.505,0,0.1,0,0.9,1.9,2.8,1,0.4,0.2,0.3,1.1,2.9,"joshchildress"
"86",89,"Earl Clark\clarkea01","PF",24,"ORL",45,1,12.4,1.1,3.1,0.367,0,0,NA,1.1,3.1,0.367,0.367,0.5,0.6,0.724,0.8,2,2.8,0.4,0.3,0.7,0.6,1.6,2.7,"earlclark"
"87",90,"Norris Cole\coleno01","PG",23,"MIA",65,2,19.4,2.7,6.9,0.393,0.3,1.2,0.276,2.4,5.8,0.417,0.417,1,1.3,0.776,0.3,1.1,1.4,2,0.7,0,1.6,1.9,6.8,"norriscole"
"88",91,"Jason Collins\collija04","C",33,"ATL",30,10,10.3,0.5,1.3,0.4,0,0,NA,0.5,1.3,0.4,0.4,0.2,0.5,0.467,0.4,1.2,1.6,0.3,0.1,0.1,0.3,1.1,1.3,"jasoncollins"
"89",92,"Darren Collison\collida01","PG",24,"IND",60,56,31.3,3.8,8.7,0.44,0.6,1.6,0.362,3.3,7.2,0.457,0.472,2.1,2.6,0.83,0.5,2.6,3.1,4.8,0.8,0.2,1.9,1.7,10.4,"darrencollison"
"90",93,"Nick Collison\collini01","PF",31,"OKC",63,0,20.7,1.9,3.2,0.597,0,0,0,1.9,3.2,0.6,0.597,0.7,1,0.71,1.9,2.5,4.3,1.3,0.5,0.4,1,2.4,4.5,"nickcollison"
"91",94,"Mike Conley\conlemi01","PG",24,"MEM",62,61,35.1,4.8,11,0.433,1,2.6,0.377,3.8,8.5,0.45,0.477,2.2,2.5,0.861,0.4,2.2,2.5,6.5,2.2,0.2,2,2.1,12.7,"mikeconley"
"92",96,"Daequan Cook\cookda02","SG",24,"OKC",57,22,17.4,1.9,5.2,0.368,1.4,4,0.346,0.5,1.2,0.441,0.502,0.2,0.4,0.636,0.2,1.9,2.1,0.3,0.4,0.2,0.3,1.2,5.5,"daequancook"
"93",97,"DeMarcus Cousins\couside01","C",21,"SAC",64,62,30.5,7,15.6,0.448,0,0.2,0.143,7,15.4,0.453,0.449,4.1,5.8,0.702,4.1,6.8,11,1.6,1.5,1.2,2.7,4,18.1,"demarcuscousins"
"94",98,"Jamal Crawford\crawfja01","PG",31,"POR",60,6,26.9,4.7,12.3,0.384,1.3,4.3,0.308,3.4,8,0.426,0.438,3.2,3.4,0.927,0.3,1.7,2,3.2,0.9,0.2,1.9,1.2,14,"jamalcrawford"
"95",99,"Jordan Crawford\crawfjo02","SG",23,"WAS",64,32,27.4,5.5,13.6,0.4,1.2,4.3,0.289,4.2,9.4,0.451,0.446,2.5,3.2,0.793,0.7,1.9,2.6,3,0.9,0.1,2.2,1.7,14.7,"jordancrawford"
"96",100,"Dante Cunningham\cunnida01","PF",24,"MEM",64,5,17.6,2.3,4.4,0.516,0,0,0,2.3,4.3,0.52,0.516,0.7,1.1,0.652,1.4,2.4,3.8,0.6,0.7,0.5,0.5,1.5,5.2,"dantecunningham"
"97",101,"Eddy Curry\curryed01","C",29,"MIA",14,1,5.9,0.9,1.9,0.462,0,0,NA,0.9,1.9,0.462,0.462,0.4,0.6,0.75,0.3,0.6,0.9,0.1,0,0.1,0.7,1.2,2.1,"eddycurry"
"98",102,"Stephen Curry\curryst01","PG",23,"GSW",26,23,28.2,5.6,11.4,0.49,2.1,4.7,0.455,3.5,6.7,0.514,0.583,1.5,1.8,0.809,0.6,2.8,3.4,5.3,1.5,0.3,2.5,2.4,14.7,"stephencurry"
"99",103,"Samuel Dalembert\dalemsa01","C",30,"HOU",65,45,22.2,3.1,6.1,0.506,0,0,0,3.1,6.1,0.508,0.506,1.4,1.7,0.796,2.4,4.6,7,0.5,0.6,1.7,1.3,2.5,7.5,"samueldalembert"
"100",104,"Erick Dampier\dampier01","C",36,"ATL",15,0,5.5,0.1,0.5,0.125,0,0,NA,0.1,0.5,0.125,0.125,0,0,NA,0.7,1,1.7,0.3,0.1,0.3,0.2,0.6,0.1,"erickdampier"
"101",105,"Marquis Daniels\daniema01","SG",31,"BOS",38,0,12.7,1.4,3.8,0.364,0,0.3,0,1.4,3.5,0.391,0.364,0.4,0.6,0.739,0.4,1.3,1.7,1.2,0.6,0.2,0.7,0.9,3.2,"marquisdaniels"
"102",106,"Baron Davis\davisba01","PG",32,"NYK",29,14,20.5,2.3,6.3,0.37,0.9,2.9,0.306,1.4,3.4,0.424,0.44,0.6,0.8,0.667,0.4,1.5,1.9,4.7,1.2,0.1,2.6,2.1,6.1,"barondavis"
"103",107,"Ed Davis\davised01","PF",22,"TOR",66,9,23.2,2.6,5.1,0.513,0,0,0,2.6,5.1,0.515,0.513,1.1,1.6,0.67,2,4.6,6.6,0.9,0.6,1,1,2.4,6.3,"eddavis"
"104",108,"Glen Davis\davisgl01","PF",26,"ORL",61,13,23.4,3.7,8.8,0.421,0,0.2,0.143,3.7,8.5,0.429,0.423,1.9,2.7,0.683,1.8,3.7,5.4,0.8,0.7,0.3,1.2,1.7,9.3,"glendavis"
"105",109,"Josh Davis\davisjo02","PF",31,"MEM",15,0,8.7,0.7,1.8,0.37,0.3,0.9,0.308,0.4,0.9,0.429,0.444,0.3,0.5,0.5,1.1,0.7,1.8,0.4,0.5,0.1,0.2,1.3,1.9,"joshdavis"
"106",110,"Eric Dawson\dawsoer01","C",27,"SAS",4,0,9.8,1.8,3,0.583,0,0,NA,1.8,3,0.583,0.583,0.3,0.5,0.5,1.3,1.3,2.5,0,0.3,0.5,0.8,1.5,3.8,"ericdawson"
"107",111,"Austin Daye\dayeau01","SF",23,"DET",41,4,14.7,1.8,5.5,0.322,0.3,1.5,0.21,1.5,4,0.364,0.35,0.9,1,0.814,0.3,1.9,2.2,0.8,0.5,0.5,1,1.5,4.7,"austindaye"
"108",112,"Carlos Delfino\delfica01","SF",29,"MIL",54,53,28.5,3.4,8.4,0.402,1.6,4.4,0.36,1.8,4,0.449,0.497,0.7,0.9,0.792,0.4,3.5,3.9,2.3,1.5,0.2,1.2,1.8,9,"carlosdelfino"
"109",113,"Luol Deng\denglu01","SF",26,"CHI",54,54,39.4,5.8,14,0.412,1.5,4,0.367,4.3,10,0.43,0.464,2.4,3.1,0.77,1.4,5.1,6.5,2.9,1,0.7,1.8,1.5,15.3,"luoldeng"
"110",115,"DeMar DeRozan\derozde01","SG",22,"TOR",63,63,35,6,14.3,0.422,0.4,1.5,0.261,5.7,12.9,0.44,0.435,4.3,5.3,0.81,0.6,2.7,3.3,2,0.8,0.3,2,2.6,16.7,"demarderozan"
"111",117,"Ike Diogu\dioguik01","PF",28,"SAS",2,0,7,0,1,0,0,0,NA,0,1,0,0,1,1,1,0,0.5,0.5,0,0,0,0.5,0.5,1,"ikediogu"
"112",118,"DeSagana Diop\diopde01","C",30,"CHA",27,9,12,0.6,1.6,0.357,0,0,NA,0.6,1.6,0.357,0.357,0,0.2,0.167,1.2,1.9,3.1,0.9,0.2,0.5,0.7,1.3,1.1,"desaganadiop"
"113",119,"Keyon Dooling\doolike01","SG",31,"BOS",46,2,14.4,1.4,3.5,0.405,0.6,1.8,0.333,0.8,1.8,0.476,0.488,0.5,0.7,0.742,0.1,0.8,0.8,1.1,0.3,0,0.7,1.2,4,"keyondooling"
"114",120,"Toney Douglas\douglto01","PG",25,"NYK",38,9,17.3,2.5,7.6,0.324,0.7,3.1,0.231,1.8,4.6,0.387,0.371,0.6,0.7,0.846,0.4,1.5,1.9,2,0.8,0,1.5,1.4,6.2,"toneydouglas"
"115",121,"Goran Dragic\dragigo01","PG",25,"HOU",66,28,26.5,4.2,9.1,0.462,1,3.1,0.337,3.2,6,0.525,0.518,2.3,2.9,0.805,0.8,1.7,2.5,5.3,1.3,0.2,2.4,2.5,11.7,"gorandragic"
"116",122,"Jared Dudley\dudleja01","SG",26,"PHO",65,60,31.1,4.8,9.9,0.485,1.2,3.2,0.383,3.6,6.7,0.535,0.547,1.8,2.5,0.726,1.5,3.2,4.6,1.7,0.8,0.3,1.1,1.6,12.7,"jareddudley"
"117",123,"Chris Duhon\duhonch01","PG",29,"ORL",63,9,19.5,1.3,3.2,0.419,0.8,1.9,0.42,0.6,1.3,0.417,0.542,0.3,0.3,0.81,0.2,1.4,1.6,2.4,0.6,0.1,1.3,1.1,3.8,"chrisduhon"
"118",124,"Tim Duncan\duncati01","C",35,"SAS",58,58,28.2,6.2,12.6,0.492,0,0.1,0,6.2,12.6,0.495,0.492,3,4.3,0.695,1.9,7.1,9,2.3,0.7,1.5,1.7,1.7,15.4,"timduncan"
"119",125,"Mike Dunleavy\dunlemi02","SF",31,"MIL",55,3,26.3,4.3,9.2,0.474,1.5,3.8,0.399,2.8,5.4,0.527,0.557,2.1,2.6,0.811,0.5,3.2,3.7,2.1,0.5,0.1,1.1,1.6,12.3,"mikedunleavy"
"120",126,"Kevin Durant\duranke01","SF",23,"OKC",66,66,38.6,9.7,19.7,0.496,2,5.2,0.387,7.7,14.4,0.535,0.547,6.5,7.6,0.86,0.6,7.4,8,3.5,1.3,1.2,3.8,2,28,"kevindurant"
"121",127,"Jerome Dyson\dysonje01","PG",24,"NOH",9,1,20,2.1,5.3,0.396,0.1,0.9,0.125,2,4.4,0.45,0.406,3.1,4,0.778,0.2,1.9,2.1,2,1.2,0.2,2.2,2.1,7.4,"jeromedyson"
"122",128,"Devin Ebanks\ebankde01","SG",22,"LAL",24,12,16.5,1.5,3.7,0.416,0,0.4,0,1.5,3.3,0.463,0.416,1,1.5,0.657,1.1,1.2,2.3,0.5,0.5,0.3,0.8,1.1,4,"devinebanks"
"123",129,"Wayne Ellington\ellinwa01","SG",24,"MIN",51,4,19.1,2.4,5.9,0.404,0.7,2.1,0.324,1.7,3.8,0.448,0.462,0.6,0.8,0.8,0.3,1.7,1.9,0.6,0.5,0.2,0.5,1.1,6.1,"wayneellington"
"124",131,"Francisco Elson\elsonfr01","C",35,"PHI",5,0,3.2,0.2,0.6,0.333,0,0,NA,0.2,0.6,0.333,0.333,0,0,NA,0,0.2,0.2,0.2,0.2,0.2,0.2,0,0.4,"franciscoelson"
"125",132,"Andre Emmett\emmetan01","SF",29,"NJN",6,0,7.5,0.7,1.2,0.571,0,0.2,0,0.7,1,0.667,0.571,0.8,1.3,0.625,0.3,0.7,1,0.2,0.3,0.2,0.3,0.3,2.2,"andreemmett"
"126",133,"Semih Erden\erdense01","C",25,"CLE",28,9,11.9,1.4,2.6,0.527,0,0,NA,1.4,2.6,0.527,0.527,0.8,1.5,0.512,0.7,1.9,2.6,0.3,0.4,0.2,0.6,2.1,3.5,"semiherden"
"127",134,"Jeremy Evans\evansje01","SF",24,"UTA",29,0,7.5,0.9,1.4,0.643,0,0,0,0.9,1.4,0.659,0.643,0.3,0.6,0.5,0.7,1.1,1.7,0.4,0.2,0.8,0.2,0.8,2.1,"jeremyevans"
"128",135,"Maurice Evans\evansma01","SF",33,"WAS",24,0,14.3,1.9,4.7,0.402,0.7,1.9,0.378,1.2,2.8,0.418,0.478,0.4,0.5,0.769,0.3,0.7,1,0.4,0.6,0,0.4,1.5,4.9,"mauriceevans"
"129",136,"Reggie Evans\evansre01","PF",31,"LAC",56,0,13.8,0.6,1.3,0.472,0,0,NA,0.6,1.3,0.472,0.472,0.6,1.3,0.507,1.8,3.1,4.8,0.3,0.6,0.1,0.8,2.1,1.9,"reggieevans"
"130",137,"Tyreke Evans\evansty01","SG",22,"SAC",63,61,34.3,6.5,14.3,0.453,0.3,1.6,0.202,6.2,12.7,0.484,0.464,3.2,4.1,0.779,1,3.6,4.6,4.5,1.3,0.5,2.7,2.2,16.5,"tyrekeevans"
"131",139,"Kenneth Faried\farieke01","PF",22,"DEN",46,39,22.5,3.9,6.7,0.586,0,0,NA,3.9,6.7,0.586,0.586,2.4,3.6,0.665,3.1,4.6,7.7,0.8,0.7,1,1.2,2.5,10.2,"kennethfaried"
"132",140,"Jordan Farmar\farmajo01","PG",25,"NJN",39,5,21.3,3.8,8.1,0.467,1.4,3.2,0.44,2.4,4.9,0.484,0.554,1.5,1.6,0.905,0.2,1.4,1.6,3.3,0.6,0.1,1.7,1.3,10.4,"jordanfarmar"
"133",141,"Derrick Favors\favorde01","PF",20,"UTA",65,9,21.2,3.4,6.8,0.499,0,0,NA,3.4,6.8,0.499,0.499,1.9,3,0.649,2.4,4.1,6.5,0.7,0.6,1,1.6,2.2,8.8,"derrickfavors"
"134",142,"Raymond Felton\feltora01","PG",27,"POR",60,56,31.8,4.4,10.7,0.407,1,3.4,0.305,3.3,7.3,0.453,0.455,1.7,2.1,0.806,0.5,2,2.5,6.5,1.3,0.2,2.8,2,11.4,"raymondfelton"
"135",143,"Rudy Fernandez\fernaru01","SG",26,"DEN",31,1,22.9,3.2,7.3,0.44,1.3,3.9,0.328,1.9,3.3,0.573,0.529,1,1.4,0.698,0.3,1.8,2.1,2.4,1,0.1,1.3,1.2,8.6,"rudyfernandez"
"136",144,"Kyrylo Fesenko\fesenky01","C",25,"IND",3,0,5.7,0.7,1.7,0.4,0,0,NA,0.7,1.7,0.4,0.4,1.3,2,0.667,0.7,2.3,3,0.3,0.7,0,0,0.7,2.7,"kyrylofesenko"
"137",145,"Landry Fields\fieldla01","SG",23,"NYK",66,62,28.7,3.6,7.8,0.46,0.5,1.8,0.256,3.1,5.9,0.523,0.49,1.2,2.1,0.562,0.9,3.3,4.2,2.6,1.2,0.3,1.5,1.5,8.8,"landryfields"
"138",148,"Jeff Foote\footeje01","C",24,"NOH",4,0,9.8,0.5,1.5,0.333,0,0,NA,0.5,1.5,0.333,0.333,0,0,NA,0.3,1.3,1.5,0,0,0.3,0.5,1.3,1,"jefffoote"
"139",149,"Gary Forbes\forbega01","SG",26,"TOR",48,2,14.9,2.3,5.6,0.413,0.6,1.7,0.349,1.7,3.9,0.441,0.467,1.4,1.9,0.725,0.6,1.6,2.1,1.1,0.5,0.1,1.1,1.2,6.6,"garyforbes"
"140",150,"T.J. Ford\fordtj01","PG",28,"SAS",14,0,13.6,1.4,3.1,0.442,0.1,0.6,0.25,1.2,2.5,0.486,0.465,0.8,1,0.786,0.2,1.1,1.3,3.2,0.6,0.1,1.6,1.6,3.6,"tjford"
"141",152,"Jeff Foster\fosteje01","C",35,"IND",11,0,12.8,0.8,1.6,0.5,0.1,0.1,1,0.7,1.5,0.471,0.528,0.5,0.8,0.667,1.6,2.2,3.8,0.4,0.7,0.1,0.6,2.4,2.3,"jefffoster"
"142",153,"Randy Foye\foyera01","SG",28,"LAC",65,48,25.9,3.9,9.9,0.398,2,5.1,0.386,2,4.8,0.41,0.496,1.1,1.3,0.859,0.4,1.7,2.1,2.2,0.7,0.4,1.1,2,11,"randyfoye"
"143",154,"Jimmer Fredette\fredeji01","PG",22,"SAC",61,7,18.6,2.8,7.3,0.386,1.3,3.5,0.361,1.5,3.8,0.409,0.473,0.7,0.8,0.833,0.3,0.9,1.2,1.8,0.5,0,1.1,1.2,7.6,"jimmerfredette"
"144",155,"Channing Frye\fryech01","PF",28,"PHO",64,59,26.1,4,9.6,0.416,1.4,4.1,0.346,2.6,5.5,0.469,0.49,1.1,1.3,0.89,1.1,4.8,5.9,1.4,0.7,1.1,1,2.8,10.5,"channingfrye"
"145",156,"Dan Gadzuric\gadzuda01","C",33,"NYK",2,0,6.5,0,1,0,0,0,NA,0,1,0,0,0,1,0,0.5,2,2.5,0,0.5,0.5,0.5,2,0,"dangadzuric"
"146",157,"Sundiata Gaines\gainesu01","SG",25,"NJN",57,12,13.9,1.8,4.8,0.376,0.5,1.4,0.341,1.3,3.3,0.392,0.428,1,1.7,0.615,0.5,1.4,1.9,2.2,1,0,0.9,1,5.1,"sundiatagaines"
"147",158,"Danilo Gallinari\gallida01","SF",23,"DEN",43,40,31.4,4.5,10.8,0.414,1.4,4.3,0.328,3.1,6.6,0.47,0.479,4.2,4.9,0.871,0.7,4,4.7,2.7,1,0.5,1.6,2,14.6,"danilogallinari"
"148",159,"Francisco Garcia\garcifr01","SF",30,"SAC",49,3,16.3,1.8,4.7,0.376,0.8,2.7,0.29,1,2,0.49,0.459,0.5,0.6,0.8,0.2,1.8,2,0.6,0.7,0.8,0.4,1.5,4.8,"franciscogarcia"
"149",160,"Kevin Garnett\garneke01","C",35,"BOS",60,60,31.1,6.5,13,0.503,0.1,0.2,0.333,6.5,12.8,0.505,0.505,2.7,3.2,0.857,1.1,7.1,8.2,2.9,0.9,1,1.8,2.4,15.8,"kevingarnett"
"150",161,"Marc Gasol\gasolma01","C",27,"MEM",65,65,36.5,5.5,11.4,0.482,0,0.2,0.083,5.5,11.2,0.489,0.483,3.6,4.9,0.748,1.8,7.1,8.9,3.1,1,1.9,1.9,3.1,14.6,"marcgasol"
"151",162,"Pau Gasol\gasolpa01","PF",31,"LAL",65,65,37.4,7.1,14.1,0.501,0.1,0.4,0.259,7,13.7,0.508,0.504,3.1,4,0.782,2.8,7.6,10.4,3.6,0.6,1.4,2.2,2,17.4,"paugasol"
"152",163,"Rudy Gay\gayru01","SF",25,"MEM",65,65,37.3,7.5,16.4,0.455,0.8,2.7,0.312,6.6,13.8,0.482,0.48,3.2,4,0.791,2,4.4,6.4,2.3,1.5,0.8,2.5,2.1,19,"rudygay"
"153",164,"Alonzo Gee\geeal01","SG",24,"CLE",63,31,29,3.6,8.7,0.412,0.7,2.2,0.321,2.9,6.6,0.442,0.452,2.7,3.4,0.788,1.6,3.5,5.1,1.8,1.3,0.3,1.8,2.4,10.6,"alonzogee"
"154",165,"Paul George\georgpa01","SG",21,"IND",66,66,29.7,4.3,9.7,0.44,1.4,3.5,0.385,2.9,6.1,0.472,0.51,2.2,2.8,0.802,0.8,4.8,5.6,2.4,1.6,0.6,1.8,2.9,12.1,"paulgeorge"
"155",166,"Daniel Gibson\gibsoda01","SG",25,"CLE",35,7,26.2,2.5,7.1,0.351,1.6,4,0.396,0.9,3.1,0.294,0.462,1,1.2,0.791,0.3,2.6,2.9,2.2,0.7,0.5,1.3,2,7.5,"danielgibson"
"156",167,"Taj Gibson\gibsota01","PF",26,"CHI",63,0,20.4,3.2,6.4,0.495,0,0,NA,3.2,6.4,0.495,0.495,1.3,2.1,0.622,2.1,3.1,5.3,0.7,0.4,1.3,1,2.1,7.7,"tajgibson"
"157",168,"Manu Ginobili\ginobma01","SG",34,"SAS",34,7,23.3,4.4,8.4,0.526,1.5,3.7,0.413,2.9,4.7,0.616,0.618,2.6,3,0.871,0.5,2.9,3.4,4.4,0.7,0.4,1.9,1.6,12.9,"manuginobili"
"158",170,"Ryan Gomes\gomesry01","SF",29,"LAC",32,2,13.3,1,3,0.326,0.1,0.9,0.138,0.8,2.1,0.409,0.347,0.3,0.3,0.727,0.4,1.5,1.9,0.4,0.5,0,0.5,1.1,2.3,"ryangomes"
"159",171,"Drew Gooden\goodedr01","C",30,"MIL",56,46,26.2,5.1,11.7,0.437,0.3,1,0.291,4.8,10.8,0.45,0.449,3.1,3.7,0.846,2.3,4.2,6.5,2.6,0.8,0.6,1.9,2,13.7,"drewgooden"
"160",172,"Ben Gordon\gordobe01","SG",28,"DET",52,21,26.9,4.5,10.2,0.442,1.2,2.8,0.429,3.3,7.4,0.446,0.501,2.3,2.6,0.86,0.3,2.1,2.3,2.4,0.7,0.2,2.2,2.2,12.5,"bengordon"
"161",173,"Eric Gordon\gordoer01","PG",23,"NOH",9,9,34.4,7,15.6,0.45,1.1,4.4,0.25,5.9,11.1,0.53,0.486,5.4,7.2,0.754,0.2,2.6,2.8,3.4,1.4,0.4,2.7,2.2,20.6,"ericgordon"
"162",174,"Marcin Gortat\gortama01","C",27,"PHO",66,66,32,6.5,11.7,0.555,0,0,0,6.5,11.6,0.557,0.555,2.5,3.8,0.649,2.8,7.2,10,0.9,0.7,1.5,1.4,2.2,15.4,"marcingortat"
"163",175,"Andrew Goudelock\goudean01","SG",23,"LAL",40,0,10.5,1.7,4.4,0.391,0.7,1.9,0.373,1,2.5,0.404,0.471,0.3,0.3,0.917,0.1,0.7,0.8,0.5,0.1,0,0.5,0.8,4.4,"andrewgoudelock"
"164",176,"Danny Granger\grangda01","SF",28,"IND",62,62,33.3,6.3,15.2,0.416,2,5.2,0.381,4.3,10,0.434,0.481,4.1,4.7,0.873,1.3,3.7,5,1.8,1,0.6,1.8,2.3,18.7,"dannygranger"
"165",177,"Aaron Gray\grayaa01","C",27,"TOR",49,40,16.6,1.7,3.3,0.516,0,0,NA,1.7,3.3,0.516,0.516,0.5,1,0.532,1.7,4,5.7,0.6,0.4,0.3,1,2.6,3.9,"aarongray"
"166",178,"Danny Green\greenda02","SG",24,"SAS",66,38,23.1,3.2,7.2,0.442,1.5,3.5,0.436,1.7,3.7,0.449,0.549,1.2,1.5,0.79,0.8,2.6,3.5,1.3,0.9,0.7,1,1.6,9.1,"dannygreen"
"167",179,"Gerald Green\greenge01","SF",26,"NJN",31,2,25.2,5,10.3,0.481,1.4,3.5,0.391,3.6,6.8,0.529,0.548,1.6,2.1,0.754,0.5,3,3.5,1.1,0.9,0.5,1.8,2.6,12.9,"geraldgreen"
"168",180,"Willie Green\greenwi01","SG",30,"ATL",53,2,17.4,2.9,6.1,0.471,0.9,2.1,0.442,1.9,4,0.486,0.548,0.9,1.1,0.857,0.3,1.2,1.5,0.8,0.4,0.1,0.6,1.4,7.6,"williegreen"
"169",181,"Donte Greene\greendo01","PF",23,"SAC",53,7,14.7,2,5,0.406,0.5,2,0.238,1.6,3,0.516,0.453,0.8,1,0.8,0.4,2.2,2.5,0.6,0.3,0.5,0.6,1.3,5.4,"dontegreene"
"170",182,"Blake Griffin\griffbl01","PF",22,"LAC",66,66,36.2,8.5,15.5,0.549,0,0.2,0.125,8.5,15.2,0.556,0.55,3.7,7.1,0.521,3.3,7.6,10.9,3.2,0.8,0.7,2.3,3.3,20.7,"blakegriffin"
"171",183,"Hamed Haddadi\haddaha01","C",26,"MEM",35,0,5.9,0.7,1.4,0.542,0,0,0,0.7,1.3,0.553,0.542,0.5,0.7,0.692,0.8,1.2,2,0.2,0,0.7,0.6,1.2,2,"hamedhaddadi"
"172",184,"Jordan Hamilton\hamiljo02","SF",21,"DEN",26,2,9.9,1.8,4.3,0.432,0.7,1.8,0.362,1.2,2.5,0.484,0.509,0.1,0.2,0.4,0.4,2,2.4,0.8,0.2,0.1,0.6,0.6,4.4,"jordanhamilton"
"173",185,"Richard Hamilton\hamilri01","SG",33,"CHI",28,28,24.9,5,11.1,0.452,0.6,1.6,0.37,4.4,9.4,0.466,0.479,1,1.3,0.784,0.7,1.6,2.4,3,0.4,0,1.8,2,11.6,"richardhamilton"
"174",186,"Tyler Hansbrough\hansbty01","PF",26,"IND",66,0,21.8,2.9,7.3,0.405,0,0,0,2.9,7.2,0.406,0.405,3.4,4.2,0.813,1.7,2.7,4.4,0.5,0.8,0.1,1,2.4,9.3,"tylerhansbrough"
"175",187,"Luke Harangody\haranlu01","PF",24,"CLE",21,1,11,1.1,3.1,0.354,0.2,1,0.238,0.9,2.1,0.409,0.392,0.4,0.6,0.75,1,1.6,2.5,0.3,0.3,0.1,0.2,0.8,2.9,"lukeharangody"
"176",188,"James Harden\hardeja01","SG",22,"OKC",62,2,31.4,5,10.1,0.491,1.8,4.7,0.39,3.1,5.4,0.579,0.582,5,6,0.846,0.5,3.6,4.1,3.7,1,0.2,2.2,2.4,16.8,"jamesharden"
"177",189,"Justin Harper\harpeju01","PF",22,"ORL",14,0,6,0.6,2.2,0.29,0.1,0.9,0.154,0.5,1.3,0.389,0.323,0,0.1,0,0.2,0.6,0.9,0.1,0.1,0.2,0.4,0.4,1.4,"justinharper"
"178",190,"Josh Harrellson\harrejo01","PF",22,"NYK",37,4,14.6,1.7,4,0.423,0.5,1.6,0.339,1.2,2.4,0.478,0.49,0.4,0.7,0.615,1.3,2.6,3.9,0.3,0.6,0.5,0.5,1.3,4.4,"joshharrellson"
"179",191,"Al Harrington\harrial01","PF",31,"DEN",64,1,27.5,5.4,12.1,0.446,1.6,4.7,0.333,3.8,7.3,0.519,0.512,1.9,2.8,0.676,1.1,5,6.1,1.4,0.9,0.2,1.8,2.8,14.2,"alharrington"
"180",192,"Devin Harris\harride01","PG",28,"UTA",63,63,27.6,3.8,8.6,0.445,1.2,3.4,0.362,2.6,5.2,0.498,0.516,2.5,3.3,0.746,0.2,1.6,1.8,5,1,0.2,1.9,2.2,11.3,"devinharris"
"181",193,"Manny Harris\harrima01","SG",22,"CLE",26,5,17.5,2.3,5.8,0.4,0.5,1.4,0.333,1.8,4.4,0.421,0.44,1.6,2.3,0.695,0.4,2.3,2.7,1.2,0.5,0.2,1,1.1,6.7,"mannyharris"
"182",194,"Terrel Harris\harrite01","SG",24,"MIA",22,1,14.5,1.3,3.8,0.349,0.4,1.8,0.205,1,2,0.477,0.398,0.6,1,0.667,0.8,1.5,2.3,1.2,0.4,0.1,1.1,1.5,3.6,"terrelharris"
"183",195,"Tobias Harris\harrito02","SF",19,"MIL",42,9,11.4,1.9,4,0.467,0.1,0.5,0.261,1.7,3.5,0.5,0.485,1,1.3,0.815,0.7,1.7,2.4,0.5,0.3,0.2,0.7,1.1,5,"tobiasharris"
"184",196,"Udonis Haslem\hasleud01","PF",31,"MIA",64,10,24.8,2.4,5.6,0.423,0,0,NA,2.4,5.6,0.423,0.423,1.3,1.6,0.814,1.8,5.5,7.3,0.7,0.5,0.4,0.9,2.2,6,"udonishaslem"
"185",197,"Spencer Hawes\hawessp01","C",23,"PHI",37,29,24.9,4.2,8.6,0.489,0.1,0.3,0.25,4.1,8.3,0.498,0.494,1.1,1.5,0.727,2.1,5.2,7.3,2.6,0.4,1.3,1.5,2.7,9.6,"spencerhawes"
"186",198,"Chuck Hayes\hayesch01","C",28,"SAC",54,9,19.2,1.4,3.1,0.429,0,0,0,1.4,3.1,0.435,0.429,0.5,0.7,0.667,1.3,3,4.3,1.4,0.7,0.3,0.9,2.1,3.2,"chuckhayes"
"187",199,"Gordon Hayward\haywago01","SF",21,"UTA",66,58,30.5,4,8.9,0.456,0.8,2.4,0.346,3.2,6.5,0.496,0.503,2.9,3.5,0.832,0.9,2.6,3.5,3.1,0.8,0.6,1.7,1.6,11.8,"gordonhayward"
"188",200,"Lazar Hayward\haywala01","SF",25,"OKC",26,0,5.4,0.5,1.5,0.342,0.2,0.5,0.286,0.3,0.9,0.375,0.395,0.3,0.5,0.583,0.1,0.5,0.6,0.2,0.1,0,0.3,0.7,1.4,"lazarhayward"
"189",201,"Brendan Haywood\haywobr01","C",32,"DAL",54,54,21.2,2.2,4.2,0.518,0,0,NA,2.2,4.2,0.518,0.518,0.8,1.8,0.469,2.6,3.4,6,0.4,0.4,1,0.9,2.2,5.2,"brendanhaywood"
"190",202,"Gerald Henderson\hendege02","SG",24,"CHA",55,55,33.3,6,13.1,0.459,0.2,0.9,0.234,5.8,12.3,0.475,0.467,2.8,3.7,0.76,1.2,2.9,4.1,2.3,0.9,0.4,1.8,2.3,15.1,"geraldhenderson"
"191",203,"Xavier Henry\henryxa01","SG",20,"NOH",45,0,16.9,2,5.1,0.395,0.2,0.4,0.412,1.8,4.7,0.393,0.41,1.2,1.9,0.612,0.5,1.8,2.4,0.8,0.6,0.2,0.8,1.3,5.3,"xavierhenry"
"192",204,"Roy Hibbert\hibbero01","C",25,"IND",65,65,29.8,5.1,10.3,0.497,0,0,0,5.1,10.3,0.498,0.497,2.6,3.7,0.711,3.3,5.5,8.8,1.7,0.5,2,2,3,12.8,"royhibbert"
"193",206,"Cory Higgins\higgico01","PG",22,"CHA",38,0,11.1,1.4,4.2,0.325,0.1,0.5,0.2,1.3,3.7,0.343,0.338,1.1,1.6,0.7,0.2,0.7,0.9,0.9,0.1,0.2,1,1.1,3.9,"coryhiggins"
"194",208,"George Hill\hillge01","PG",25,"IND",50,9,25.5,3.4,7.6,0.442,1.1,2.9,0.367,2.3,4.7,0.489,0.513,1.8,2.3,0.778,0.6,2.4,3,2.9,0.8,0.3,1,2,9.6,"georgehill"
"195",209,"Grant Hill\hillgr01","SF",39,"PHO",49,46,28.1,4.1,9.2,0.446,0.3,1.1,0.264,3.8,8.1,0.47,0.461,1.7,2.2,0.761,0.6,2.9,3.5,2.2,0.8,0.6,1.3,1.8,10.2,"granthill"
"196",211,"Kirk Hinrich\hinriki01","SG",31,"ATL",48,31,25.8,2.5,6.1,0.414,1,2.8,0.346,1.6,3.3,0.472,0.493,0.5,0.7,0.781,0.2,1.9,2.1,2.8,0.8,0.2,1.2,2.1,6.6,"kirkhinrich"
"197",212,"Darington Hobson\hobsoda01","SG",24,"MIL",5,0,7.8,0.4,2.6,0.154,0,1.2,0,0.4,1.4,0.286,0.154,0,0,NA,0,0.6,0.6,1.2,0,0,0.4,0.2,0.8,"daringtonhobson"
"198",213,"Jrue Holiday\holidjr01","PG",21,"PHI",65,65,33.8,5.5,12.8,0.432,1,2.6,0.38,4.5,10.2,0.445,0.471,1.4,1.8,0.783,0.9,2.4,3.3,4.5,1.6,0.3,2.1,2.1,13.5,"jrueholiday"
"199",215,"Tyler Honeycutt\honeyty01","SF",21,"SAC",15,0,5.9,0.5,1.6,0.333,0.1,0.2,0.333,0.5,1.4,0.333,0.354,0.2,0.3,0.6,0.2,0.7,0.9,0.5,0.3,0.2,0.1,0.2,1.3,"tylerhoneycutt"
"200",216,"Al Horford\horfoal01","C",25,"ATL",11,11,31.6,5.2,9.4,0.553,0,0.1,0,5.2,9.3,0.559,0.553,2,2.7,0.733,2.4,4.6,7,2.2,0.9,1.3,1.5,1.9,12.4,"alhorford"
"201",217,"Dennis Horner\hornede01","PF",23,"NJN",8,0,2.8,0.1,0.5,0.25,0,0.1,0,0.1,0.4,0.333,0.25,0.4,0.5,0.75,0.3,0.4,0.6,0,0,0,0.1,0.1,0.6,"dennishorner"
"202",218,"Dwight Howard\howardw01","C",26,"ORL",54,54,38.3,7.7,13.4,0.573,0,0.1,0,7.7,13.3,0.579,0.573,5.2,10.6,0.491,3.7,10.8,14.5,1.9,1.5,2.1,3.2,2.9,20.6,"dwighthoward"
"203",219,"Josh Howard\howarjo01","SF",31,"UTA",43,18,23,3.3,8.4,0.399,0.2,0.9,0.243,3.1,7.5,0.417,0.411,1.7,2.3,0.773,0.9,2.8,3.7,1.2,0.7,0.2,1.2,2.1,8.7,"joshhoward"
"204",220,"Juwan Howard\howarju01","PF",38,"MIA",28,0,6.8,0.6,2,0.309,0,0,NA,0.6,2,0.309,0.309,0.3,0.4,0.8,0.6,1,1.7,0.4,0.1,0,0.7,0.6,1.5,"juwanhoward"
"205",222,"Larry Hughes\hughela01","PG",33,"ORL",9,0,12.7,0.6,2.4,0.227,0.1,0.8,0.143,0.4,1.7,0.267,0.25,0.1,0.2,0.5,0.1,0.4,0.6,0.8,0.2,0,1.3,1.1,1.3,"larryhughes"
"206",223,"Kris Humphries\humphkr01","PF",26,"NJN",62,62,34.9,5.2,10.8,0.481,0,0,NA,5.2,10.8,0.481,0.481,3.4,4.5,0.752,3.8,7.2,11,1.5,0.8,1.2,1.9,2.8,13.8,"krishumphries"
"207",224,"Serge Ibaka\ibakase01","PF",22,"OKC",66,66,27.2,4,7.4,0.535,0,0,0.333,4,7.4,0.536,0.536,1.2,1.8,0.661,2.9,4.6,7.5,0.4,0.5,3.7,1.2,2.7,9.1,"sergeibaka"
"208",225,"Andre Iguodala\iguodan01","SF",28,"PHI",62,62,35.6,4.6,10.2,0.454,1.2,3.1,0.394,3.4,7.1,0.481,0.514,2,3.2,0.617,0.9,5.2,6.1,5.5,1.7,0.5,1.9,1.5,12.4,"andreiguodala"
"209",226,"Ersan Ilyasova\ilyaser01","PF",24,"MIL",60,41,27.6,4.9,10,0.492,0.9,1.9,0.455,4.1,8.1,0.501,0.535,2.4,3.1,0.781,3.3,5.6,8.8,1.2,0.7,0.7,1.3,2.2,13,"ersanilyasova"
"210",227,"Kyrie Irving\irvinky01","PG",19,"CLE",51,51,30.5,6.9,14.6,0.469,1.4,3.6,0.399,5.4,11.1,0.491,0.517,3.4,3.8,0.872,0.9,2.9,3.7,5.4,1.1,0.4,3.1,2.2,18.5,"kyrieirving"
"211",228,"Royal Ivey\iveyro01","SG",30,"OKC",34,0,10.4,0.8,2.1,0.356,0.5,1.6,0.34,0.2,0.6,0.4,0.479,0,0.2,0.125,0,0.7,0.7,0.3,0.4,0,0.3,1.1,2.1,"royalivey"
"212",229,"Jarrett Jack\jackja01","PG",28,"NOH",45,39,34,5.9,13,0.456,0.9,2.5,0.348,5,10.5,0.482,0.49,2.9,3.3,0.872,0.5,3.4,3.9,6.3,0.7,0.2,2.4,2.1,15.6,"jarrettjack"
"213",230,"Reggie Jackson\jacksre01","PG",21,"OKC",45,0,11.1,1.1,3.5,0.321,0.3,1.4,0.21,0.8,2.2,0.392,0.362,0.6,0.6,0.862,0.3,0.9,1.2,1.6,0.6,0,0.8,0.7,3.1,"reggiejackson"
"214",232,"Damion James\jamesda01","SF",24,"NJN",7,7,24.3,1.9,5,0.371,0,0.1,0,1.9,4.9,0.382,0.371,1.1,1.7,0.667,1,3.7,4.7,0.4,1,1,1.7,2.4,4.9,"damionjames"
"215",233,"LeBron James\jamesle01","SF",27,"MIA",62,62,37.5,10,18.9,0.531,0.9,2.4,0.362,9.1,16.5,0.556,0.554,6.2,8.1,0.771,1.5,6.4,7.9,6.2,1.9,0.8,3.4,1.5,27.1,"lebronjames"
"216",234,"Mike James\jamesmi01","PG",36,"CHI",11,0,10.9,1.8,4.5,0.408,0.5,0.9,0.6,1.3,3.5,0.359,0.469,0.6,0.7,0.875,0.2,0.7,0.9,2.6,0.4,0.2,1.3,1.8,4.8,"mikejames"
"217",235,"Antawn Jamison\jamisan01","PF",35,"CLE",65,65,33.1,6.5,16.1,0.403,1.4,4.1,0.341,5.1,12,0.425,0.447,2.8,4.2,0.683,1.9,4.4,6.3,2,0.8,0.7,1.4,2.5,17.2,"antawnjamison"
"218",236,"Al Jefferson\jeffeal01","C",27,"UTA",61,61,34,8.5,17.2,0.492,0,0.1,0.25,8.4,17.1,0.493,0.493,2.2,2.9,0.774,2.2,7.4,9.6,2.2,0.8,1.7,1,2.5,19.2,"aljefferson"
"219",238,"Jared Jeffries\jeffrja01","PF",30,"NYK",39,4,18.7,1.5,3.7,0.41,0.1,0.4,0.188,1.4,3.3,0.438,0.42,1.3,1.8,0.681,1.8,2.1,3.9,0.7,0.7,0.6,0.7,2.3,4.4,"jaredjeffries"
"220",239,"Charles Jenkins\jenkich01","PG",22,"GSW",51,28,17.5,2.5,5.7,0.447,0.1,0.4,0.15,2.5,5.3,0.469,0.452,0.7,0.8,0.872,0.2,1.2,1.3,3.3,0.6,0.1,1.2,1.7,5.8,"charlesjenkins"
"221",240,"Brandon Jennings\jennibr01","PG",22,"MIL",66,66,35.3,7.1,17,0.418,2,5.9,0.332,5.2,11.1,0.464,0.476,2.9,3.6,0.808,0.7,2.7,3.4,5.5,1.6,0.3,2.2,1.7,19.1,"brandonjennings"
"222",241,"Jonas Jerebko\jerebjo01","PF",24,"DET",64,13,22.9,3.3,7.1,0.468,0.5,1.7,0.302,2.8,5.4,0.519,0.503,1.6,1.9,0.806,1.5,3.3,4.8,0.7,0.6,0.3,1,2.5,8.7,"jonasjerebko"
"223",242,"Yi Jianlian\jianlyi01","PF",24,"DAL",30,0,6.8,1,2.7,0.378,0.1,0.3,0.3,0.9,2.4,0.389,0.396,0.5,0.7,0.667,0.4,1.2,1.6,0.2,0.2,0.3,0.5,0.8,2.6,"yijianlian"
"224",243,"Amir Johnson\johnsam01","PF",24,"TOR",64,43,24.3,3.1,5.3,0.576,0,0.1,0.4,3,5.2,0.579,0.579,0.9,1.3,0.69,2.3,4,6.4,1.2,0.5,1.1,1.5,3.3,7.1,"amirjohnson"
"225",245,"Carldell Johnson\johnsca01","PG",29,"NOH",15,0,7.9,0.7,2.3,0.314,0.3,1,0.267,0.5,1.3,0.35,0.371,0.1,0.2,0.333,0.1,0.5,0.6,1.5,0.5,0,0.5,0.7,1.8,"carldelljohnson"
"226",247,"Ivan Johnson\johnsiv01","PF",27,"ATL",56,0,16.7,2.5,4.9,0.513,0,0.1,0.333,2.5,4.8,0.517,0.516,1.3,1.8,0.72,1.2,2.9,4,0.6,0.8,0.3,1.2,2.1,6.4,"ivanjohnson"
"227",248,"JaJuan Johnson\johnsja02","PF",22,"BOS",36,0,8.3,1.5,3.4,0.446,0,0,NA,1.5,3.4,0.446,0.446,0.2,0.3,0.667,0.6,1.1,1.6,0.2,0.1,0.4,0.4,0.7,3.2,"jajuanjohnson"
"228",249,"James Johnson\johnsja01","SF",24,"TOR",62,40,25.2,3.8,8.4,0.45,0.3,1,0.317,3.5,7.4,0.467,0.468,1.3,1.9,0.704,1.2,3.5,4.7,2,1.1,1.4,1.6,2.9,9.1,"jamesjohnson"
"229",250,"Joe Johnson\johnsjo02","SG",30,"ATL",60,60,35.5,7.1,15.5,0.454,2.1,5.4,0.388,5,10.2,0.489,0.521,2.6,3.1,0.849,0.9,2.8,3.7,3.9,0.8,0.2,1.9,1.3,18.8,"joejohnson"
"230",251,"Trey Johnson\johnstr01","SG",27,"NOH",11,0,5.5,0.7,1.3,0.571,0,0,NA,0.7,1.3,0.571,0.571,0.5,0.5,1,0.3,0.8,1.1,0.4,0.1,0,0.5,0.9,1.9,"treyjohnson"
"231",252,"Wesley Johnson\johnswe01","SF",24,"MIN",65,64,22.6,2.4,6.1,0.398,0.8,2.6,0.314,1.6,3.5,0.461,0.465,0.4,0.5,0.706,0.4,2.4,2.7,0.9,0.5,0.7,0.9,1.8,6,"wesleyjohnson"
"232",253,"Dahntay Jones\jonesda02","SF",31,"IND",65,3,16.2,1.8,4.3,0.409,0.5,1.2,0.429,1.3,3.1,0.402,0.468,1.3,1.5,0.838,0.4,1.4,1.8,1,0.4,0.2,0.7,1.8,5.3,"dahntayjones"
"233",254,"Dominique Jones\jonesdo02","SG",23,"DAL",33,1,8.1,0.9,2.2,0.397,0,0.2,0.125,0.8,2,0.431,0.404,0.9,1.1,0.784,0.3,1.1,1.3,1.3,0.3,0.2,0.8,0.8,2.7,"dominiquejones"
"234",255,"James Jones\jonesja02","SG",31,"MIA",51,10,13.1,1.1,2.9,0.38,0.9,2.2,0.404,0.2,0.7,0.306,0.533,0.5,0.6,0.833,0.1,0.8,1,0.4,0.3,0.2,0.2,0.9,3.6,"jamesjones"
"235",257,"DeAndre Jordan\jordade01","C",23,"LAC",66,66,27.2,3.1,4.9,0.632,0,0,0,3.1,4.9,0.634,0.632,1.1,2.1,0.525,3.1,5.2,8.3,0.3,0.5,2,1.1,2.9,7.4,"deandrejordan"
"236",258,"Jerome Jordan\jordaje01","C",25,"NYK",21,0,5.1,0.8,1.6,0.515,0,0,NA,0.8,1.6,0.515,0.515,0.4,0.5,0.8,0.7,0.6,1.3,0.2,0,0.3,0.1,0.7,2,"jeromejordan"
"237",259,"Cory Joseph\josepco01","PG",20,"SAS",29,1,9.2,0.8,2.4,0.314,0.1,0.5,0.2,0.7,1.9,0.345,0.336,0.4,0.6,0.647,0.2,0.7,0.9,1.2,0.2,0.1,0.4,0.6,2,"coryjoseph"
"238",260,"Chris Kaman\kamanch01","C",29,"NOH",47,33,29.2,5.7,12.7,0.446,0,0,NA,5.7,12.7,0.446,0.446,1.8,2.3,0.785,1.9,5.9,7.7,2.1,0.5,1.6,2.7,2.3,13.1,"chriskaman"
"239",261,"Enes Kanter\kanteen01","C",19,"UTA",66,0,13.2,1.8,3.6,0.496,0,0,0,1.8,3.6,0.498,0.496,1.1,1.6,0.667,1.6,2.6,4.2,0.1,0.3,0.3,0.8,1.3,4.6,"eneskanter"
"240",262,"Jason Kapono\kaponja01","SG",30,"LAL",27,0,10,0.8,2,0.382,0.3,1,0.296,0.5,1,0.464,0.455,0.1,0.1,1,0.1,0.4,0.5,0.4,0.1,0,0.2,0.8,2,"jasonkapono"
"241",263,"D.J. Kennedy\kennedj01","SF",22,"CLE",2,0,29.5,2.5,6,0.417,1,2,0.5,1.5,4,0.375,0.5,0,1,0,0.5,3,3.5,1.5,1,0,1.5,3.5,6,"djkennedy"
"242",264,"Jason Kidd\kiddja01","PG",38,"DAL",48,48,28.7,2.1,5.7,0.363,1.6,4.6,0.354,0.4,1,0.4,0.507,0.5,0.6,0.786,0.3,3.8,4.1,5.5,1.7,0.2,1.9,1.7,6.2,"jasonkidd"
"243",265,"Linas Kleiza\kleizli01","SF",27,"TOR",49,3,21.6,3.4,8.4,0.402,1.3,3.7,0.346,2.1,4.7,0.446,0.478,1.7,2,0.81,0.9,3.2,4.1,0.9,0.5,0.1,1.3,2.4,9.7,"linaskleiza"
"244",266,"Brandon Knight\knighbr03","PG",20,"DET",66,60,32.3,4.8,11.7,0.415,1.6,4.2,0.38,3.2,7.5,0.434,0.483,1.6,2.1,0.759,0.5,2.7,3.2,3.8,0.7,0.2,2.6,2.3,12.8,"brandonknight"
"245",267,"Kyle Korver\korveky01","SG",30,"CHI",65,7,22.6,2.7,6.3,0.432,1.8,4.2,0.435,0.9,2.2,0.426,0.575,0.8,1,0.833,0.4,2,2.4,1.7,0.6,0.2,0.8,1.7,8.1,"kylekorver"
"246",268,"Kosta Koufos\koufoko01","C",22,"DEN",48,24,16.5,2.4,4,0.599,0,0,NA,2.4,4,0.599,0.599,0.7,1.1,0.6,2,3.4,5.4,0.3,0.5,0.9,0.7,2,5.5,"kostakoufos"
"247",269,"Carl Landry\landrca01","PF",28,"NOH",41,8,24.4,4.4,8.8,0.503,0,0.1,0,4.4,8.8,0.507,0.503,3.6,4.5,0.799,1.9,3.3,5.2,0.9,0.3,0.3,1.6,2.2,12.5,"carllandry"
"248",270,"Ty Lawson\lawsoty01","PG",24,"DEN",61,61,34.8,6.1,12.6,0.488,1.2,3.3,0.365,4.9,9.3,0.531,0.535,2.9,3.5,0.824,0.9,2.8,3.7,6.6,1.3,0.1,2.4,1.5,16.4,"tylawson"
"249",271,"Courtney Lee\leeco01","SG",26,"HOU",58,26,30.3,4.3,10,0.433,1.5,3.7,0.401,2.8,6.3,0.452,0.508,1.2,1.5,0.826,0.4,2.3,2.7,1.5,1.2,0.4,1.1,1.8,11.4,"courtneylee"
"250",272,"David Lee\leeda02","PF",28,"GSW",57,57,37.2,8.1,16.2,0.503,0,0.1,0,8.1,16.1,0.506,0.503,3.8,4.9,0.782,3,6.6,9.6,2.8,0.9,0.4,2.6,3.1,20.1,"davidlee"
"251",273,"Malcolm Lee\leema01","SG",21,"MIN",19,0,12.8,1.2,3.1,0.39,0.1,0.5,0.2,1.1,2.6,0.429,0.407,0.7,0.9,0.824,0.5,0.9,1.4,1.6,0.4,0.2,0.9,1.2,3.3,"malcolmlee"
"252",274,"Kawhi Leonard\leonaka01","SF",20,"SAS",64,39,24,3.1,6.3,0.493,0.6,1.7,0.376,2.5,4.6,0.536,0.543,1.1,1.4,0.773,1.6,3.5,5.1,1.1,1.3,0.4,0.7,1.4,7.9,"kawhileonard"
"253",275,"Travis Leslie\leslitr01","SG",21,"LAC",10,0,4.5,0.5,1.4,0.357,0,0,NA,0.5,1.4,0.357,0.357,0.4,0.9,0.444,0.6,0.3,0.9,0.5,0.2,0.2,0.2,0.4,1.4,"travisleslie"
"254",276,"Jon Leuer\leuerjo01","PF",22,"MIL",46,12,12.1,2.1,4.2,0.508,0.1,0.2,0.333,2,4,0.516,0.516,0.5,0.6,0.75,1,1.6,2.6,0.5,0.3,0.4,0.4,1.5,4.7,"jonleuer"
"255",277,"Rashard Lewis\lewisra02","SF",32,"WAS",28,15,26,3,7.9,0.385,0.6,2.4,0.239,2.5,5.5,0.448,0.421,1.1,1.3,0.838,1.2,2.7,3.9,1,0.8,0.4,1.1,1.8,7.8,"rashardlewis"
"256",278,"DeAndre Liggins\liggide01","SF",23,"ORL",17,0,6.8,0.7,1.5,0.48,0,0.2,0,0.7,1.2,0.571,0.48,0.5,1.1,0.474,0.4,0.5,0.9,0.3,0.4,0,0.6,0.4,1.9,"deandreliggins"
"257",279,"Jeremy Lin\linje01","PG",23,"NYK",35,25,26.9,4.9,10.9,0.446,0.7,2.1,0.32,4.2,8.8,0.477,0.478,4.2,5.2,0.798,0.5,2.5,3.1,6.2,1.6,0.3,3.6,2.2,14.6,"jeremylin"
"258",280,"Shaun Livingston\livinsh01","SG",26,"MIL",58,27,18.8,2.2,4.7,0.469,0,0.1,0.667,2.2,4.6,0.466,0.472,1.1,1.4,0.785,0.7,1.4,2.1,2.1,0.5,0.3,1.1,1.4,5.5,"shaunlivingston"
"259",281,"Brook Lopez\lopezbr01","C",23,"NJN",5,5,27.2,7.6,15.4,0.494,0,0,NA,7.6,15.4,0.494,0.494,4,6.4,0.625,1.6,2,3.6,1.2,0.2,0.8,1.2,1.6,19.2,"brooklopez"
"260",282,"Robin Lopez\lopezro01","C",23,"PHO",64,0,14,1.9,4.2,0.461,0,0,NA,1.9,4.2,0.461,0.461,1.6,2.2,0.714,1.4,1.9,3.3,0.3,0.3,0.9,0.7,2,5.4,"robinlopez"
"261",283,"Kevin Love\loveke01","PF",23,"MIN",55,55,39,8.6,19.3,0.448,1.9,5.1,0.372,6.7,14.1,0.475,0.497,6.9,8.4,0.824,4.1,9.2,13.3,2,0.9,0.5,2.3,2.8,26,"kevinlove"
"262",284,"Kyle Lowry\lowryky01","PG",25,"HOU",47,38,32.1,4.5,10.9,0.409,1.7,4.5,0.374,2.8,6.4,0.434,0.486,3.6,4.2,0.864,0.8,3.7,4.5,6.6,1.6,0.3,2.8,2.8,14.3,"kylelowry"
"263",285,"John Lucas III\lucasjo02","PG",29,"CHI",49,2,14.8,2.9,7.3,0.399,1.1,2.9,0.393,1.8,4.4,0.404,0.476,0.6,0.7,0.875,0.4,1.1,1.6,2.2,0.4,0,0.9,0.9,7.5,"johnlucasiii"
"264",286,"Shelvin Mack\macksh01","PG",21,"WAS",64,0,12.2,1.4,3.4,0.4,0.2,0.7,0.286,1.2,2.8,0.427,0.427,0.7,0.9,0.712,0.2,1.3,1.4,2,0.4,0,0.8,0.8,3.6,"shelvinmack"
"265",287,"Vernon Macklin\macklve01","C",25,"DET",23,0,5.9,0.8,1.5,0.543,0,0,NA,0.8,1.5,0.543,0.543,0.3,0.6,0.571,0.6,0.9,1.5,0.2,0.2,0.2,0.1,0.4,2,"vernonmacklin"
"266",288,"Corey Maggette\maggeco01","SF",32,"CHA",32,28,27.5,4.3,11.7,0.373,0.8,2.1,0.364,3.6,9.6,0.375,0.405,5.6,6.5,0.856,0.7,3.3,3.9,1.2,0.7,0,1.8,2.6,15,"coreymaggette"
"267",289,"Jamaal Magloire\magloja01","C",33,"TOR",34,1,11,0.5,1.3,0.378,0,0,NA,0.5,1.3,0.378,0.378,0.2,0.8,0.259,0.7,2.6,3.3,0.2,0.1,0.3,0.6,1.9,1.2,"jamaalmagloire"
"268",290,"Ian Mahinmi\mahinia01","C",25,"DAL",61,12,18.7,2.1,3.9,0.546,0,0,0,2.1,3.9,0.549,0.546,1.5,2.4,0.639,1.8,3,4.7,0.2,0.6,0.5,0.8,2.9,5.8,"ianmahinmi"
"269",291,"Shawn Marion\mariosh01","SF",33,"DAL",63,63,30.5,4.6,10.3,0.446,0.3,1.1,0.294,4.3,9.2,0.464,0.461,1.2,1.5,0.796,2.3,5.1,7.4,2.1,1.1,0.6,1.6,1.4,10.6,"shawnmarion"
"270",292,"Cartier Martin\martica01","SF",27,"WAS",17,2,23,3.5,7.9,0.44,1.7,4.4,0.387,1.8,3.5,0.508,0.549,0.6,1.1,0.579,0.7,2.7,3.4,0.6,0.6,0.1,0.8,2.1,9.3,"cartiermartin"
"271",293,"Kenyon Martin\martike01","PF",34,"LAC",42,0,22.4,2.3,5.2,0.441,0.1,0.3,0.231,2.2,4.9,0.454,0.448,0.5,1.3,0.37,1.2,3.1,4.3,0.4,1,1,0.8,2.5,5.2,"kenyonmartin"
"272",294,"Kevin Martin\martike02","SG",28,"HOU",40,40,31.6,5.6,13.4,0.413,2,5.6,0.347,3.6,7.8,0.462,0.486,4,4.5,0.894,0.3,2.3,2.7,2.8,0.7,0.1,1.8,1.8,17.1,"kevinmartin"
"273",295,"Roger Mason\masonro01","SG",31,"WAS",52,0,13.4,2,5,0.399,1.1,3,0.383,0.8,2,0.423,0.514,0.4,0.5,0.778,0.1,1.2,1.3,0.9,0.3,0.1,0.6,0.6,5.5,"rogermason"
"274",296,"Wesley Matthews\matthwe02","SG",25,"POR",66,53,33.8,4.8,11.6,0.412,2,5.1,0.383,2.8,6.5,0.434,0.496,2.2,2.6,0.86,0.8,2.5,3.4,1.7,1.5,0.2,1.1,2.2,13.7,"wesleymatthews"
"275",297,"Jason Maxiell\maxieja01","PF",28,"DET",65,42,22.6,2.8,5.9,0.478,0,0,0,2.8,5.9,0.48,0.478,0.9,1.6,0.547,1.9,3.2,5.1,0.6,0.5,0.8,1.1,2.3,6.5,"jasonmaxiell"
"276",298,"Eric Maynor\maynoer01","PG",24,"OKC",9,0,15.2,1.6,4.3,0.359,0.7,1.9,0.353,0.9,2.4,0.364,0.436,0.4,0.4,1,0.3,1.1,1.4,2.4,0.6,0,1.2,1.4,4.2,"ericmaynor"
"277",299,"O.J. Mayo\mayooj01","SG",24,"MEM",66,0,26.8,4.5,11.2,0.408,1.5,4.2,0.364,3,7,0.434,0.476,2,2.6,0.773,0.5,2.7,3.2,2.6,1.1,0.3,1.9,2.1,12.6,"ojmayo"
"278",300,"Luc Mbah a Moute\mbahalu01","PF",25,"MIL",43,22,23.5,3.1,6.1,0.51,0,0.1,0.25,3.1,6,0.514,0.511,1.5,2.4,0.641,1.8,3.5,5.3,0.7,0.9,0.5,0.9,2.2,7.7,"lucmbahamoute"
"279",302,"Tracy McGrady*\mcgratr01","SF",32,"ATL",52,0,16.1,1.9,4.4,0.437,0.3,0.6,0.455,1.7,3.8,0.434,0.47,1.1,1.6,0.675,0.4,2.5,3,2.1,0.3,0.3,1,0.7,5.3,"tracymcgrady"
"280",303,"Dominic McGuire\mcguido01","PF",26,"GSW",64,6,17.6,1.5,3.3,0.448,0,0.1,0,1.5,3.2,0.456,0.448,0.6,0.8,0.736,1.1,2.7,3.8,1.7,0.7,0.6,0.9,1.6,3.5,"dominicmcguire"
"281",304,"Josh McRoberts\mcrobjo01","PF",24,"LAL",50,6,14.4,1.1,2.4,0.475,0.1,0.1,0.429,1.1,2.2,0.477,0.487,0.5,0.7,0.639,1.2,2.2,3.4,1,0.3,0.4,0.6,1.5,2.8,"joshmcroberts"
"282",305,"Jodie Meeks\meeksjo01","SG",24,"PHI",66,50,24.9,2.9,7.1,0.409,1.5,4,0.365,1.4,3,0.468,0.513,1.2,1.3,0.906,0.3,2.2,2.4,0.8,0.6,0,0.4,1.2,8.4,"jodiemeeks"
"283",306,"C.J. Miles\milescj01","SG",24,"UTA",56,14,20.4,3.2,8.3,0.381,0.8,2.7,0.307,2.3,5.6,0.416,0.43,1.9,2.4,0.794,0.5,1.6,2.1,1.2,0.8,0.3,0.9,2.2,9.1,"cjmiles"
"284",307,"Darko Milicic\milicda01","C",26,"MIN",29,23,16.3,2,4.5,0.454,0,0,NA,2,4.5,0.454,0.454,0.6,1.3,0.432,1.2,2.1,3.3,0.6,0.3,0.9,1.1,2,4.6,"darkomilicic"
"285",308,"Andre Miller\millean02","SG",35,"DEN",66,7,27.4,3.7,8.4,0.438,0.3,1.3,0.217,3.4,7.1,0.478,0.455,2.1,2.6,0.811,0.8,2.5,3.3,6.7,1,0.1,2.7,2,9.7,"andremiller"
"286",309,"Brad Miller\millebr01","C",35,"MIN",15,1,9.7,0.6,1.8,0.333,0.5,1,0.467,0.1,0.8,0.167,0.463,0.7,0.8,0.833,0.3,1,1.3,1.6,0.3,0.1,0.8,0.7,2.3,"bradmiller"
"287",310,"Mike Miller\millemi01","SG",31,"MIA",39,2,19.3,2.3,5.4,0.435,1.4,3,0.453,1,2.4,0.413,0.562,0.1,0.1,0.4,0.6,2.7,3.3,1.1,0.4,0.2,0.8,1.5,6.1,"mikemiller"
"288",311,"Patty Mills\millspa02","PG",23,"SAS",16,3,16.3,3.9,8.1,0.485,1.5,3.5,0.429,2.4,4.6,0.527,0.577,0.9,0.9,1,0.3,1.5,1.8,2.4,0.6,0.1,1.6,0.9,10.3,"pattymills"
"289",312,"Paul Millsap\millspa01","PF",26,"UTA",64,62,32.8,6.7,13.5,0.495,0.1,0.5,0.226,6.5,13,0.505,0.499,3.2,4,0.792,2.8,6,8.8,2.3,1.8,0.8,1.8,3.5,16.6,"paulmillsap"
"290",313,"Nazr Mohammed\mohamna01","C",34,"OKC",63,1,11,1.3,2.7,0.467,0,0,0,1.3,2.7,0.47,0.467,0.2,0.4,0.565,0.9,1.8,2.7,0.2,0.3,0.6,0.4,1.6,2.7,"nazrmohammed"
"291",314,"Greg Monroe\monrogr01","C",21,"DET",66,66,31.5,6.2,11.8,0.521,0,0,0,6.2,11.8,0.522,0.521,3,4.1,0.739,3.6,6,9.7,2.3,1.3,0.7,2.4,2.7,15.4,"gregmonroe"
"292",315,"Jamario Moon\moonja01","SF",31,"CHA",8,0,15.4,0.9,3,0.292,0.3,1.3,0.2,0.6,1.8,0.357,0.333,0.3,0.3,1,0.3,2.5,2.8,0.6,0.1,0.6,1,0.6,2.3,"jamariomoon"
"293",316,"E'Twaun Moore\mooreet01","PG",22,"BOS",38,0,8.7,1.1,3,0.381,0.4,1.2,0.378,0.7,1.8,0.382,0.456,0.2,0.2,1,0.1,0.8,0.9,0.9,0.3,0.1,0.6,0.9,2.9,"etwaunmoore"
"294",317,"Mikki Moore\mooremi01","C",36,"GSW",7,0,16.9,1.3,2.9,0.45,0,0,NA,1.3,2.9,0.45,0.45,0.9,1,0.857,1,2.1,3.1,0.7,0.4,0.4,1,3.4,3.4,"mikkimoore"
"295",318,"Darius Morris\morrida01","PG",21,"LAL",19,0,8.9,0.9,2.2,0.429,0.2,0.5,0.444,0.7,1.7,0.424,0.476,0.3,0.5,0.667,0.1,0.7,0.8,1.1,0.1,0,1,0.8,2.4,"dariusmorris"
"296",319,"Marcus Morris\morrima03","PF",22,"HOU",17,0,7.4,0.9,3.2,0.296,0.1,1,0.118,0.8,2.2,0.378,0.315,0.4,0.5,0.75,0.3,0.6,0.9,0.2,0.1,0.1,0.2,0.7,2.4,"marcusmorris"
"297",320,"Markieff Morris\morrima02","PF",22,"PHO",63,7,19.5,2.8,6.9,0.399,0.7,2,0.347,2.1,5,0.42,0.448,1.2,1.7,0.717,1.1,3.3,4.4,1,0.7,0.7,1.1,2.8,7.4,"markieffmorris"
"298",321,"Anthony Morrow\morroan01","SG",26,"NJN",62,18,26.4,4.4,10.6,0.413,1.7,4.6,0.371,2.7,6,0.446,0.494,1.6,1.7,0.933,0.5,1.5,2,1,0.7,0.1,1.1,1.4,12,"anthonymorrow"
"299",322,"Timofey Mozgov\mozgoti01","C",25,"DEN",44,35,15.6,2.3,4.3,0.526,0,0,NA,2.3,4.3,0.526,0.526,0.9,1.3,0.684,1.2,2.9,4.1,0.5,0.3,1,1.2,2,5.4,"timofeymozgov"
"300",323,"Byron Mullens\mulleby01","C",22,"CHA",65,25,22.5,3.9,9.1,0.425,0.2,0.8,0.235,3.7,8.3,0.443,0.435,1.4,1.7,0.821,1.5,3.6,5,0.9,0.3,0.8,1.1,2.1,9.3,"byronmullens"
"301",324,"Troy Murphy\murphtr01","PF",31,"LAL",59,0,16.2,1.3,2.9,0.45,0.5,1.1,0.418,0.8,1.8,0.471,0.532,0.1,0.2,0.667,0.7,2.6,3.2,0.9,0.3,0.3,0.4,1.7,3.2,"troymurphy"
"302",325,"Hamady N'Diaye\ndiayha01","C",25,"WAS",3,0,1,0,0.3,0,0,0,NA,0,0.3,0,0,0,0,NA,0,0,0,0,0,0,0,0,0,"hamadyndiaye"
"303",326,"Eduardo Najera\najered01","PF",35,"CHA",22,0,12.3,1.1,2.9,0.375,0.4,1.3,0.276,0.7,1.6,0.457,0.438,0.1,0.2,0.5,0.5,1.8,2.3,0.5,0.9,0.2,0.3,1.8,2.6,"eduardonajera"
"304",327,"Steve Nash\nashst01","PG",37,"PHO",62,62,31.6,4.8,9,0.532,0.9,2.3,0.39,3.9,6.7,0.58,0.581,2,2.3,0.894,0.4,2.6,3,10.7,0.6,0.1,3.7,0.9,12.5,"stevenash"
"305",328,"Gary Neal\nealga01","SG",27,"SAS",56,7,21.5,3.8,8.7,0.436,1.5,3.5,0.419,2.3,5.1,0.448,0.522,0.9,1.1,0.781,0.2,1.9,2.1,2.1,0.5,0,1.1,1.3,9.9,"garyneal"
"306",329,"Jameer Nelson\nelsoja01","PG",29,"ORL",57,57,29.9,4.5,10.6,0.427,1.5,4.1,0.377,3,6.6,0.459,0.499,1.2,1.5,0.807,0.5,2.7,3.2,5.7,0.7,0.1,2.4,2.3,11.9,"jameernelson"
"307",330,"Joakim Noah\noahjo01","C",26,"CHI",64,64,30.4,3.9,7.7,0.508,0,0,0,3.9,7.6,0.509,0.508,2.4,3.2,0.748,3.8,6,9.8,2.5,0.6,1.4,1.4,2.5,10.2,"joakimnoah"
"308",331,"Andres Nocioni\nocioan01","SF",32,"PHI",11,1,5.1,0.5,1.8,0.25,0.1,0.5,0.167,0.4,1.3,0.286,0.275,0.5,1,0.545,0.1,1.2,1.3,0.1,0.1,0.1,0.5,0.4,1.5,"andresnocioni"
"309",332,"Steve Novak\novakst01","PF",28,"NYK",54,0,18.9,3,6.2,0.478,2.5,5.2,0.472,0.5,1,0.509,0.675,0.4,0.5,0.846,0.2,1.8,1.9,0.2,0.3,0.2,0.4,1.1,8.8,"stevenovak"
"310",333,"Dirk Nowitzki\nowitdi01","PF",33,"DAL",62,62,33.5,7.6,16.7,0.457,1.3,3.4,0.368,6.4,13.3,0.481,0.495,5.1,5.7,0.896,0.7,6,6.7,2.2,0.7,0.5,1.9,2.1,21.6,"dirknowitzki"
"311",334,"Jermaine O'Neal\onealje01","C",33,"BOS",25,24,22.8,2.1,4.8,0.433,0,0,NA,2.1,4.8,0.433,0.433,0.8,1.2,0.677,1.5,3.9,5.4,0.4,0.3,1.7,0.8,3.2,5,"jermaineoneal"
"312",335,"Lamar Odom\odomla01","SF",32,"DAL",50,4,20.5,2.5,7,0.352,0.6,2.2,0.252,1.9,4.8,0.399,0.393,1.2,2,0.592,0.7,3.4,4.2,1.7,0.4,0.4,1,1.9,6.6,"lamarodom"
"313",336,"Emeka Okafor\okafoem01","C",29,"NOH",27,27,28.9,4.2,7.9,0.533,0,0,NA,4.2,7.9,0.533,0.533,1.4,2.7,0.514,2.6,5.3,7.9,0.9,0.6,1,1.4,2.7,9.9,"emekaokafor"
"314",337,"Mehmet Okur\okurme01","C",32,"NJN",17,14,26.7,3.1,8.2,0.374,1.4,4.2,0.319,1.7,3.9,0.433,0.457,0.2,0.3,0.6,1.3,3.5,4.8,1.8,0.5,0.3,1.5,2.6,7.6,"mehmetokur"
"315",338,"Daniel Orton\ortonda01","PF",21,"ORL",16,2,11.7,1.1,1.9,0.567,0,0.1,0,1.1,1.8,0.586,0.567,0.7,1.6,0.44,1.2,1.3,2.4,0.3,0.5,0.6,0.4,1.9,2.8,"danielorton"
"316",339,"Travis Outlaw\outlatr01","SF",27,"SAC",39,5,12.8,1.5,4.5,0.343,0.4,1.5,0.267,1.1,2.9,0.383,0.389,0.8,1.2,0.674,0.5,1.1,1.6,0.4,0.5,0.5,0.5,0.9,4.3,"travisoutlaw"
"317",340,"Larry Owens\owensla01","SF",29,"NJN",7,0,10.7,0.6,1.6,0.364,0.3,0.7,0.4,0.3,0.9,0.333,0.455,0.4,0.6,0.75,0.3,1.6,1.9,0.6,0,0.1,0.3,1.4,1.9,"larryowens"
"318",341,"Zaza Pachulia\pachuza01","C",27,"ATL",58,44,28.3,2.9,5.8,0.499,0,0,NA,2.9,5.8,0.499,0.499,2,2.7,0.741,2.7,5.2,7.9,1.4,0.9,0.5,1.4,3,7.8,"zazapachulia"
"319",342,"Jannero Pargo\pargoja01","PG",32,"ATL",50,0,13.4,2.1,5.1,0.415,1.1,2.8,0.384,1,2.3,0.452,0.52,0.4,0.4,0.95,0.2,1.3,1.5,1.9,0.4,0,1,1.3,5.6,"janneropargo"
"320",343,"Jeremy Pargo\pargoje01","PG",25,"MEM",44,5,9.6,1.1,3.4,0.333,0.2,0.9,0.263,0.9,2.5,0.357,0.367,0.4,0.6,0.593,0.3,0.6,0.8,1.3,0.3,0,1,1,2.9,"jeremypargo"
"321",344,"Anthony Parker\parkean01","SF",36,"CLE",51,51,25.1,2.8,6.4,0.433,1,2.7,0.362,1.8,3.7,0.484,0.509,0.7,1.1,0.625,0.2,2.5,2.7,2.4,0.7,0.1,1,1.3,7.2,"anthonyparker"
"322",345,"Tony Parker\parketo01","PG",29,"SAS",60,60,32.1,7.1,14.8,0.48,0.2,1,0.23,6.9,13.8,0.498,0.488,3.8,4.7,0.799,0.4,2.5,2.9,7.7,1,0.1,2.6,1.3,18.3,"tonyparker"
"323",346,"Chandler Parsons\parsoch01","SF",23,"HOU",63,57,28.6,3.9,8.7,0.452,1,2.8,0.337,3,5.9,0.507,0.506,0.7,1.2,0.551,1.4,3.3,4.8,2.1,1.2,0.5,1.3,2.3,9.5,"chandlerparsons"
"324",347,"Patrick Patterson\pattepa01","PF",22,"HOU",64,1,23.2,3.5,8,0.44,0,0,0,3.5,7.9,0.443,0.44,0.6,0.9,0.702,1.8,2.7,4.5,0.8,0.4,0.6,0.8,1.8,7.7,"patrickpatterson"
"325",348,"Chris Paul\paulch01","PG",26,"LAC",60,60,36.4,7.1,14.8,0.478,1.3,3.6,0.371,5.8,11.3,0.511,0.522,4.3,5,0.861,0.7,2.9,3.6,9.1,2.5,0.1,2.1,2.3,19.8,"chrispaul"
"326",349,"Sasha Pavlovic\pavloal01","SF",28,"BOS",45,7,11.7,1.1,2.8,0.391,0.4,1.3,0.293,0.7,1.6,0.471,0.457,0.1,0.2,0.375,0.1,1.5,1.6,0.4,0.4,0.3,0.4,1.2,2.7,"sashapavlovic"
"327",350,"Nikola Pekovic\pekovni01","C",26,"MIN",47,35,26.9,5.4,9.7,0.564,0,0,NA,5.4,9.7,0.564,0.564,3,4,0.743,3.9,3.5,7.4,0.7,0.6,0.7,1.9,2.1,13.9,"nikolapekovic"
"328",351,"Kendrick Perkins\perkike01","C",27,"OKC",65,65,26.8,2,4,0.489,0,0,NA,2,4,0.489,0.489,1.1,1.7,0.652,1.8,4.7,6.6,1.2,0.4,1.1,1.8,2.9,5.1,"kendrickperkins"
"329",352,"Johan Petro\petrojo01","C",26,"NJN",59,10,15.6,1.8,4.4,0.419,0,0,1,1.8,4.4,0.417,0.421,0.5,0.6,0.838,1.2,2.6,3.8,0.8,0.4,0.4,0.6,2.1,4.2,"johanpetro"
"330",353,"Paul Pierce\piercpa01","SF",34,"BOS",61,61,34,6.5,14.6,0.443,1.6,4.5,0.366,4.8,10.1,0.476,0.499,4.8,5.6,0.852,0.6,4.6,5.2,4.5,1.1,0.4,2.8,2.4,19.4,"paulpierce"
"331",354,"Mickael Pietrus\pietrmi01","SG",29,"BOS",42,6,21.9,2.5,6.4,0.385,1.5,4.3,0.335,1,2.1,0.489,0.498,0.5,0.7,0.645,0.4,2.7,3.1,0.6,0.5,0.2,0.8,1.9,6.9,"mickaelpietrus"
"332",355,"Dexter Pittman\pittmde01","C",23,"MIA",35,6,8.6,1.3,2.7,0.468,0,0,NA,1.3,2.7,0.468,0.468,0.5,0.8,0.643,0.8,1.3,2,0.3,0.2,0.2,0.5,2.1,3,"dexterpittman"
"333",356,"Quincy Pondexter\pondequ01","SF",23,"MEM",64,8,15.7,1.7,3.7,0.452,0.3,1.1,0.301,1.3,2.6,0.518,0.498,0.5,0.8,0.623,0.9,1.1,2,0.4,0.4,0.1,0.5,1.4,4.2,"quincypondexter"
"334",357,"A.J. Price\priceaj01","PG",25,"IND",44,1,12.9,1.3,4,0.339,0.6,2,0.295,0.8,2,0.384,0.414,0.6,0.8,0.8,0.3,1.1,1.4,2,0.5,0,0.7,0.7,3.9,"ajprice"
"335",358,"Ronnie Price\pricero01","PG",28,"PHO",36,8,14.4,1.4,3.6,0.377,0.4,1.2,0.295,1,2.4,0.419,0.427,0.6,0.7,0.8,0.5,1.1,1.6,1.9,0.9,0.1,1.3,2,3.6,"ronnieprice"
"336",359,"Tayshaun Prince\princta01","SF",31,"DET",63,63,33.1,5.3,12.7,0.421,0.6,1.7,0.356,4.7,11,0.431,0.444,1.4,1.8,0.774,1.1,3.3,4.5,2.4,0.4,0.5,1.2,1.2,12.7,"tayshaunprince"
"337",360,"Joel Przybilla\przybjo01","C",32,"POR",27,19,16.6,0.8,1.8,0.458,0,0,NA,0.8,1.8,0.458,0.458,0.4,0.7,0.611,1.1,4,5.1,0.2,0.1,0.6,0.8,2.4,2,"joelprzybilla"
"338",361,"Vladimir Radmanovic\radmavl01","SF",31,"ATL",49,3,15.4,1.5,4,0.376,1,2.8,0.37,0.5,1.3,0.387,0.503,0.4,0.6,0.759,0.7,2.2,2.9,1.1,0.4,0.3,0.7,1.3,4.5,"vladimirradmanovic"
"339",362,"Anthony Randolph\randoan01","PF",22,"MIN",34,5,15.2,2.8,5.9,0.47,0,0,0,2.8,5.9,0.472,0.47,1.9,2.5,0.762,1.2,2.4,3.6,0.6,0.4,1,1.2,1.6,7.4,"anthonyrandolph"
"340",363,"Zach Randolph\randoza01","PF",30,"MEM",28,8,26.3,4.7,10.2,0.463,0.1,0.3,0.25,4.6,9.9,0.469,0.467,2.1,3.1,0.659,2.8,5.3,8,1.7,0.8,0.1,1.4,2,11.6,"zachrandolph"
"341",364,"Michael Redd\reddmi01","SG",32,"PHO",51,2,15.1,2.8,7.1,0.4,0.8,2.6,0.318,2,4.5,0.447,0.458,1.7,2.2,0.793,0.3,1.2,1.5,0.6,0.3,0,0.7,0.6,8.2,"michaelredd"
"342",365,"J.J. Redick\redicjj01","SG",27,"ORL",65,22,27.2,3.8,9,0.425,1.7,4.1,0.418,2.1,4.9,0.43,0.521,2.2,2.4,0.911,0.3,2,2.3,2.5,0.4,0.1,1,1.4,11.6,"jjredick"
"343",366,"Ryan Reid\reidry01","PF",25,"OKC",5,0,3.4,0.8,1,0.8,0,0,NA,0.8,1,0.8,0.8,0,0,NA,0.2,0.2,0.4,0,0,0,0.2,0.2,1.6,"ryanreid"
"344",367,"Jason Richardson\richaja01","SG",31,"ORL",54,54,29.5,4.5,11,0.408,1.9,5.1,0.368,2.6,5.9,0.442,0.493,0.8,1.3,0.594,0.7,2.9,3.6,2,1,0.4,1.1,1.7,11.6,"jasonrichardson"
"345",368,"Quentin Richardson\richaqu01","SF",31,"ORL",48,3,18,1.5,4.1,0.376,0.9,2.5,0.347,0.7,1.6,0.421,0.482,0.5,0.6,0.833,0.3,2.3,2.6,0.8,0.6,0.1,0.6,1.5,4.5,"quentinrichardson"
"346",369,"Luke Ridnour\ridnolu01","SG",30,"MIN",53,53,33,4.6,10.4,0.44,0.9,2.9,0.322,3.6,7.5,0.485,0.485,2,2.2,0.891,0.4,2.3,2.7,4.8,1.1,0.3,1.8,2.6,12.1,"lukeridnour"
"347",370,"Nate Robinson\robinna01","PG",27,"GSW",51,9,23.4,4,9.5,0.424,1.3,3.5,0.365,2.7,5.9,0.459,0.492,1.8,2.2,0.832,0.3,1.7,2,4.5,1.2,0,1.5,2.3,11.2,"naterobinson"
"348",371,"Rajon Rondo\rondora01","PG",25,"BOS",53,53,36.9,4.8,10.8,0.448,0.2,0.8,0.238,4.6,10,0.464,0.456,2,3.4,0.597,1.2,3.7,4.8,11.7,1.8,0.1,3.6,1.9,11.9,"rajonrondo"
"349",372,"Derrick Rose\rosede01","PG",23,"CHI",39,39,35.3,7.7,17.8,0.435,1.4,4.4,0.312,6.4,13.4,0.475,0.473,5,6.1,0.812,0.7,2.7,3.4,7.9,0.9,0.7,3.1,1.3,21.8,"derrickrose"
"350",373,"Ricky Rubio\rubiori01","PG",21,"MIN",41,31,34.2,3.4,9.5,0.357,0.8,2.3,0.34,2.6,7.2,0.363,0.398,3.1,3.8,0.803,0.5,3.7,4.2,8.2,2.2,0.2,3.2,2.4,10.6,"rickyrubio"
"351",374,"Brandon Rush\rushbr01","SF",26,"GSW",65,1,26.4,3.6,7.2,0.501,1.5,3.4,0.452,2.1,3.8,0.544,0.607,1,1.3,0.793,0.5,3.4,3.9,1.4,0.5,0.9,1,1,9.8,"brandonrush"
"352",375,"Walker Russell\russewa02","PG",29,"DET",28,0,12.8,1.2,3.4,0.347,0.1,0.5,0.308,1,2.9,0.354,0.368,0.5,0.8,0.636,0.3,0.7,0.9,2.1,0.6,0,1.2,1,3,"walkerrussell"
"353",376,"John Salmons\salmojo01","SF",32,"SAC",46,32,27.2,3.1,7.5,0.409,0.7,2.4,0.295,2.3,5.1,0.464,0.457,0.6,1,0.644,0.4,2.5,2.9,2,0.8,0.2,1,1.7,7.5,"johnsalmons"
"354",377,"Samardo Samuels\samuesa01","C",23,"CLE",54,0,15.3,1.9,4.3,0.455,0,0,NA,1.9,4.3,0.455,0.455,1.5,2.2,0.701,1.2,2.2,3.3,0.4,0.4,0.4,1,2.1,5.4,"samardosamuels"
"355",378,"Larry Sanders\sandela01","PF",23,"MIL",52,0,12.4,1.6,3.5,0.457,0,0,0,1.6,3.5,0.462,0.457,0.3,0.7,0.474,1.2,1.9,3.1,0.6,0.6,1.5,0.8,2.6,3.6,"larrysanders"
"356",379,"Brian Scalabrine\scalabr01","PF",33,"CHI",28,0,4.4,0.5,1.1,0.467,0,0.3,0.143,0.5,0.8,0.565,0.483,0.1,0.2,0.5,0.3,0.5,0.8,0.5,0.2,0.2,0.3,0.3,1.1,"brianscalabrine"
"357",380,"Luis Scola\scolalu01","PF",31,"HOU",66,66,31.3,6.6,13.5,0.491,0,0,0,6.6,13.4,0.493,0.491,2.3,3,0.773,1.8,4.6,6.5,2.1,0.5,0.4,2.3,3.2,15.5,"luisscola"
"358",381,"Thabo Sefolosha\sefolth01","SG",27,"OKC",42,42,21.8,1.6,3.7,0.432,0.7,1.7,0.437,0.9,2,0.429,0.532,0.9,1,0.884,0.5,2.5,3,1.1,0.9,0.4,1,1.9,4.8,"thabosefolosha"
"359",382,"Josh Selby\selbyjo01","PG",20,"MEM",28,0,8.5,0.9,2.6,0.347,0.1,0.5,0.133,0.8,2,0.404,0.361,0.4,0.5,0.786,0.1,0.5,0.5,1.1,0.3,0,1,0.6,2.3,"joshselby"
"360",383,"Kevin Seraphin\serapke01","C",22,"WAS",57,21,20.6,3.6,6.7,0.531,0,0,0,3.6,6.7,0.533,0.531,0.8,1.2,0.671,1.8,3.1,4.9,0.6,0.3,1.3,1.2,2.3,7.9,"kevinseraphin"
"361",385,"Iman Shumpert\shumpim01","PG",21,"NYK",59,35,28.9,3.6,9.1,0.401,0.8,2.7,0.306,2.8,6.4,0.44,0.446,1.5,1.8,0.798,0.7,2.4,3.2,2.8,1.7,0.1,1.9,2.9,9.5,"imanshumpert"
"362",386,"Xavier Silas\silasxa01","SG",24,"PHI",2,0,19.5,2,7.5,0.267,0.5,3,0.167,1.5,4.5,0.333,0.3,1,1.5,0.667,1,1,2,1.5,0,0,1.5,2.5,5.5,"xaviersilas"
"363",387,"Bobby Simmons\simmobo01","SF",31,"LAC",28,0,14.9,1,3.2,0.311,0.7,2.1,0.333,0.3,1.1,0.267,0.422,0.1,0.3,0.571,0.6,1.4,2,0.4,0.5,0.1,0.4,1.5,2.9,"bobbysimmons"
"364",388,"Chris Singleton\singlch01","SF",22,"WAS",66,51,21.7,1.8,4.7,0.372,0.7,1.9,0.346,1.1,2.8,0.389,0.442,0.5,0.7,0.682,0.7,2.9,3.5,0.7,1.1,0.5,0.6,2.7,4.6,"chrissingleton"
"365",389,"James Singleton\singlja01","PF",30,"WAS",12,0,21.8,3.4,6.3,0.547,0.2,0.8,0.222,3.3,5.5,0.591,0.56,1.2,1.3,0.933,2.1,4.7,6.8,1.3,0.8,0.7,0.8,2.3,8.2,"jamessingleton"
"366",390,"Brian Skinner\skinnbr01","C",35,"MEM",1,0,4,0,1,0,0,0,NA,0,1,0,0,0,0,NA,0,0,0,0,0,0,0,1,0,"brianskinner"
"367",392,"Craig Smith\smithcr01","PF",28,"POR",47,0,9.9,1.3,2.5,0.504,0,0,0,1.3,2.5,0.509,0.504,0.8,1.1,0.717,0.7,1.6,2.3,0.4,0.3,0.1,0.5,1.2,3.3,"craigsmith"
"368",393,"Greg Smith\smithgr02","C",21,"HOU",8,0,8.6,0.9,1.4,0.636,0,0,NA,0.9,1.4,0.636,0.636,0,0,NA,0.6,1.9,2.5,0.1,0.3,0.6,0.1,2.1,1.8,"gregsmith"
"369",395,"J.R. Smith\smithjr01","SG",26,"NYK",35,1,27.6,4.7,11.6,0.407,1.9,5.5,0.347,2.8,6.1,0.462,0.49,1.1,1.6,0.709,0.8,3.1,3.9,2.4,1.5,0.2,1.3,2.5,12.5,"jrsmith"
"370",396,"Jason Smith\smithja02","PF",25,"NOH",40,29,23.7,4.5,8.7,0.52,0,0.2,0.111,4.5,8.5,0.531,0.522,0.8,1.2,0.702,1.8,3.1,4.9,0.9,0.5,1,1,2.6,9.9,"jasonsmith"
"371",397,"Jerry Smith\smithje01","PG",24,"NJN",5,0,9.2,0.6,2.8,0.214,0.2,1.2,0.167,0.4,1.6,0.25,0.25,0,0,NA,0.4,1,1.4,0.8,1,0,0,1,1.4,"jerrysmith"
"372",398,"Josh Smith\smithjo03","PF",26,"ATL",66,66,35.3,7.6,16.7,0.458,0.4,1.7,0.257,7.2,15,0.48,0.47,3.1,4.9,0.63,2.1,7.5,9.6,3.9,1.4,1.7,2.5,2.6,18.8,"joshsmith"
"373",399,"Nolan Smith\smithno01","PG",23,"POR",44,4,12.3,1.5,4.1,0.372,0.3,1,0.289,1.2,3.1,0.4,0.408,0.5,0.6,0.714,0.4,0.9,1.3,1.4,0.4,0.1,1,1.3,3.8,"nolansmith"
"374",400,"Marreese Speights\speigma01","PF",24,"MEM",60,54,22.4,3.7,8.1,0.453,0,0.1,0,3.7,8.1,0.456,0.453,1.4,1.8,0.771,2.2,4,6.2,0.8,0.4,0.5,1.2,2.5,8.8,"marreesespeights"
"375",401,"Tiago Splitter\splitti01","C",27,"SAS",59,2,19,3.6,5.8,0.618,0,0,NA,3.6,5.8,0.618,0.618,2.1,3.1,0.691,1.6,3.6,5.2,1.1,0.4,0.8,1.5,2.3,9.3,"tiagosplitter"
"376",402,"Jerry Stackhouse\stackje01","SF",37,"ATL",30,0,9.1,1.2,3.3,0.37,0.4,1.3,0.342,0.8,2.1,0.387,0.435,0.7,0.8,0.913,0.2,0.6,0.8,0.5,0.3,0.1,0.4,0.4,3.6,"jerrystackhouse"
"377",403,"Lance Stephenson\stephla01","SG",21,"IND",42,1,10.5,1.1,3,0.376,0.1,0.7,0.133,1,2.3,0.453,0.392,0.2,0.4,0.471,0.3,1,1.3,1.1,0.5,0.1,0.9,0.7,2.5,"lancestephenson"
"378",404,"DeShawn Stevenson\stevede01","SF",30,"NJN",51,30,18.8,1,3.4,0.285,0.8,2.8,0.283,0.2,0.5,0.296,0.404,0.2,0.3,0.563,0.1,1.8,2,0.8,0.4,0.1,0.4,1.2,2.9,"deshawnstevenson"
"379",405,"Greg Stiemsma\stiemgr01","C",26,"BOS",55,3,13.9,1.2,2.2,0.545,0,0,NA,1.2,2.2,0.545,0.545,0.5,0.7,0.707,0.9,2.3,3.2,0.5,0.7,1.5,0.6,2.6,2.9,"gregstiemsma"
"380",406,"Julyan Stone\stoneju01","SG",23,"DEN",22,2,8.1,0.6,1.4,0.419,0.1,0.5,0.182,0.5,0.9,0.55,0.452,0.4,0.5,0.727,0.2,0.9,1.1,1.7,0.4,0.3,0.5,0.8,1.6,"julyanstone"
"381",407,"Amar'e Stoudemire\stoudam01","PF",29,"NYK",47,47,32.8,6.7,13.9,0.483,0.1,0.4,0.238,6.6,13.5,0.491,0.487,4,5.2,0.765,2.3,5.6,7.8,1.1,0.8,1,2.4,2.9,17.5,"amarestoudemire"
"382",408,"Rodney Stuckey\stuckro01","SG",25,"DET",55,48,29.9,4.7,10.9,0.429,0.6,1.9,0.317,4.1,9,0.452,0.456,4.9,5.8,0.834,0.7,1.9,2.6,3.8,0.8,0.2,1.9,2.3,14.8,"rodneystuckey"
"383",409,"DaJuan Summers\summeda01","SF",24,"NOH",15,6,13.9,1.9,4.3,0.431,0.3,1.1,0.313,1.5,3.3,0.469,0.469,0.5,0.6,0.778,0.5,1,1.5,0.7,0.5,0,0.5,2.1,4.5,"dajuansummers"
"384",410,"Jeff Teague\teaguje01","PG",23,"ATL",66,66,33.1,4.8,10.2,0.476,0.8,2.3,0.342,4.1,7.9,0.514,0.514,2.1,2.8,0.757,0.3,2.1,2.4,4.9,1.6,0.6,2,2.2,12.6,"jeffteague"
"385",411,"Sebastian Telfair\telfase01","PG",26,"PHO",60,1,14.9,2.4,5.7,0.412,0.6,1.8,0.314,1.8,4,0.456,0.461,0.9,1.1,0.791,0.3,1.2,1.5,2.3,0.7,0.2,1.1,2,6.1,"sebastiantelfair"
"386",412,"Jason Terry\terryja01","SG",34,"DAL",63,1,31.7,5.7,13.2,0.43,2.2,5.8,0.378,3.5,7.4,0.471,0.513,1.6,1.8,0.883,0.3,2.1,2.4,3.6,1.2,0.2,2,1.1,15.1,"jasonterry"
"387",414,"Isaiah Thomas\thomais02","PG",22,"SAC",65,37,25.5,3.9,8.8,0.448,1.3,3.4,0.379,2.7,5.4,0.491,0.521,2.4,2.8,0.832,0.7,1.8,2.6,4.1,0.8,0.1,1.6,1.9,11.5,"isaiahthomas"
"388",415,"Kurt Thomas\thomaku01","C",39,"POR",53,3,15.2,1.4,3,0.465,0,0,NA,1.4,3,0.465,0.465,0.3,0.4,0.7,0.7,2.8,3.5,0.9,0.5,0.6,0.6,2.3,3,"kurtthomas"
"389",416,"Lance Thomas\thomala01","PF",23,"NOH",42,10,15,1.4,3,0.452,0,0,0,1.4,3,0.456,0.452,1.2,1.5,0.839,1.2,1.8,3,0.3,0.2,0.2,0.6,1.9,4,"lancethomas"
"390",417,"Malcolm Thomas\thomama01","PF",23,"SAS",3,0,5,0,1,0,0,0,NA,0,1,0,0,0.3,0.7,0.5,0.3,0.7,1,0.3,0.3,0.3,0,0,0.3,"malcolmthomas"
"391",418,"Tyrus Thomas\thomaty01","PF",25,"CHA",54,30,18.8,2.2,6.1,0.367,0,0.1,0.333,2.2,6,0.367,0.369,1.2,1.5,0.759,0.9,2.8,3.7,0.6,0.7,1.1,1,2.7,5.6,"tyrusthomas"
"392",419,"Trey Thompkins\thomptr02","C",21,"LAC",24,0,5,1,2.5,0.393,0.2,0.5,0.308,0.8,2,0.417,0.426,0.2,0.3,0.714,0.2,0.8,1,0.1,0.1,0.1,0.3,0.4,2.4,"treythompkins"
"393",420,"Jason Thompson\thompja02","PF",25,"SAC",64,47,25.9,3.7,6.9,0.535,0,0,0,3.7,6.9,0.537,0.535,1.7,2.8,0.602,2.6,4.3,6.9,1.2,0.7,0.7,1.1,2.3,9.1,"jasonthompson"
"394",421,"Klay Thompson\thompkl01","SG",21,"GSW",66,29,24.4,4.8,10.9,0.443,1.7,4.1,0.414,3.1,6.8,0.46,0.52,1.2,1.4,0.868,0.4,2.1,2.4,2,0.7,0.3,1.6,2.3,12.5,"klaythompson"
"395",422,"Mychel Thompson\thompmy02","SG",23,"CLE",5,3,19,1.4,4.8,0.292,0.8,2.2,0.364,0.6,2.6,0.231,0.375,0,0,NA,0,1,1,1.4,0.4,0.2,1,1.6,3.6,"mychelthompson"
"396",423,"Tristan Thompson\thomptr01","PF",20,"CLE",60,25,23.7,3.2,7.4,0.439,0,0,0,3.2,7.3,0.441,0.439,1.8,3.2,0.552,3.1,3.4,6.5,0.5,0.5,1,1.4,2.2,8.2,"tristanthompson"
"397",424,"Marcus Thornton\thornma01","SG",24,"SAC",51,51,34.9,6.9,15.7,0.438,2.1,6.1,0.345,4.8,9.7,0.497,0.505,2.8,3.2,0.865,1.6,2,3.7,1.9,1.4,0.2,1.6,2.2,18.7,"marcusthornton"
"398",425,"Jamaal Tinsley\tinslja01","PG",33,"UTA",37,1,13.7,1.5,3.8,0.404,0.3,1,0.27,1.3,2.8,0.452,0.44,0.4,0.5,0.765,0.2,1.1,1.2,3.3,0.5,0.2,1.4,1.3,3.7,"jamaaltinsley"
"399",426,"Anthony Tolliver\tollian01","SF",26,"MIN",51,0,17.3,1.4,3.6,0.39,0.5,2,0.248,0.9,1.6,0.568,0.459,0.8,1.1,0.745,1,2,3,0.4,0.4,0.4,0.7,1.7,4.1,"anthonytolliver"
"400",428,"Hedo Turkoglu\turkohe01","SF",32,"ORL",53,53,31.2,3.9,9.5,0.415,1.7,4.9,0.353,2.2,4.6,0.48,0.505,1.3,1.8,0.705,0.5,3.3,3.8,4.4,0.8,0.3,2.7,2.6,10.9,"hedoturkoglu"
"401",429,"Evan Turner\turneev01","SF",23,"PHI",65,20,26.4,4,9.1,0.446,0.2,0.8,0.224,3.9,8.3,0.466,0.455,1.1,1.7,0.676,0.4,5.4,5.8,2.8,0.6,0.3,1.6,1.8,9.4,"evanturner"
"402",430,"Jeremy Tyler\tylerje01","C",20,"GSW",42,23,13.5,2.1,5,0.421,0,0,0,2.1,5,0.423,0.421,0.7,1.2,0.558,1.3,2,3.3,0.4,0.4,0.5,0.9,2,4.9,"jeremytyler"
"403",431,"Edwin Ubiles\ubileed01","SF",25,"WAS",4,0,13,1.3,4.5,0.278,0.3,1.3,0.2,1,3.3,0.308,0.306,0.8,0.8,1,0.5,2,2.5,0.3,0.3,0.3,0.3,0.3,3.5,"edwinubiles"
"404",433,"Beno Udrih\udrihbe01","SG",29,"MIL",59,0,18.3,2.5,5.6,0.44,0.3,1,0.288,2.2,4.6,0.473,0.465,0.7,0.9,0.709,0.4,1.3,1.7,3.8,0.6,0,1.3,1.2,5.9,"benoudrih"
"405",435,"Anderson Varejao\varejan01","C",29,"CLE",25,25,31.4,4.6,8.9,0.514,0,0.2,0,4.6,8.7,0.523,0.514,1.7,2.6,0.672,4.4,7.1,11.5,1.7,1.4,0.7,1.8,2.5,10.8,"andersonvarejao"
"406",436,"Greivis Vasquez\vasqugr01","SG",25,"NOH",66,26,25.8,3.4,7.9,0.43,0.7,2,0.319,2.8,5.9,0.469,0.471,1.5,1.8,0.821,0.3,2.3,2.6,5.4,0.9,0.1,2.2,1.9,8.9,"greivisvasquez"
"407",437,"Jan Vesely\veselja01","PF",21,"WAS",57,20,18.9,2.1,3.8,0.537,0,0,0,2.1,3.8,0.539,0.537,0.6,1.1,0.532,1.8,2.6,4.4,0.8,0.7,0.6,1.1,2.7,4.7,"janvesely"
"408",438,"Charlie Villanueva\villach01","PF",27,"DET",13,0,13.8,2.7,7,0.385,1.2,3.5,0.333,1.5,3.5,0.435,0.467,0.5,0.5,0.857,0.7,3,3.7,0.5,0.5,0.4,0.5,1.9,7,"charlievillanueva"
"409",439,"Nikola Vucevic\vucevni01","C",21,"PHI",51,15,15.9,2.6,5.7,0.45,0.1,0.2,0.375,2.5,5.5,0.452,0.455,0.4,0.7,0.529,1.7,3.1,4.8,0.6,0.4,0.7,0.6,2.2,5.5,"nikolavucevic"
"410",440,"Dwyane Wade\wadedw01","SG",30,"MIA",49,49,33.2,8.5,17.1,0.497,0.3,1.1,0.268,8.2,15.9,0.513,0.506,4.8,6.1,0.791,1.5,3.3,4.8,4.6,1.7,1.3,2.6,2.2,22.1,"dwyanewade"
"411",441,"Von Wafer\wafervo01","SG",26,"ORL",33,1,14.2,2.2,4.8,0.452,0.4,1.2,0.359,1.7,3.6,0.483,0.497,1.2,1.6,0.704,0.2,1.2,1.4,0.9,0.3,0.1,1.1,0.8,5.9,"vonwafer"
"412",442,"Henry Walker\walkebi01","SG",24,"NYK",32,8,19.4,2.1,5.3,0.398,1.1,3.5,0.319,1,1.8,0.552,0.503,0.5,0.6,0.85,0.3,2.2,2.5,1.2,0.6,0.2,1.1,2.6,5.9,"henrywalker"
"413",443,"Kemba Walker\walkeke02","PG",21,"CHA",66,25,27.2,4.3,11.6,0.366,1,3.4,0.305,3.2,8.2,0.392,0.411,2.5,3.2,0.789,0.5,3.1,3.5,4.4,0.9,0.3,1.8,1.2,12.1,"kembawalker"
"414",444,"John Wall\walljo01","PG",21,"WAS",66,66,36.2,5.7,13.5,0.423,0,0.6,0.071,5.7,12.9,0.44,0.424,4.8,6.1,0.789,0.7,3.8,4.5,8,1.4,0.9,3.9,2.1,16.3,"johnwall"
"415",445,"Ben Wallace\wallabe01","C",37,"DET",62,11,15.8,0.5,1.4,0.395,0,0.1,0.25,0.5,1.3,0.402,0.401,0.3,0.8,0.34,1.3,3,4.3,0.7,0.8,0.8,0.5,1,1.4,"benwallace"
"416",448,"Hakim Warrick\warriha01","PF",29,"PHO",35,0,14.4,2.1,5.1,0.411,0,0.3,0.1,2.1,4.9,0.429,0.414,2.2,2.8,0.768,0.9,1.7,2.6,0.9,0.2,0.1,1,1,6.4,"hakimwarrick"
"417",449,"Darryl Watkins\watkida01","C",27,"NOH",5,0,19.6,1.4,2.8,0.5,0,0,NA,1.4,2.8,0.5,0.5,1.8,3.6,0.5,1.6,3.8,5.4,0.6,1,0.8,1.6,2.8,4.6,"darrylwatkins"
"418",450,"C.J. Watson\watsocj01","PG",27,"CHI",49,25,23.7,3.3,8.9,0.368,1.4,3.5,0.393,1.9,5.4,0.352,0.446,1.7,2.1,0.808,0.4,1.7,2.1,4.1,0.9,0.2,2,2.1,9.7,"cjwatson"
"419",451,"Earl Watson\watsoea01","PG",32,"UTA",50,2,20.7,1.1,3.2,0.338,0.2,1,0.192,0.9,2.2,0.407,0.369,0.6,0.9,0.674,0.6,1.8,2.4,4.3,1.1,0.4,1.7,2.1,3,"earlwatson"
"420",452,"Martell Webster\webstma02","SF",25,"MIN",47,26,24.3,2.4,5.8,0.423,0.8,2.3,0.339,1.7,3.5,0.479,0.491,1.2,1.5,0.792,0.9,2.7,3.6,0.9,0.7,0.4,1,1.8,6.9,"martellwebster"
"421",453,"David West\westda01","PF",31,"IND",66,66,29.2,5.3,10.8,0.487,0,0.1,0.222,5.3,10.7,0.491,0.489,2.2,2.7,0.807,1.8,4.8,6.6,2.1,0.8,0.7,1.4,2.4,12.8,"davidwest"
"422",454,"Delonte West\westde01","PG",28,"DAL",44,33,24.1,3.8,8.2,0.461,0.6,1.7,0.355,3.2,6.5,0.489,0.499,1.4,1.6,0.886,0.3,2,2.3,3.2,1.3,0.3,1.7,1.5,9.6,"delontewest"
"423",455,"Russell Westbrook\westbru01","PG",23,"OKC",66,66,35.3,8.8,19.2,0.457,0.9,3,0.316,7.8,16.2,0.482,0.481,5.2,6.3,0.823,1.5,3.1,4.6,5.5,1.7,0.3,3.6,2.2,23.6,"russellwestbrook"
"424",456,"D.J. White\whitedj01","PF",25,"CHA",58,11,18.9,3,6.1,0.493,0,0,1,3,6.1,0.491,0.494,0.7,1.1,0.705,0.9,2.7,3.6,0.8,0.3,0.4,0.7,1.6,6.8,"djwhite"
"425",457,"Hassan Whiteside\whiteha01","C",22,"SAC",18,0,6.1,0.7,1.5,0.444,0,0,NA,0.7,1.5,0.444,0.444,0.3,0.7,0.417,0.9,1.3,2.2,0,0.2,0.8,0.3,0.7,1.6,"hassanwhiteside"
"426",458,"Chris Wilcox\wilcoch01","C",29,"BOS",28,4,17.2,2.3,3.8,0.598,0,0,NA,2.3,3.8,0.598,0.598,0.9,1.4,0.615,1.4,3,4.4,0.4,0.4,0.3,1.1,2.3,5.4,"chriswilcox"
"427",459,"Damien Wilkins\wilkida02","SF",32,"DET",60,2,15.4,1.3,3.2,0.394,0.1,0.4,0.304,1.2,2.8,0.406,0.412,0.6,0.9,0.63,0.4,1.3,1.7,0.7,0.5,0.2,0.5,1.4,3.2,"damienwilkins"
"428",460,"Deron Williams\willide01","PG",27,"NJN",55,55,36.3,7.1,17.5,0.407,2.1,6.2,0.336,5,11.3,0.446,0.467,4.7,5.5,0.843,0.4,2.9,3.3,8.7,1.2,0.4,4,2.2,21,"deronwilliams"
"429",461,"Derrick Williams\willide02","PF",20,"MIN",66,15,21.5,3.1,7.5,0.412,0.6,2.1,0.268,2.5,5.5,0.467,0.449,2.1,3,0.697,1.2,3.5,4.7,0.6,0.5,0.5,1.2,1.4,8.8,"derrickwilliams"
"430",462,"Elliot Williams\williel01","SG",22,"POR",24,0,6.2,1.5,3.1,0.5,0.3,1.1,0.296,1.2,2,0.617,0.554,0.3,0.8,0.333,0.3,0.5,0.8,0.3,0.3,0.1,0.2,0.8,3.7,"elliotwilliams"
"431",463,"Jordan Williams\willijo03","C",21,"NJN",43,5,14.8,1.8,3.5,0.507,0,0,NA,1.8,3.5,0.507,0.507,1,1.5,0.652,1.5,2.1,3.6,0.3,0.5,0.3,0.5,1.4,4.6,"jordanwilliams"
"432",464,"Lou Williams\willilo02","PG",25,"PHI",64,0,26.3,5,12.2,0.407,1.3,3.6,0.362,3.7,8.6,0.425,0.46,3.7,4.6,0.812,0.5,2,2.4,3.5,0.8,0.3,1.1,1.4,14.9,"louwilliams"
"433",465,"Marvin Williams\willima02","SF",25,"ATL",57,37,26.3,3.6,8.2,0.432,1,2.6,0.389,2.5,5.6,0.452,0.494,2,2.6,0.788,1.3,3.8,5.2,1.2,0.8,0.3,0.7,1.5,10.2,"marvinwilliams"
"434",466,"Mo Williams\willima01","SG",29,"LAC",52,1,28.3,5,11.8,0.426,1.8,4.6,0.389,3.2,7.2,0.449,0.502,1.4,1.5,0.9,0.4,1.5,1.9,3.1,1,0.1,1.7,2,13.2,"mowilliams"
"435",467,"Reggie Williams\willire02","SF",25,"CHA",33,13,22.6,3.2,7.7,0.416,1,3.2,0.308,2.2,4.5,0.493,0.48,0.9,1.2,0.725,0.8,2,2.8,1.8,0.6,0.1,1,1,8.3,"reggiewilliams"
"436",469,"Shawne Williams\willish03","SF",25,"NJN",25,6,20.6,1.7,5.9,0.286,0.8,3.5,0.241,0.8,2.4,0.35,0.357,0.3,0.4,0.727,0.8,1.9,2.7,0.6,0.4,0.4,0.5,1.8,4.5,"shawnewilliams"
"437",470,"Shelden Williams\willish02","C",28,"NJN",58,35,22,1.7,3.5,0.478,0,0,NA,1.7,3.5,0.478,0.478,1.3,1.8,0.731,2.4,3.6,6,0.6,0.8,0.7,1.1,2.6,4.6,"sheldenwilliams"
"438",472,"Metta World Peace\artesro01","SF",32,"LAL",64,45,26.9,2.9,7.3,0.394,0.9,3,0.296,2,4.3,0.46,0.454,1.1,1.8,0.617,1.1,2.3,3.4,2.2,1.1,0.4,1.1,2.1,7.7,"mettaworldpeace"
"439",473,"Brandan Wright\wrighbr03","C",24,"DAL",49,0,16.1,2.9,4.8,0.618,0,0,0,2.9,4.7,0.621,0.618,1.1,1.7,0.634,1.3,2.3,3.6,0.3,0.4,1.3,0.4,1.2,6.9,"brandanwright"
"440",474,"Chris Wright\wrighch01","SF",23,"GSW",24,1,7.8,1,1.9,0.511,0,0,NA,1,1.9,0.511,0.511,1,1.3,0.774,0.8,1.1,1.9,0.2,0.3,0.5,0.3,0.9,2.9,"chriswright"
"441",475,"Dorell Wright\wrighdo01","SF",26,"GSW",61,61,27,3.6,8.6,0.422,1.7,4.8,0.36,1.9,3.8,0.5,0.522,1.3,1.6,0.816,1,3.6,4.6,1.5,1,0.4,0.8,1.6,10.3,"dorellwright"
"442",478,"Thaddeus Young\youngth01","PF",23,"PHI",63,1,27.9,5.5,10.9,0.507,0,0.1,0.25,5.5,10.8,0.508,0.507,1.8,2.3,0.771,2.2,3,5.2,1.2,1,0.7,0.9,2,12.8,"thaddeusyoung"
"443",28,"Leandro Barbosa\barbole01","SG",29,"TOT",64,0,21.6,4.2,10,0.425,1,2.7,0.382,3.2,7.3,0.441,0.476,1.6,1.9,0.815,0.5,1.5,2,1.5,0.9,0.1,1.5,2.1,11.1,"leandrobarbosa"
"444",78,"Marcus Camby\cambyma01","C",37,"TOT",59,53,22.9,2.2,4.9,0.446,0,0.1,0.4,2.1,4.8,0.447,0.449,0.5,1.1,0.453,2.7,6.3,9,1.8,0.8,1.4,1,2.1,4.9,"marcuscamby"
"445",80,"DeMarre Carroll\carrode01","SF-PF",25,"TOT",24,9,14.5,1.8,4.4,0.41,0.3,0.8,0.368,1.5,3.6,0.419,0.443,0.6,0.7,0.875,1.2,1,2.2,0.8,0.5,0,0.5,1.5,4.5,"demarrecarroll"
"446",95,"Brian Cook\cookbr01","PF",31,"TOT",32,0,8.6,1,3.1,0.316,0.3,1.6,0.2,0.7,1.5,0.438,0.367,0.3,0.3,0.9,0.3,1.7,2,0.3,0.2,0.2,0.3,1.5,2.5,"briancook"
"447",114,"Justin Dentmon\dentmju01","PG",26,"TOT",6,0,15.2,1.7,4.7,0.357,0.3,2.3,0.143,1.3,2.3,0.571,0.393,0.7,1,0.667,0,1.3,1.3,1.7,0.3,0,1.2,1.7,4.3,"justindentmon"
"448",116,"Boris Diaw\diawbo01","PF",29,"TOT",57,35,25,2.7,6.2,0.444,0.5,1.7,0.313,2.2,4.4,0.496,0.489,0.4,0.6,0.629,1.2,3.7,4.9,3.6,0.6,0.4,2,2.2,6.4,"borisdiaw"
"449",130,"Monta Ellis\ellismo01","SG",26,"TOT",58,58,36.6,7.8,17.9,0.433,1.1,3.5,0.308,6.7,14.5,0.462,0.463,3.8,4.7,0.796,0.3,3.1,3.4,6,1.5,0.3,3.1,2.3,20.4,"montaellis"
"450",138,"Christian Eyenga\eyengch01","SF",22,"TOT",7,0,14.6,0.9,3.6,0.24,0.1,0.4,0.333,0.7,3.1,0.227,0.26,0.6,1.1,0.5,0.6,1.4,2,0.7,0.4,0.7,0.4,1,2.4,"christianeyenga"
"451",146,"Derek Fisher\fishede01","PG",37,"TOT",63,43,23.9,2,5.5,0.371,0.6,1.7,0.321,1.5,3.8,0.393,0.421,0.9,1.1,0.851,0.2,1.7,1.9,2.7,0.8,0.1,1.2,1.9,5.6,"derekfisher"
"452",147,"Jonny Flynn\flynnjo01","PG",22,"TOT",29,1,14.3,1.6,4.5,0.351,0.3,1.2,0.294,1.2,3.3,0.371,0.389,1,1.3,0.744,0.3,1.1,1.3,3.3,0.2,0.1,1.2,0.8,4.5,"jonnyflynn"
"453",151,"Courtney Fortson\fortsco01","PG",23,"TOT",10,0,9.5,1.1,3.2,0.344,0.3,1.3,0.231,0.8,1.9,0.421,0.391,1,1.5,0.667,0.6,0.9,1.5,1,0.3,0,1,0.5,3.5,"courtneyfortson"
"454",169,"Mickell Gladness\gladnmi01","PF",25,"TOT",26,7,9.7,1,2.3,0.424,0,0,NA,1,2.3,0.424,0.424,0.2,0.5,0.5,0.5,1.7,2.2,0.2,0.2,0.8,0.3,1.2,2.2,"mickellgladness"
"455",205,"J.J. Hickson\hicksjj01","PF",23,"TOT",54,19,23,3.4,7.3,0.467,0,0,0,3.4,7.2,0.469,0.467,1.6,2.5,0.642,2.5,3.7,6.2,0.8,0.6,0.6,1.3,1.6,8.4,"jjhickson"
"456",207,"Nene Hilario\hilarne01","C",29,"TOT",39,33,28.5,5.4,10.1,0.537,0,0.1,0,5.4,10,0.542,0.537,2.9,4.3,0.673,1.6,5.8,7.5,2.1,1.1,1,2.5,2.4,13.7,"nenehilario"
"457",210,"Jordan Hill\hilljo01","C",24,"TOT",39,8,14.1,2.1,4.2,0.497,0,0.1,0,2.1,4.2,0.506,0.497,0.8,1.2,0.638,1.6,3.2,4.8,0.4,0.4,0.7,0.8,1.8,5,"jordanhill"
"458",214,"Ryan Hollins\holliry01","C",27,"TOT",39,8,13.4,1.2,2.2,0.548,0,0,NA,1.2,2.2,0.548,0.548,1,1.9,0.52,0.9,1.2,2.1,0.2,0.1,0.4,0.9,2,3.4,"ryanhollins"
"459",221,"Lester Hudson\hudsole01","PG",27,"TOT",16,0,20.9,3.9,10.1,0.383,1,4,0.25,2.9,6.1,0.469,0.432,2.1,2.6,0.829,0.4,2.4,2.9,2.3,0.9,0.2,2,1.6,10.9,"lesterhudson"
"460",231,"Stephen Jackson\jacksst02","SF",33,"TOT",47,14,25.8,3.4,9,0.374,1,3.6,0.288,2.3,5.4,0.431,0.432,2,2.4,0.825,0.5,3,3.5,2.5,1.1,0.3,2.2,2.1,9.8,"stephenjackson"
"461",237,"Richard Jefferson\jefferi01","SF",31,"TOT",63,44,27.7,3.2,7.7,0.416,1.8,4.3,0.42,1.4,3.5,0.411,0.532,0.9,1.3,0.694,0.4,3.1,3.5,1.4,0.6,0.3,0.8,1.9,9.2,"richardjefferson"
"462",244,"Armon Johnson\johnsar02","PG",22,"TOT",9,0,13.8,2.2,4.8,0.465,0.1,0.3,0.333,2.1,4.4,0.475,0.477,0.7,0.7,1,0.1,1.3,1.4,1.2,0.6,0,0.7,1,5.2,"armonjohnson"
"463",246,"Chris Johnson\johnsch03","C",26,"TOT",27,0,6.5,0.7,1.5,0.488,0,0,NA,0.7,1.5,0.488,0.488,0.6,0.7,0.789,0.6,0.9,1.5,0.1,0.2,0.3,0.6,1.2,2,"chrisjohnson"
"464",256,"Solomon Jones\jonesso01","C-PF",27,"TOT",21,1,13.9,1.1,2.9,0.393,0,0,NA,1.1,2.9,0.393,0.393,0.9,1.1,0.826,1.5,1.2,2.8,0.4,0.4,0.5,0.9,2,3.2,"solomonjones"
"465",301,"JaVale McGee\mcgeeja01","C",24,"TOT",61,45,25.2,5,9,0.556,0,0,NA,5,9,0.556,0.556,1.3,2.7,0.461,2.7,5.1,7.8,0.5,0.6,2.2,1.4,2.7,11.3,"javalemcgee"
"466",384,"Ramon Sessions\sessira01","PG",25,"TOT",64,23,26.7,3.8,8.8,0.428,0.7,1.5,0.443,3.1,7.3,0.425,0.466,3,3.9,0.782,0.5,2.8,3.3,5.5,0.7,0,2.2,1.6,11.3,"ramonsessions"
"467",391,"Donald Sloan\sloando01","PG",24,"TOT",33,11,20.3,2.4,6,0.399,0.1,0.8,0.08,2.3,5.2,0.445,0.404,0.7,0.9,0.767,0.5,1.5,2,3.2,0.4,0.1,1.5,1.1,5.5,"donaldsloan"
"468",394,"Ish Smith\smithis01","PG",23,"TOT",26,1,9,1.2,3.1,0.383,0.1,0.3,0.333,1.1,2.8,0.389,0.401,0.3,0.4,0.7,0.3,1.1,1.3,1.6,0.6,0.1,0.5,0.6,2.8,"ishsmith"
"469",413,"Hasheem Thabeet\thabeha01","C",24,"TOT",20,3,7,0.6,1.1,0.524,0,0,NA,0.6,1.1,0.524,0.524,0.7,1,0.65,0.8,1.3,2.1,0,0.1,0.5,0.4,1,1.8,"hasheemthabeet"
"470",427,"Ronny Turiaf\turiaro01","C",29,"TOT",17,5,16.4,1.1,1.9,0.576,0,0.1,0,1.1,1.9,0.594,0.576,0.8,1.3,0.591,1.2,2.9,4.1,0.6,0.8,1,0.8,2.3,3,"ronnyturiaf"
"471",432,"Ekpe Udoh\udohek01","C",24,"TOT",61,11,21.1,2.1,4.8,0.431,0,0,0,2.1,4.8,0.433,0.431,1.4,1.9,0.754,1.6,2.5,4.2,0.9,0.7,1.7,0.9,2.9,5.6,"ekpeudoh"
"472",434,"Ben Uzoh\uzohbe01","PG",23,"TOT",18,8,20.6,1.9,5.5,0.354,0,0.1,0,1.9,5.4,0.357,0.354,0.6,1.1,0.579,1.1,2.7,3.7,3.4,0.9,0.2,1.1,1.7,4.5,"benuzoh"
"473",446,"Gerald Wallace\wallage01","SF",29,"TOT",58,58,35.8,4.9,10.9,0.454,0.8,2.6,0.307,4.2,8.3,0.5,0.491,3.1,3.9,0.8,1.5,5.2,6.7,2.8,1.5,0.6,1.9,2.5,13.8,"geraldwallace"
"474",447,"Luke Walton\waltolu01","PF-SF",31,"TOT",30,0,12.1,0.8,2.2,0.369,0.2,0.7,0.35,0.6,1.5,0.378,0.423,0,0,NA,0.4,1.2,1.6,1.2,0.2,0,0.9,1.4,1.8,"lukewalton"
"475",468,"Sean Williams\willise01","C",25,"TOT",11,0,9.7,1.3,2,0.636,0,0,NA,1.3,2,0.636,0.636,1.1,1.2,0.923,1.2,1.1,2.3,0.5,0.4,0.7,0.9,1.6,3.6,"seanwilliams"
"476",471,"Terrence Williams\willite01","SG",24,"TOT",30,0,18.3,2.8,6.6,0.429,0.5,1.5,0.348,2.3,5.1,0.454,0.47,0.9,1.5,0.587,0.4,3,3.4,2.2,0.7,0.2,1.4,1.2,7.1,"terrencewilliams"
"477",476,"Nick Young\youngni01","SG",26,"TOT",62,35,27.9,5.1,12.6,0.403,1.7,4.5,0.365,3.4,8.1,0.424,0.469,2.3,2.7,0.852,0.5,1.6,2.1,0.9,0.7,0.3,1.3,2.3,14.2,"nickyoung"
"478",477,"Sam Young\youngsa01","SF",26,"TOT",35,2,10.7,1.3,3.6,0.354,0.1,0.5,0.294,1.1,3.1,0.364,0.374,0.5,0.7,0.731,0.6,1.2,1.8,0.4,0.5,0.2,0.5,0.7,3.3,"samyoung"
