"","Rk","Player","Pos","Age","Tm","G","MP","PER","TS.","X3PAr","FTr","ORB.","DRB.","TRB.","AST.","STL.","BLK.","TOV.","USG.","X","OWS","DWS","WS","WS.48","X.1","OBPM","DBPM","BPM","VORP","fix"
"1",1,"Quincy Acy\acyqu01","PF",25,"SAC",59,876,14.7,0.629,0.229,0.318,8.1,15.1,11.6,4.4,1.6,2.2,10,13.1,NA,1.8,0.7,2.5,0.137,NA,0.2,0,0.2,0.5,"quincyacy"
"2",2,"Jordan Adams\adamsjo01","SG",21,"MEM",2,15,17.3,0.427,0.167,0.833,0,15.9,7.6,31.9,10.3,0,19.6,30.5,NA,0,0,0,0.015,NA,-2.9,4.8,1.9,0,"jordanadams"
"3",3,"Steven Adams\adamsst01","C",22,"OKC",80,2014,15.5,0.621,0,0.46,12.5,16.1,14.4,4.3,1,3.3,14.1,12.6,NA,4.2,2.3,6.5,0.155,NA,0.8,1.3,2.1,2.1,"stevenadams"
"4",4,"Arron Afflalo\afflaar01","SG",30,"NYK",71,2371,10.9,0.531,0.298,0.164,1.1,11,6.1,9.9,0.5,0.3,8.7,17.9,NA,1.8,0.9,2.7,0.055,NA,-0.6,-1.8,-2.4,-0.2,"arronafflalo"
"5",5,"Alexis Ajinca\ajincal01","C",27,"NOP",59,861,13.8,0.514,0.003,0.197,9.3,25.9,17.3,5.8,1.1,3.4,13.6,20.4,NA,0.2,0.9,1,0.058,NA,-4.3,-0.2,-4.5,-0.5,"alexisajinca"
"6",6,"Cole Aldrich\aldrico01","C",27,"LAC",60,800,21.3,0.626,0,0.373,11.9,27.1,19.6,10,2.9,6.7,19.6,18.4,NA,1.4,2,3.5,0.209,NA,-1,5.8,4.8,1.4,"colealdrich"
"7",7,"LaMarcus Aldridge\aldrila01","PF",30,"SAS",74,2261,22.4,0.565,0.015,0.289,9.2,22.2,15.9,8.1,0.9,2.8,7.8,25.9,NA,5.6,4.5,10.1,0.215,NA,0.7,1.1,1.8,2.2,"lamarcusaldridge"
"8",8,"Cliff Alexander\alexacl01","PF",20,"POR",8,36,11.6,0.5,0,0,6,12.1,9,0,1.4,4.4,9.1,13.3,NA,0,0,0,0.052,NA,-5.7,-1.3,-7,0,"cliffalexander"
"9",9,"Lavoy Allen\allenla01","PF",26,"IND",79,1599,12.4,0.532,0,0.197,11.1,17.8,14.5,7.1,0.8,2.1,14.6,13,NA,1.6,2.1,3.7,0.11,NA,-2.1,1.4,-0.6,0.6,"lavoyallen"
"10",10,"Tony Allen\allento01","SG",34,"MEM",64,1620,12.9,0.505,0.09,0.294,7,14.1,10.4,6.9,3.5,1,12.8,16.8,NA,0.5,1.9,2.4,0.072,NA,-1.5,1.4,-0.1,0.8,"tonyallen"
"11",11,"Al-Farouq Aminu\aminual01","SF",25,"POR",82,2341,12.7,0.533,0.485,0.217,4.5,18.6,11.5,8.8,1.5,1.8,13.2,16.9,NA,1.7,2.3,4,0.082,NA,-0.4,0.7,0.2,1.3,"alfarouqaminu"
"12",12,"Lou Amundson\amundlo01","PF",33,"NYK",29,204,6.7,0.401,0,0.509,12.5,13.7,13.1,8.8,1.5,2.6,18.8,17.7,NA,-0.3,0.2,-0.1,-0.014,NA,-5.3,0.4,-5,-0.2,"louamundson"
"13",14,"Alan Anderson\anderal01","SG",33,"WAS",13,192,9.2,0.495,0.627,0.254,0.6,15.5,7.9,10.3,1,0.4,3,15.4,NA,0.2,0.2,0.3,0.078,NA,-1.2,-1.7,-2.8,0,"alananderson"
"14",15,"James Anderson\anderja01","SG",26,"SAC",51,721,6,0.469,0.483,0.163,2,10.9,6.5,7.7,1.4,1.6,18,13.7,NA,-0.6,0.4,-0.3,-0.017,NA,-3.9,-0.3,-4.2,-0.4,"jamesanderson"
"15",16,"Justin Anderson\anderju01","SF",22,"DAL",55,647,12.3,0.522,0.474,0.314,3.1,19.3,11.2,6.8,1.5,3.2,10.8,15.8,NA,0.3,0.8,1.1,0.083,NA,-2.5,1.3,-1.2,0.1,"justinanderson"
"16",17,"Kyle Anderson\anderky01","SF",22,"SAS",78,1245,12.9,0.528,0.125,0.281,2.4,19.4,11.2,13.7,2.5,1.8,15.1,14.4,NA,0.7,2.8,3.5,0.133,NA,-1.9,3.7,1.8,1.2,"kyleanderson"
"17",18,"Ryan Anderson\anderry01","PF",27,"NOP",66,2008,17.2,0.546,0.385,0.245,7,15.2,10.9,6.1,0.9,1,8,24.7,NA,3.1,0.8,3.9,0.092,NA,1.5,-2.9,-1.4,0.3,"ryananderson"
"18",19,"Giannis Antetokounmpo\antetgi01","PG",21,"MIL",80,2823,18.8,0.566,0.108,0.404,4.6,20,12.4,20,1.7,3.4,14.8,22.3,NA,4.2,2.9,7.1,0.121,NA,1,1.5,2.4,3.2,"giannisantetokounmpo"
"19",20,"Thanasis Antetokounmpo\antetth01","SF",23,"NYK",2,6,32.9,0.75,0.25,0,0,17.9,9.1,0,0,0,0,30.2,NA,0,0,0,0.291,NA,6.3,-10.5,-4.1,0,"thanasisantetokounmpo"
"20",21,"Carmelo Anthony\anthoca01","SF",31,"NYK",72,2530,20.3,0.53,0.237,0.308,4.3,19.5,12,21.9,1.3,1.1,10.6,29.7,NA,3.9,2.5,6.4,0.121,NA,2.8,-0.2,2.6,2.9,"carmeloanthony"
"21",22,"Joel Anthony\anthojo01","C",33,"DET",19,96,14.1,0.666,0,0.8,8.8,15.4,11.9,1.4,1.1,9.5,12.9,7,NA,0.2,0.2,0.4,0.177,NA,-2.8,5,2.2,0.1,"joelanthony"
"22",23,"Keith Appling\applike01","PG",23,"ORL",5,27,-4.8,0.338,0.375,0.25,0,4.2,2.1,5,1.9,0,25.3,19.5,NA,-0.1,0,-0.1,-0.199,NA,-10.3,-2.7,-13,-0.1,"keithappling"
"23",24,"Trevor Ariza\arizatr01","SF",30,"HOU",81,2859,12.9,0.551,0.581,0.187,2.6,11.6,7.1,10,2.8,0.8,10.8,15.7,NA,3.1,2.3,5.4,0.09,NA,1.2,0.3,1.5,2.5,"trevorariza"
"24",25,"Darrell Arthur\arthuda01","PF",27,"DEN",70,1516,12.5,0.514,0.239,0.108,6.2,15.4,10.7,10,1.8,2.6,11.4,16.7,NA,1,1.3,2.3,0.072,NA,-1.2,0.8,-0.3,0.6,"darrellarthur"
"25",26,"Omer Asik\asikom01","C",29,"NOP",68,1178,11,0.551,0,0.574,10.9,28.7,19.5,3.1,0.9,1.6,19.7,11.4,NA,0.7,1,1.7,0.07,NA,-4,-0.2,-4.2,-0.7,"omerasik"
"26",28,"Jeff Ayres\pendeje02","C",28,"LAC",17,107,8.3,0.585,0.043,0.261,4.1,18.1,11.2,6.9,0,2.2,19,13.4,NA,0.1,0.1,0.2,0.077,NA,-4.7,0.1,-4.6,-0.1,"jeffayres"
"27",29,"Luke Babbitt\babbilu01","SF",26,"NOP",47,845,11.6,0.526,0.377,0.173,3.2,16.7,9.7,9.6,0.6,0.7,6.9,17.5,NA,0.8,0.3,1.1,0.064,NA,-0.9,-2,-2.9,-0.2,"lukebabbitt"
"28",30,"Cameron Bairstow\bairsca01","C",25,"CHI",18,103,6.8,0.391,0.125,0.2,4.2,24,14.3,8.7,1,2.1,8.4,20.3,NA,-0.1,0.1,0,-0.004,NA,-6.9,-0.8,-7.7,-0.1,"cameronbairstow"
"29",31,"Leandro Barbosa\barbole01","SG",33,"GSW",68,1079,11.7,0.545,0.297,0.168,3,8.4,5.8,10.6,2,0.7,11.8,18.1,NA,0.9,1.2,2.1,0.092,NA,-1.2,-0.9,-2.1,0,"leandrobarbosa"
"30",32,"J.J. Barea\bareajo01","PG",31,"DAL",74,1667,15.4,0.536,0.366,0.135,1.7,8.3,5,31.5,0.8,0.1,13,23.8,NA,2.1,0.7,2.8,0.082,NA,1.6,-2.8,-1.2,0.3,"jjbarea"
"31",33,"Andrea Bargnani\bargnan01","C",30,"BRK",46,634,11.8,0.5,0.057,0.204,4.9,12.4,8.6,4.8,0.3,1.1,7.9,23.2,NA,0.1,0,0.2,0.013,NA,-3.7,-4.2,-7.9,-0.9,"andreabargnani"
"32",34,"Harrison Barnes\barneha02","SF",23,"GSW",66,2042,12.3,0.559,0.338,0.212,4.3,12.4,8.6,7.8,1,0.4,7.6,15.9,NA,3.1,1.9,4.9,0.116,NA,0.4,-0.6,-0.2,0.9,"harrisonbarnes"
"33",35,"Matt Barnes\barnema02","SF",35,"MEM",76,2190,11.7,0.503,0.534,0.199,4.2,18.3,10.9,11.6,1.8,2.4,13.8,17.9,NA,0.4,2.2,2.6,0.056,NA,-0.4,0.8,0.4,1.3,"mattbarnes"
"34",36,"Will Barton\bartowi01","SG",25,"DEN",82,2353,16,0.535,0.331,0.273,2.7,20,11.2,14.4,1.5,1.3,11.2,23,NA,2.4,1.9,4.3,0.088,NA,0.3,-0.4,-0.1,1.1,"willbarton"
"35",37,"Brandon Bass\bassbr01","PF",30,"LAL",66,1342,17.4,0.619,0.006,0.467,8.1,15,11.4,9.2,1.2,3.2,9.9,13.9,NA,3.4,0.7,4.1,0.146,NA,0.1,0.7,0.8,1,"brandonbass"
"36",38,"Nicolas Batum\batumni01","SF",27,"CHO",70,2448,15.6,0.546,0.457,0.22,2.4,16.8,9.6,26.9,1.3,1.4,17.6,21.4,NA,2,2.9,5,0.097,NA,1.1,0.9,2,2.5,"nicolasbatum"
"37",39,"Jerryd Bayless\bayleje01","SG",27,"MIL",52,1505,12.4,0.568,0.529,0.206,1.6,9,5.4,16.2,1.6,0.6,13.3,16.4,NA,1.8,0.6,2.4,0.075,NA,1.1,-2.1,-1,0.4,"jerrydbayless"
"38",40,"Aron Baynes\baynear01","C",29,"DET",81,1233,17.8,0.563,0.005,0.43,11.9,22.5,17,6.6,0.9,3.2,12.8,18.5,NA,2.4,1.7,4.1,0.158,NA,-1.3,1.1,-0.2,0.6,"aronbaynes"
"39",41,"Kent Bazemore\bazemke01","SF",26,"ATL",75,2083,13.4,0.551,0.421,0.208,1.5,18,9.9,12.7,2.3,1.4,14.8,20,NA,0.3,3.8,4.1,0.094,NA,-1.3,1.6,0.3,1.2,"kentbazemore"
"40",42,"Bradley Beal\bealbr01","SG",22,"WAS",55,1708,15.5,0.547,0.339,0.22,2.6,9.8,6.2,15.6,1.5,0.5,11.3,25.3,NA,1.4,1.3,2.7,0.076,NA,1,-1.6,-0.6,0.6,"bradleybeal"
"41",43,"Michael Beasley\beaslmi01","PF",27,"HOU",20,363,22.5,0.563,0.044,0.239,8.8,21.1,14.9,9.1,1.5,2.1,9.6,29.7,NA,0.6,0.3,1,0.128,NA,-0.8,-2.5,-3.4,-0.1,"michaelbeasley"
"42",44,"Marco Belinelli\belinma01","SG",29,"SAC",68,1672,9.4,0.5,0.468,0.217,0.7,6.9,3.8,11.1,1.1,0.1,10.3,19.7,NA,0.2,0.3,0.5,0.014,NA,-1.3,-2.9,-4.2,-0.9,"marcobelinelli"
"43",45,"Anthony Bennett\bennean01","PF",22,"TOR",19,84,10.4,0.446,0.519,0.37,8.3,22.8,15.7,0,3.1,0,11.3,19.2,NA,0,0.1,0.1,0.054,NA,-4.8,-4.6,-9.4,-0.2,"anthonybennett"
"44",46,"Patrick Beverley\beverpa01","PG",27,"HOU",71,2041,13,0.553,0.522,0.148,3.9,9.6,6.8,17.9,2.3,1.1,12.6,15.3,NA,3.1,1.3,4.4,0.102,NA,1.4,-0.3,1.1,1.6,"patrickbeverley"
"45",47,"Bismack Biyombo\biyombi01","C",23,"TOR",82,1808,14.9,0.586,0.003,0.785,11.7,29.5,20.8,2.4,0.5,6.1,15.5,11.5,NA,2.8,3.1,5.9,0.156,NA,-2.4,2.3,-0.1,0.9,"bismackbiyombo"
"46",48,"Nemanja Bjelica\bjeline01","PF",27,"MIN",60,1075,11.2,0.594,0.532,0.234,5.4,17.2,11.4,11.4,1.2,1.6,15.3,12.8,NA,1.4,0.6,1.9,0.087,NA,0.5,-0.2,0.3,0.6,"nemanjabjelica"
"47",49,"Tarik Black\blackta01","C",24,"LAL",39,496,12.3,0.537,0,0.433,9.2,25.4,17,5.2,1.4,2.9,15.1,12.9,NA,0.3,0.4,0.7,0.072,NA,-4,0.6,-3.4,-0.2,"tarikblack"
"48",50,"DeJuan Blair\blairde01","C",26,"WAS",29,218,5.4,0.414,0.015,0.191,10.1,19.4,14.6,7.3,1.8,0.7,16.9,17.8,NA,-0.3,0.3,-0.1,-0.015,NA,-6.3,-0.1,-6.4,-0.2,"dejuanblair"
"49",51,"Steve Blake\blakest01","PG",35,"DET",58,986,9.8,0.51,0.629,0.083,1,9.2,4.9,29.5,1.2,0.4,24.6,14.6,NA,0.3,0.8,1.1,0.053,NA,-1.8,-1.8,-3.5,-0.4,"steveblake"
"50",52,"Eric Bledsoe\bledser01","PG",26,"PHO",31,1059,20,0.557,0.262,0.35,1.8,11.2,6.4,31.8,2.9,1.5,16.2,27.2,NA,1.6,1,2.5,0.116,NA,2.7,0.1,2.8,1.3,"ericbledsoe"
"51",53,"Bojan Bogdanovic\bogdabo02","SF",26,"BRK",79,2115,10.7,0.55,0.451,0.176,1.9,11.8,6.8,7.3,0.7,0.2,12.5,19.4,NA,0.9,0,0.9,0.021,NA,-0.5,-2.9,-3.4,-0.8,"bojanbogdanovic"
"52",54,"Andrew Bogut\bogutan01","C",31,"GSW",70,1451,15.9,0.623,0.004,0.179,9.5,26,18.3,14.8,1.1,5.8,21.6,11.4,NA,2.6,2.9,5.4,0.18,NA,-0.6,5.1,4.5,2.4,"andrewbogut"
"53",55,"Matt Bonner\bonnema01","C",35,"SAS",30,206,14.1,0.647,0.596,0.07,1.7,12.8,7.5,6.3,1.5,0.4,4.9,13.7,NA,0.4,0.3,0.8,0.181,NA,1.8,-0.3,1.6,0.2,"mattbonner"
"54",56,"Devin Booker\bookede01","SG",19,"PHO",76,2108,11.9,0.535,0.333,0.295,1.4,8.4,4.8,15.8,1,0.8,14,23,NA,1.2,0.7,1.9,0.043,NA,-0.6,-2.4,-3.1,-0.6,"devinbooker"
"55",57,"Trevor Booker\booketr01","PF",28,"UTA",79,1632,14.4,0.533,0.106,0.273,11.9,20.4,16.2,8.2,1.9,2.1,15.7,14.6,NA,1.8,2.6,4.3,0.128,NA,-0.9,2.3,1.4,1.4,"trevorbooker"
"56",58,"Chris Bosh\boshch01","PF",31,"MIA",53,1778,20.2,0.571,0.289,0.349,3.2,21.1,12.4,12.1,1,1.5,8.1,24.7,NA,4.1,2.3,6.4,0.172,NA,2.3,-0.3,2.1,1.8,"chrisbosh"
"57",59,"Avery Bradley\bradlav01","SG",25,"BOS",76,2536,13.2,0.538,0.399,0.121,2,7.3,4.6,9.8,2.2,0.6,9.2,19.8,NA,2,2.8,4.8,0.09,NA,0.5,-0.3,0.2,1.4,"averybradley"
"58",60,"Elton Brand\brandel01","C",36,"PHI",17,225,11.4,0.461,0.014,0.125,4.2,27,15.2,13.1,2,2.7,12.6,16.9,NA,-0.1,0.3,0.2,0.036,NA,-5.5,1.5,-4,-0.1,"eltonbrand"
"59",61,"Corey Brewer\breweco01","SF",29,"HOU",82,1669,9.9,0.481,0.406,0.254,2.8,10.4,6.6,10,2.5,0.9,11.3,17.8,NA,0.1,1.2,1.2,0.035,NA,-2.2,-1,-3.1,-0.5,"coreybrewer"
"60",62,"Aaron Brooks\brookaa01","PG",31,"CHI",69,1108,11.8,0.494,0.394,0.136,2,7.5,4.8,26,1.4,0.7,14.2,22.9,NA,0.2,0.7,0.9,0.04,NA,-0.5,-2.8,-3.3,-0.4,"aaronbrooks"
"61",63,"Anthony Brown\brownan02","SF",23,"LAL",29,599,4.9,0.427,0.556,0.159,1.6,11.3,6.3,4.8,1.2,0.7,10,11,NA,-0.4,0.1,-0.3,-0.024,NA,-4,-1.1,-5,-0.5,"anthonybrown"
"62",64,"Lorenzo Brown\brownlo01","PG",25,"PHO",8,61,4.4,0.374,0.32,0.16,0,12.8,6.2,28,2.4,1.3,25.2,24.9,NA,-0.3,0.1,-0.2,-0.157,NA,-8.1,-1.4,-9.5,-0.1,"lorenzobrown"
"63",65,"Markel Brown\brownma02","SG",24,"BRK",62,982,11.3,0.5,0.376,0.292,2.6,11.5,7,13.9,2,1.2,12.9,18.9,NA,0.2,0.4,0.6,0.031,NA,-1.4,-1.3,-2.6,-0.2,"markelbrown"
"64",66,"Kobe Bryant\bryanko01","SF",37,"LAL",66,1863,14.9,0.469,0.42,0.252,2.3,12.3,7.1,19.1,1.7,0.5,9.4,32.2,NA,-0.9,0.5,-0.4,-0.01,NA,0.8,-3.3,-2.5,-0.2,"kobebryant"
"65",68,"Reggie Bullock\bullore01","SF",24,"DET",37,429,12,0.583,0.541,0.153,3.4,14.3,8.6,9.2,1.2,0.4,7.1,11.4,NA,0.8,0.4,1.2,0.134,NA,0,0,0,0.2,"reggiebullock"
"66",69,"Trey Burke\burketr01","PG",23,"UTA",64,1366,14,0.507,0.404,0.129,1.5,8,4.8,19.7,1.4,0.4,10.7,25.3,NA,0.9,1.2,2.1,0.074,NA,0.4,-2.5,-2,0,"treyburke"
"67",70,"Alec Burks\burksal01","SG",24,"UTA",31,797,14.3,0.52,0.237,0.422,2.4,13.6,8,13.9,1.2,0.4,11.4,25.9,NA,0.7,0.8,1.5,0.09,NA,-0.9,-1.6,-2.5,-0.1,"alecburks"
"68",71,"Caron Butler\butleca01","SF",35,"SAC",17,176,11.3,0.49,0.305,0.203,3.1,10.4,6.8,8.3,2.5,0.5,4.5,16.2,NA,0.1,0.1,0.3,0.071,NA,-1.5,-1.1,-2.6,0,"caronbutler"
"69",72,"Jimmy Butler\butleji01","SG",26,"CHI",67,2474,21.3,0.562,0.198,0.459,3.4,11.6,7.6,21.4,2.2,1.3,9.6,24.4,NA,6.5,2.7,9.1,0.177,NA,3.6,0.3,4,3.7,"jimmybutler"
"70",73,"Rasual Butler\butlera01","SF",36,"SAS",46,432,13.4,0.558,0.471,0.154,0.8,13.5,7.4,7.7,1.5,4.1,6.7,12.6,NA,0.4,0.9,1.3,0.146,NA,-0.9,2.7,1.8,0.4,"rasualbutler"
"71",74,"Bruno Caboclo\cabocbr01","SF",20,"TOR",6,43,-7.7,0.125,0.583,0,2.7,2.6,2.7,3.2,2.4,1.9,25,16.9,NA,-0.3,0,-0.3,-0.283,NA,-11.4,-0.2,-11.6,-0.1,"brunocaboclo"
"72",75,"Jose Calderon\caldejo01","PG",34,"NYK",72,2024,12.3,0.571,0.446,0.105,1.2,11,6.2,22.3,1.6,0.3,15.4,12.6,NA,2.7,1.4,4,0.096,NA,0.5,-0.6,-0.1,1,"josecalderon"
"73",76,"Kentavious Caldwell-Pope\caldwke01","SG",22,"DET",76,2789,12.4,0.521,0.384,0.238,2.6,8.6,5.5,7.8,2,0.5,9,18.2,NA,2.6,2.7,5.3,0.092,NA,0.6,0.6,1.1,2.2,"kentaviouscaldwellpope"
"74",77,"Isaiah Canaan\canaais01","SG",24,"PHI",77,1966,11.1,0.528,0.672,0.249,1.1,8.8,4.8,11.3,1.4,0.5,10.2,19.9,NA,0.9,0.5,1.4,0.035,NA,0.2,-2.9,-2.7,-0.4,"isaiahcanaan"
"75",78,"Clint Capela\capelca01","C",21,"HOU",77,1471,18.3,0.553,0.003,0.531,14.4,22.7,18.5,5.1,2,5.2,10.9,16.1,NA,2.4,2,4.4,0.144,NA,-1.2,1.7,0.5,0.9,"clintcapela"
"76",79,"DeMarre Carroll\carrode01","SF",29,"TOR",26,786,11.9,0.49,0.437,0.185,4.6,13.1,8.9,5.5,2.9,0.6,8.8,18.5,NA,0.2,1,1.2,0.074,NA,0,0.3,0.2,0.4,"demarrecarroll"
"77",80,"Vince Carter\cartevi01","SG",39,"MEM",60,1005,12.7,0.52,0.493,0.245,3.4,13.6,8.3,8.9,1.9,1.5,8.4,18.5,NA,1,0.8,1.8,0.084,NA,-0.1,-1.2,-1.2,0.2,"vincecarter"
"78",81,"Michael Carter-Williams\cartemi01","PG",24,"MIL",54,1649,13.9,0.497,0.099,0.292,3.4,15.7,9.6,26.6,2.5,2.1,19.6,21.3,NA,-0.4,1.6,1.2,0.035,NA,-1.6,0.9,-0.8,0.5,"michaelcarterwilliams"
"79",82,"Omri Casspi\casspom01","SF",27,"SAC",69,1880,13.9,0.587,0.441,0.256,3.4,20.1,11.8,7.5,1.4,0.7,12,17.8,NA,2.1,1.5,3.6,0.092,NA,0.3,-0.6,-0.3,0.8,"omricasspi"
"80",83,"Willie Cauley-Stein\caulewi01","C",22,"SAC",66,1412,15.3,0.588,0.006,0.369,10.3,16.6,13.5,3.8,1.6,3.8,10.5,13.2,NA,2.4,1.4,3.8,0.13,NA,-0.8,1.5,0.7,1,"williecauleystein"
"81",85,"Tyson Chandler\chandty01","C",33,"PHO",66,1618,14.7,0.606,0.003,0.545,11.5,27.5,19.3,6,1.1,2.2,19.3,12.7,NA,2.1,1.6,3.8,0.112,NA,-1.9,1.3,-0.5,0.6,"tysonchandler"
"82",86,"Rakeem Christmas\chrisra01","PF",24,"IND",1,6,32,1,0,0,18.3,0,9.1,0,0,0,0,14.7,NA,0,0,0,0.343,NA,9.7,-6.6,3.2,0,"rakeemchristmas"
"83",87,"Ian Clark\clarkia01","SG",24,"GSW",66,578,11.5,0.544,0.416,0.168,2.6,9.7,6.3,15.3,1.4,1.7,16.5,19.5,NA,0.3,0.6,0.9,0.075,NA,-1.8,-1.3,-3,-0.2,"ianclark"
"84",88,"Coty Clarke\clarkco01","SF",23,"BOS",3,6,23.9,0.75,0.5,0,0,18,8.8,0,0,0,20,35.5,NA,0,0,0,0.025,NA,0.2,-9.7,-9.5,0,"cotyclarke"
"85",89,"Jordan Clarkson\clarkjo01","SG",23,"LAL",79,2552,14.3,0.516,0.291,0.186,3.8,9.6,6.6,13.8,1.7,0.2,10.2,22.8,NA,1.7,0.4,2.1,0.039,NA,0.6,-2,-1.4,0.4,"jordanclarkson"
"86",90,"Norris Cole\coleno01","PG",27,"NOP",45,1198,10.8,0.465,0.211,0.134,0.9,13.5,7,22,1.5,0.3,12.8,21.7,NA,-0.6,0.5,-0.1,-0.004,NA,-2.4,-1.4,-3.7,-0.5,"norriscole"
"87",91,"Darren Collison\collida01","PG",28,"SAC",74,2219,15.9,0.591,0.28,0.291,1.4,6.8,4.1,21.7,1.6,0.1,12.9,19.2,NA,4.5,0.7,5.2,0.113,NA,1.8,-2.2,-0.4,0.9,"darrencollison"
"88",92,"Nick Collison\collini01","PF",35,"OKC",59,699,7.7,0.498,0.018,0.303,11.2,15.2,13.3,9.6,1.1,1.7,28.8,10.6,NA,0.1,0.7,0.8,0.053,NA,-2.5,1.3,-1.2,0.1,"nickcollison"
"89",93,"Mike Conley\conlemi01","PG",28,"MEM",56,1761,19.4,0.538,0.309,0.329,1.6,9.3,5.3,32.7,2,0.8,9.5,22.4,NA,4.2,1.1,5.3,0.145,NA,3.7,-1.9,1.7,1.7,"mikeconley"
"90",94,"Pat Connaughton\connapa01","SG",23,"POR",34,143,4.6,0.352,0.429,0.102,8.3,15.9,12.1,9.9,0.7,0,16.3,18.7,NA,-0.3,0.1,-0.2,-0.076,NA,-5.8,-2.4,-8.2,-0.2,"patconnaughton"
"91",95,"Chris Copeland\copelch01","PF",31,"MIL",24,156,5.4,0.462,0.706,0.137,0.7,6.5,3.7,10.3,0.7,0,10,17.3,NA,-0.1,0,-0.1,-0.017,NA,-2.5,-5.2,-7.7,-0.2,"chriscopeland"
"92",97,"DeMarcus Cousins\couside01","C",25,"SAC",65,2246,23.6,0.538,0.158,0.498,7.7,28.2,18,17,2.2,3.3,13.3,35.4,NA,2.4,3.3,5.7,0.122,NA,1,1.6,2.6,2.6,"demarcuscousins"
"93",98,"Robert Covington\covinro01","SF",25,"PHI",67,1903,13.2,0.543,0.677,0.249,3.6,20.9,12,8.4,2.7,1.6,15.3,21.5,NA,-0.1,2.1,2,0.05,NA,-0.2,0,-0.2,0.9,"robertcovington"
"94",99,"Allen Crabbe\crabbal01","SG",23,"POR",81,2105,12.2,0.572,0.42,0.167,1.4,9.7,5.6,7.2,1.5,0.6,8.1,16.4,NA,3.1,1.2,4.3,0.098,NA,0.4,-1.1,-0.7,0.7,"allencrabbe"
"95",100,"Jamal Crawford\crawfja01","SG",35,"LAC",79,2126,14,0.529,0.366,0.289,1,6.3,3.7,14,1.2,0.4,9.6,24.9,NA,1.8,1.5,3.3,0.076,NA,-0.2,-2.4,-2.6,-0.3,"jamalcrawford"
"96",101,"Jae Crowder\crowdja01","SF",25,"BOS",73,2308,15.8,0.565,0.446,0.294,3.2,14.2,8.6,8.9,2.7,1.2,8.3,18.5,NA,3.8,3.5,7.3,0.152,NA,1.5,1.3,2.8,2.8,"jaecrowder"
"97",102,"Dante Cunningham\cunnida01","SF",28,"NOP",80,1971,8.6,0.54,0.422,0.199,3.1,10.4,6.6,5.6,1.1,1.4,8.4,11,NA,1.5,0.7,2.1,0.052,NA,-1.1,-0.1,-1.2,0.4,"dantecunningham"
"98",104,"Seth Curry\curryse01","PG",25,"SAC",44,692,13.8,0.603,0.496,0.241,1.4,7.9,4.7,14.2,1.5,0.4,12.7,17.4,NA,1.2,0.2,1.4,0.097,NA,0.9,-2.4,-1.5,0.1,"sethcurry"
"99",105,"Stephen Curry\curryst01","PG",27,"GSW",79,2700,31.5,0.669,0.554,0.25,2.9,13.6,8.6,33.7,3,0.4,12.9,32.6,NA,13.8,4.1,17.9,0.318,NA,12.4,0.1,12.5,9.8,"stephencurry"
"100",106,"Troy Daniels\danietr01","SG",24,"CHO",43,476,14.9,0.634,0.652,0.048,1.6,11.6,6.5,7.6,1.2,0.5,11.2,20.4,NA,0.6,0.4,1.1,0.11,NA,1.6,-2.7,-1.1,0.1,"troydaniels"
"101",107,"Anthony Davis\davisan02","C",22,"NOP",61,2164,25,0.559,0.095,0.379,6.4,26.4,16.1,10,1.8,4.7,8.4,29.6,NA,4.4,2.8,7.2,0.16,NA,1,1.2,2.2,2.3,"anthonydavis"
"102",108,"Ed Davis\davised01","PF",26,"POR",81,1684,18.7,0.616,0,0.605,14.4,24.2,19.3,7.7,1.7,3.3,13,12.7,NA,4.4,2.3,6.7,0.192,NA,0.8,2.5,3.3,2.3,"eddavis"
"103",109,"Branden Dawson\dawsobr01","PF",22,"LAC",6,29,7.1,0.46,0,0.2,7.6,7.4,7.5,0,0,2.7,0,8.5,NA,0,0,0,0.069,NA,-4.9,-1.7,-6.6,0,"brandendawson"
"104",110,"Dewayne Dedmon\dedmode01","C",26,"ORL",58,705,17,0.606,0,0.429,10.4,25.7,17.9,2.7,1.6,5.4,13.2,15.2,NA,1.2,1.1,2.4,0.162,NA,-2.6,1.3,-1.3,0.1,"dewaynededmon"
"105",111,"Bryce Dejean-Jones\dejeabr01","SG",23,"NOP",14,279,9.6,0.505,0.464,0.304,3.1,16.5,9.5,7.7,1.8,0.6,12.3,14.1,NA,0,0.2,0.2,0.033,NA,-2.2,-0.4,-2.6,0,"brycedejeanjones"
"106",112,"Sam Dekker\dekkesa01","SF",21,"HOU",3,6,10.8,NA,NA,NA,0,18.5,9.2,0,8.2,0,NA,0,NA,0,0,0,0.116,NA,-5.3,5.8,0.5,0,"samdekker"
"107",113,"Matthew Dellavedova\dellama01","PG",25,"CLE",76,1867,11.3,0.527,0.468,0.129,2,7.8,4.9,26.2,1.2,0.4,17.7,15.9,NA,2.2,1.6,3.8,0.098,NA,-0.2,-1.4,-1.6,0.2,"matthewdellavedova"
"108",114,"Luol Deng\denglu01","PF",30,"MIA",74,2394,15,0.549,0.344,0.258,5.3,15.4,10.5,9,1.6,0.9,8.9,17.4,NA,3.5,2.8,6.4,0.128,NA,1.3,0.6,1.9,2.3,"luoldeng"
"109",115,"DeMar DeRozan\derozde01","SG",26,"TOR",78,2804,21.5,0.55,0.101,0.474,2.7,11.5,7.1,20.8,1.5,0.6,9.5,29.8,NA,7.5,2.4,9.9,0.169,NA,2.7,-1.2,1.4,2.4,"demarderozan"
"110",116,"Boris Diaw\diawbo01","PF",33,"SAS",76,1386,14,0.582,0.18,0.198,4.9,13.9,9.6,18.4,1,1.2,18.9,17,NA,1.6,2.2,3.8,0.132,NA,-0.1,1.4,1.2,1.1,"borisdiaw"
"111",117,"Gorgui Dieng\dienggo01","C",26,"MIN",82,2220,17.1,0.601,0.035,0.428,8.3,22.1,15.3,10.1,2.1,3.5,16.9,16.7,NA,3.4,2.5,5.9,0.127,NA,0,2.4,2.4,2.5,"gorguidieng"
"112",118,"Spencer Dinwiddie\dinwisp01","PG",22,"DET",12,159,8.9,0.423,0.185,0.611,2.6,9.3,5.8,20.9,1,0,9.3,20.7,NA,0,0.1,0.1,0.028,NA,-3.1,-2,-5.1,-0.1,"spencerdinwiddie"
"113",119,"Toney Douglas\douglto01","PG",29,"NOP",61,1262,14.7,0.543,0.456,0.222,2.1,10.7,6.3,19.1,2.8,0.3,11.6,19.4,NA,1.6,0.9,2.5,0.094,NA,1.4,-0.9,0.5,0.8,"toneydouglas"
"114",120,"Goran Dragic\dragigo01","PG",29,"MIA",72,2363,15.5,0.537,0.234,0.189,2.7,10.4,6.6,28.7,1.5,0.6,16.3,21.9,NA,2.4,2.3,4.7,0.096,NA,1.3,-0.6,0.7,1.6,"gorandragic"
"115",121,"Andre Drummond\drumman01","C",22,"DET",81,2666,21.2,0.499,0.006,0.553,15.6,34.2,24.5,4.4,2.3,3.2,10.5,24.1,NA,2,5.5,7.4,0.133,NA,-2.1,1.6,-0.5,1,"andredrummond"
"116",122,"Jared Dudley\dudleja01","PF",30,"WAS",81,2098,11.7,0.602,0.489,0.201,2.8,12.6,7.6,11.4,1.7,0.7,13.1,12.7,NA,2.6,2,4.6,0.105,NA,0.3,0.6,1,1.6,"jareddudley"
"117",123,"Duje Dukan\dukandu01","SF",24,"SAC",1,24,4.2,0.3,0.5,0,9.1,9,9,5.6,2,0,0,17.7,NA,0,0,0,-0.057,NA,-3.9,-2.8,-6.7,0,"dujedukan"
"118",124,"Tim Duncan\duncati01","C",39,"SAS",61,1536,16.9,0.523,0.005,0.297,8.8,23.8,16.6,15.3,1.6,3.9,15.3,17.6,NA,1.6,3.6,5.2,0.163,NA,-0.8,5,4.1,2.4,"timduncan"
"119",125,"Mike Dunleavy\dunlemi02","SF",35,"CHI",31,703,9.1,0.543,0.527,0.197,1.2,11,6.2,8.1,1,1,11.3,14.4,NA,0.4,0.5,0.9,0.063,NA,-1.2,-0.9,-2.1,0,"mikedunleavy"
"120",126,"Kevin Durant\duranke01","SF",27,"OKC",72,2578,28.2,0.634,0.348,0.361,2,21.8,12.4,24.2,1.3,2.5,13.5,30.6,NA,11,3.5,14.5,0.27,NA,7,0.9,7.9,6.4,"kevindurant"
"121",127,"Cleanthony Early\earlycl01","SF",24,"NYK",17,154,2.2,0.371,0.375,0.1,2.9,15.4,9.2,5.7,0.7,1.5,17.7,14.9,NA,-0.3,0.1,-0.2,-0.075,NA,-7.1,-1.1,-8.2,-0.2,"cleanthonyearly"
"122",128,"Jarell Eddie\eddieja01","SF",24,"WAS",26,147,11,0.46,0.723,0.123,1.5,16.3,8.8,5,1.7,0.6,1.4,20.7,NA,0,0.1,0.1,0.046,NA,-1.5,-3.2,-4.7,-0.1,"jarelleddie"
"123",129,"Wayne Ellington\ellinwa01","SG",28,"BRK",76,1615,10.1,0.498,0.478,0.112,1.4,10.9,6.1,7.8,1.5,0.3,7.1,17.5,NA,0.5,0.3,0.8,0.025,NA,-0.9,-2.3,-3.2,-0.5,"wayneellington"
"124",130,"Monta Ellis\ellismo01","SG",30,"IND",81,2734,13.7,0.504,0.276,0.202,1.7,9.1,5.4,22.2,2.7,1.1,15.4,21.2,NA,0.4,3.9,4.3,0.075,NA,-0.6,0.9,0.3,1.6,"montaellis"
"125",132,"Tyler Ennis\ennisty01","PG",21,"MIL",46,654,10.7,0.51,0.209,0.182,2.3,10.7,6.6,21.9,1.9,0.1,18.6,17.1,NA,0.1,0.3,0.4,0.03,NA,-2.4,-2.3,-4.8,-0.5,"tylerennis"
"126",133,"Jeremy Evans\evansje01","SF",28,"DAL",30,251,12.6,0.62,0.333,0.438,4.8,18.8,11.8,1.2,1.2,3,10.9,11.7,NA,0.3,0.3,0.6,0.119,NA,-2.8,0.2,-2.6,0,"jeremyevans"
"127",134,"Tyreke Evans\evansty01","SG",26,"NOP",25,765,17.9,0.534,0.271,0.296,2.8,16.4,9.3,34.6,2.1,0.9,17.1,24.7,NA,0.8,0.6,1.4,0.087,NA,1.7,0,1.7,0.7,"tyrekeevans"
"128",135,"Festus Ezeli\ezelife01","C",26,"GSW",46,770,17.7,0.559,0,0.579,13.5,21.9,18,5.8,1.1,4.8,11.7,18.2,NA,1.4,1.3,2.7,0.171,NA,-1.5,1.4,-0.1,0.4,"festusezeli"
"129",136,"Kenneth Faried\farieke01","PF",26,"DEN",67,1694,21,0.577,0.003,0.355,15.1,23,19,8.1,0.9,2.9,11.2,21,NA,4,1.5,5.5,0.156,NA,1,-0.1,0.9,1.2,"kennethfaried"
"130",137,"Jordan Farmar\farmajo01","PG",29,"MEM",12,291,13.2,0.527,0.45,0.1,1.5,8.6,4.9,20.6,2.7,0.6,14.7,18.9,NA,0.2,0.2,0.4,0.064,NA,0.2,-1.4,-1.2,0.1,"jordanfarmar"
"131",138,"Derrick Favors\favorde01","PF",24,"UTA",62,1983,21.6,0.551,0.005,0.313,10,19.6,14.8,8.9,2,3.9,10.1,23.9,NA,3.8,3.4,7.1,0.173,NA,0.4,2.3,2.7,2.3,"derrickfavors"
"132",139,"Cristiano Felicio\feliccr01","C",23,"CHI",31,321,17.6,0.601,0.056,0.486,10,23.1,16.7,12.1,0.9,3,12.9,13.7,NA,0.7,0.4,1.2,0.175,NA,-0.5,1.4,0.9,0.2,"cristianofelicio"
"133",140,"Raymond Felton\feltora01","PG",31,"DAL",80,2192,11.9,0.502,0.312,0.258,1.8,11.1,6.5,20.3,1.6,0.6,13.7,18.4,NA,1,1.7,2.7,0.059,NA,-1.1,0.2,-0.9,0.6,"raymondfelton"
"134",141,"Evan Fournier\fournev01","SF",23,"ORL",79,2566,14.6,0.587,0.42,0.256,1.4,8.4,4.9,12.8,1.9,0.1,11.4,20.1,NA,4,1.7,5.7,0.106,NA,2.1,-1.5,0.7,1.7,"evanfournier"
"135",146,"Danilo Gallinari\gallida01","SF",27,"DEN",53,1839,19,0.582,0.341,0.617,3.1,14,8.5,11.8,1.1,0.8,8,23,NA,5.5,0.9,6.3,0.165,NA,2.9,-1.8,1.2,1.5,"danilogallinari"
"136",147,"Langston Galloway\gallola01","PG",24,"NYK",82,2033,11.7,0.49,0.381,0.194,2.3,13,7.7,15.7,1.9,0.8,8.7,15.6,NA,1.4,1.8,3.3,0.077,NA,-0.4,0.1,-0.4,0.8,"langstongalloway"
"137",148,"Kevin Garnett\garneke01","PF",39,"MIN",38,556,12.3,0.491,0.009,0.183,3.2,27.9,15.7,16.4,2.5,1.5,11.4,11.3,NA,0.4,0.7,1.1,0.092,NA,-2.5,2.5,0,0.3,"kevingarnett"
"138",149,"Marc Gasol\gasolma01","C",31,"MEM",52,1791,17.7,0.528,0.004,0.347,3.5,20.2,11.5,18.9,1.4,3.6,12.7,23.4,NA,1.8,1.9,3.7,0.098,NA,-0.7,1.7,1,1.3,"marcgasol"
"139",150,"Pau Gasol\gasolpa01","C",35,"CHI",72,2291,21.7,0.529,0.069,0.29,7.3,28.7,18.2,21.7,0.9,4.7,12.8,24.6,NA,3.2,3.9,7.1,0.149,NA,0.5,3.5,4,3.5,"paugasol"
"140",151,"Rudy Gay\gayru01","SF",29,"SAC",70,2379,15.5,0.538,0.214,0.252,4.7,15.9,10.4,8,2,1.7,11.1,22.4,NA,1.8,2.1,3.8,0.078,NA,-0.4,0.1,-0.4,1,"rudygay"
"141",152,"Alonzo Gee\geeal01","SF",28,"NOP",73,1632,8.4,0.572,0.235,0.259,3.9,13,8.3,6.2,1.9,0.7,16.2,9.2,NA,1,0.9,1.9,0.056,NA,-1.8,1,-0.8,0.5,"alonzogee"
"142",153,"Paul George\georgpa01","SF",25,"IND",81,2819,20.9,0.557,0.391,0.364,3.1,18.7,10.9,20.3,2.7,0.8,13.6,30.4,NA,4.4,4.8,9.2,0.157,NA,3.5,1,4.5,4.6,"paulgeorge"
"143",154,"Taj Gibson\gibsota01","PF",30,"CHI",73,1936,15.7,0.556,0.006,0.292,11.4,15.9,13.7,8.3,1.2,2.9,12.1,14.6,NA,3.2,2.2,5.4,0.133,NA,-0.1,1.7,1.6,1.7,"tajgibson"
"144",155,"Manu Ginobili\ginobma01","SG",38,"SAS",58,1134,17.8,0.573,0.411,0.257,2.7,11.7,7.3,23.6,3,0.8,17,23.6,NA,1.5,2.3,3.8,0.16,NA,2.3,1.3,3.6,1.6,"manuginobili"
"145",156,"Rudy Gobert\goberru01","C",23,"UTA",61,1932,17.5,0.582,0,0.799,12.6,27.7,20.2,7.4,1.2,5.9,19.2,14.2,NA,2.6,3.8,6.4,0.16,NA,-1.1,4.8,3.7,2.8,"rudygobert"
"146",157,"Drew Gooden\goodedr01","PF",34,"WAS",30,305,7.5,0.376,0.398,0.136,10.1,21.3,15.6,6,1.3,2.9,10.6,17.5,NA,-0.4,0.4,0,-0.005,NA,-5.1,0.1,-5,-0.2,"drewgooden"
"147",158,"Archie Goodwin\goodwar01","PG",21,"PHO",57,1114,11.1,0.498,0.235,0.457,2.6,11.5,6.9,17.2,1.2,1,16.5,23.2,NA,-0.4,0.5,0.1,0.004,NA,-2.9,-1.7,-4.6,-0.7,"archiegoodwin"
"148",159,"Aaron Gordon\gordoaa01","PF",20,"ORL",78,1863,17,0.541,0.245,0.333,9,21.3,15.1,10.3,1.6,2.4,9,17.3,NA,3.2,2.2,5.4,0.139,NA,0.6,1.2,1.8,1.8,"aarongordon"
"149",160,"Eric Gordon\gordoer01","SG",27,"NOP",45,1481,13.5,0.565,0.533,0.226,0.7,6.9,3.7,12.7,1.4,0.8,10.7,20.3,NA,1.7,0.4,2.1,0.069,NA,1.6,-2.2,-0.6,0.5,"ericgordon"
"150",161,"Marcin Gortat\gortama01","C",31,"WAS",75,2256,19,0.592,0.001,0.271,10.8,26.3,18.4,7.5,1,3.4,12.4,18.9,NA,4.2,3.1,7.3,0.156,NA,-0.5,1.7,1.2,1.8,"marcingortat"
"151",162,"Andrew Goudelock\goudean01","PG",27,"HOU",8,50,12.4,0.506,0.45,0.2,2.2,2.2,2.2,13.3,5.9,3.3,24.3,24.8,NA,-0.1,0.1,0,-0.033,NA,-4.1,0.6,-3.6,0,"andrewgoudelock"
"152",163,"Jerami Grant\grantje01","SF",21,"PHI",77,2066,12.6,0.506,0.244,0.538,5,14.3,9.5,10.4,1.3,4.7,12.9,18,NA,0.5,1.6,2.1,0.05,NA,-2.6,1.3,-1.3,0.4,"jeramigrant"
"153",164,"Jerian Grant\grantje02","PG",23,"NYK",76,1265,11.2,0.479,0.256,0.315,2,10.2,6.2,21.8,2,0.6,16.3,19,NA,-0.2,1,0.8,0.03,NA,-2.3,-1.1,-3.4,-0.5,"jeriangrant"
"154",165,"Danny Green\greenda02","SG",28,"SAS",79,2062,10.5,0.492,0.622,0.082,2.7,13.6,8.4,9.3,2,2.4,11.4,14.6,NA,0.2,4.1,4.2,0.099,NA,-0.2,3,2.7,2.5,"dannygreen"
"155",166,"Draymond Green\greendr01","PF",25,"GSW",81,2808,19.3,0.587,0.315,0.402,5.5,23,14.7,29,2,3,21.2,18.8,NA,6,5.1,11.1,0.19,NA,2,3.9,5.8,5.5,"draymondgreen"
"156",168,"Gerald Green\greenge01","SG",30,"MIA",69,1557,10.1,0.491,0.443,0.157,1.9,9.7,5.9,5.6,1.3,0.9,6.8,19.8,NA,0.3,1.4,1.7,0.052,NA,-1.2,-1.8,-3,-0.4,"geraldgreen"
"157",169,"JaMychal Green\greenja01","PF",25,"MEM",78,1446,14.6,0.52,0.091,0.277,10.5,19.3,14.7,7.7,1.6,2.1,13,19.8,NA,1.2,1.4,2.6,0.086,NA,-1.6,-0.3,-1.9,0,"jamychalgreen"
"158",171,"Blake Griffin\griffbl01","PF",26,"LAC",35,1170,22.1,0.544,0.03,0.322,4.8,22.3,13.7,27.2,1.2,1.1,10.8,29.8,NA,2.2,1.6,3.8,0.156,NA,1.7,1.6,3.3,1.6,"blakegriffin"
"159",172,"Jorge Gutierrez\gutiejo01","PG",27,"CHO",12,63,19.1,0.694,0.182,1,0,12.3,6.1,40.3,2.4,0,27.5,15.6,NA,0.2,0.1,0.3,0.201,NA,-0.8,-2.4,-3.2,0,"jorgegutierrez"
"160",174,"Jordan Hamilton\hamiljo02","SF",25,"NOP",11,304,12.4,0.499,0.388,0.181,4.2,18.9,11.3,12.9,1.3,0.8,12,20.7,NA,0,0.2,0.2,0.03,NA,-1.2,-1,-2.2,0,"jordanhamilton"
"161",175,"Tyler Hansbrough\hansbty01","PF",30,"CHO",44,343,12.5,0.522,0.042,0.915,12.6,15.8,14.2,3.5,1.8,1.7,10.8,14.7,NA,0.5,0.5,1,0.134,NA,-2.6,-0.1,-2.7,-0.1,"tylerhansbrough"
"162",176,"Tim Hardaway\hardati02","SG",23,"ATL",51,864,11.7,0.563,0.536,0.211,0.9,9.8,5.4,8.9,1.2,0.6,7.4,16.2,NA,0.9,1,1.9,0.105,NA,-0.9,-1.2,-2.1,0,"timhardaway"
"163",177,"James Harden\hardeja01","SG",26,"HOU",82,3125,25.3,0.598,0.406,0.518,2.2,15.6,8.8,35.4,2.2,1.4,15.9,32.5,NA,10.7,2.6,13.3,0.204,NA,7.1,-0.4,6.7,6.9,"jamesharden"
"164",178,"Maurice Harkless\harklma01","SF",22,"POR",78,1457,13.3,0.541,0.341,0.27,7.5,13.3,10.4,6.9,1.7,1.9,11.9,15.6,NA,1.6,1.3,2.9,0.096,NA,-0.4,0.2,-0.2,0.7,"mauriceharkless"
"165",179,"Justin Harper\harpeju01","PF",26,"DET",5,35,6.9,0.597,0.9,0.2,0,3.2,1.6,0,1.4,0,15.5,16,NA,0,0,0,0.039,NA,-1.3,-3.3,-4.6,0,"justinharper"
"166",180,"Montrezl Harrell\harremo01","PF",22,"HOU",39,379,14.6,0.635,0.011,0.511,7.2,11.7,9.5,7.2,1.4,2.4,13.4,14.5,NA,0.7,0.2,0.9,0.118,NA,-1.2,-0.7,-1.9,0,"montrezlharrell"
"167",181,"Devin Harris\harride01","PG",32,"DAL",64,1280,13.1,0.559,0.422,0.374,1.5,10.3,5.9,14.5,2.4,0.8,13.2,17.9,NA,1.2,1.3,2.5,0.095,NA,-0.1,0.4,0.3,0.7,"devinharris"
"168",182,"Gary Harris\harriga01","SG",21,"DEN",76,2439,12.7,0.566,0.388,0.174,2.4,7.7,5,9.5,2,0.6,10.6,16.5,NA,2.8,1.2,4,0.079,NA,0.9,-0.7,0.2,1.3,"garyharris"
"169",183,"Joe Harris\harrijo01","SG",24,"CLE",5,15,3.4,0.375,1,0,0,22.5,11.3,18.2,0,0,20,15.1,NA,0,0,0,-0.032,NA,-5,-1.6,-6.6,0,"joeharris"
"170",185,"Aaron Harrison\harriaa01","SG",21,"CHO",21,93,4.3,0.371,0.526,0.632,4.7,13.1,8.8,3,3.2,0,14.1,13.7,NA,-0.2,0.1,0,-0.014,NA,-5.6,0.1,-5.5,-0.1,"aaronharrison"
"171",186,"Udonis Haslem\hasleud01","PF",35,"MIA",37,260,9.1,0.434,0.148,0.262,4.5,27.4,16.3,7.6,1,0.6,6.8,12.8,NA,0,0.4,0.4,0.072,NA,-4.6,0.1,-4.5,-0.2,"udonishaslem"
"172",187,"Spencer Hawes\hawessp01","PF",27,"CHO",57,1035,12.4,0.508,0.333,0.212,5.3,20.6,12.9,16.3,1.1,2.1,14.8,17.1,NA,0.6,1.4,1.9,0.09,NA,-1.9,1.3,-0.6,0.4,"spencerhawes"
"173",188,"Chuck Hayes\hayesch01","C",32,"HOU",2,24,1.6,0.694,0,1,0,37,18.4,11.3,0,0,51,10.5,NA,0,0,0,-0.016,NA,-8.9,-0.6,-9.4,0,"chuckhayes"
"174",189,"Gordon Hayward\haywago01","SF",25,"UTA",80,2893,18.3,0.559,0.341,0.397,2.5,13.5,8,18.2,1.7,0.8,12.5,25.7,NA,5.5,3.4,8.9,0.147,NA,2.6,-0.1,2.5,3.3,"gordonhayward"
"175",190,"Gerald Henderson\hendege02","SG",28,"POR",72,1431,12.9,0.526,0.257,0.276,2.3,13.7,8,8.2,1.4,1,10.3,20.2,NA,1,1,2,0.068,NA,-1.9,-1.4,-3.3,-0.5,"geraldhenderson"
"176",191,"John Henson\hensojo01","C",25,"MIL",57,960,18.6,0.58,0.003,0.402,10.4,15.8,13.2,9,1,9.7,15.7,19.1,NA,1.2,1.1,2.3,0.117,NA,-1.5,3.1,1.6,0.9,"johnhenson"
"177",192,"Mario Hezonja\hezonma01","SF",20,"ORL",79,1413,9.4,0.541,0.459,0.129,2.2,11.8,6.9,11.2,1.4,1,18,16.9,NA,-0.1,1,0.9,0.029,NA,-1.9,-0.9,-2.8,-0.3,"mariohezonja"
"178",193,"Roy Hibbert\hibbero01","C",29,"LAL",81,1878,11.2,0.507,0.005,0.353,7.3,15.8,11.4,8,0.9,4.6,13.8,12.9,NA,1.1,1,2.2,0.056,NA,-3.1,1.9,-1.3,0.3,"royhibbert"
"179",195,"Nene Hilario\hilarne01","PF",33,"WAS",57,1094,16.8,0.564,0.008,0.482,5.2,21.6,13.2,14.1,2.4,1.9,14,21.6,NA,1.1,1.6,2.7,0.12,NA,-1.6,1.8,0.2,0.6,"nenehilario"
"180",196,"George Hill\hillge01","PG",29,"IND",74,2524,13.2,0.555,0.425,0.203,2.5,10.3,6.5,15.5,1.6,0.5,11.1,15.8,NA,3.4,2.8,6.2,0.118,NA,1.1,0.5,1.5,2.2,"georgehill"
"181",197,"Jordan Hill\hilljo01","C",28,"IND",73,1513,16.4,0.534,0.002,0.228,11.3,21.2,16.3,9.5,1.2,2,13.2,20.3,NA,1.6,2.3,3.9,0.124,NA,-1.7,0.9,-0.7,0.5,"jordanhill"
"182",198,"Solomon Hill\hillso01","SF",24,"IND",59,866,12.2,0.543,0.356,0.202,4.9,15.9,10.5,9.6,2.1,1,12.7,13.2,NA,0.8,1.3,2.1,0.117,NA,-1.3,1.3,0,0.4,"solomonhill"
"183",199,"Darrun Hilliard\hillida01","SG",22,"DET",38,383,10.7,0.511,0.382,0.305,1.4,11.9,6.4,10.9,1.2,0.2,11.3,19.1,NA,0.2,0.3,0.5,0.066,NA,-2,-1.6,-3.6,-0.2,"darrunhilliard"
"184",201,"Jrue Holiday\holidjr01","PG",25,"NOP",65,1831,19.7,0.529,0.277,0.231,1.6,10.5,5.9,37.3,2.4,1,14,28.9,NA,2.2,1.2,3.4,0.089,NA,3.1,-1.3,1.7,1.7,"jrueholiday"
"185",204,"Rondae Hollis-Jefferson\holliro01","SF",21,"BRK",29,615,14.2,0.519,0.101,0.377,7,21.4,14.1,10.1,3.2,2.1,13.9,13.5,NA,0.5,0.7,1.2,0.094,NA,-1.4,2.6,1.2,0.5,"rondaehollisjefferson"
"186",205,"Richaun Holmes\holmeri01","PF",22,"PHI",51,702,15.9,0.564,0.198,0.333,9.3,11.7,10.5,8,1.3,4.3,11.2,17.9,NA,1,0.5,1.5,0.103,NA,-1,0,-0.9,0.2,"richaunholmes"
"187",206,"Rodney Hood\hoodro01","SG",23,"UTA",79,2541,14.1,0.542,0.462,0.206,1.8,10.5,6.1,14.4,1.5,0.5,10.5,21.5,NA,3.4,2.5,6,0.112,NA,1.6,-0.9,0.7,1.7,"rodneyhood"
"188",207,"Al Horford\horfoal01","C",29,"ATL",82,2631,19.4,0.565,0.244,0.123,6.3,18.2,12.4,16.7,1.3,3.6,8.8,20.6,NA,4.9,4.5,9.4,0.172,NA,1.5,2.6,4.1,4.1,"alhorford"
"189",208,"Dwight Howard\howardw01","C",30,"HOU",71,2280,18.9,0.604,0.01,0.79,11.4,29.1,20.2,7,1.5,4.1,17,18.4,NA,3.5,3.1,6.6,0.138,NA,-1.1,1.8,0.6,1.5,"dwighthoward"
"190",209,"Marcelo Huertas\huertma01","PG",32,"LAL",53,869,10.4,0.488,0.265,0.126,2.2,9.2,5.6,33.9,1.5,0.6,24.8,16.3,NA,-0.2,0.1,-0.1,-0.006,NA,-3.1,-2.9,-6,-0.9,"marcelohuertas"
"191",210,"Josh Huestis\huestjo01","PF",24,"OKC",5,55,6.7,0.509,0.5,0.333,4.2,15,9.9,0,0.9,2.8,17.9,13,NA,0,0.1,0,0.01,NA,-4.9,-2.5,-7.4,-0.1,"joshhuestis"
"192",212,"R.J. Hunter\hunterj01","SG",22,"BOS",36,315,7.7,0.48,0.643,0.071,0.7,12,6.2,5.9,2.2,1,9.8,15.1,NA,-0.1,0.4,0.3,0.045,NA,-3.1,-0.4,-3.5,-0.1,"rjhunter"
"193",213,"Serge Ibaka\ibakase01","PF",26,"OKC",78,2500,13.9,0.533,0.212,0.139,6.5,16.2,11.6,3.9,0.8,4.5,10.5,17.6,NA,2.5,3,5.5,0.105,NA,-1.1,1,-0.1,1.2,"sergeibaka"
"194",214,"Andre Iguodala\iguodan01","SF",32,"GSW",65,1732,12.2,0.565,0.418,0.226,3.4,12.4,8.2,16.3,2,0.8,16.3,12.1,NA,2.3,2.1,4.4,0.122,NA,0.3,1.3,1.6,1.6,"andreiguodala"
"195",216,"Joe Ingles\inglejo01","SF",28,"UTA",81,1241,10.3,0.572,0.722,0.062,1.8,12.4,7.1,12.1,2.3,0.3,17.9,13.5,NA,0.7,1.6,2.3,0.089,NA,-0.3,0.4,0.1,0.7,"joeingles"
"196",217,"Damien Inglis\inglida01","SF",20,"MIL",20,156,6.7,0.444,0.351,0.216,1.5,21.1,11.4,9,2,1.6,21.4,14.9,NA,-0.2,0.2,-0.1,-0.024,NA,-6.1,-0.3,-6.4,-0.2,"damieninglis"
"197",218,"Kyrie Irving\irvinky01","PG",23,"CLE",53,1667,19.9,0.54,0.298,0.217,3,7.6,5.3,26.6,1.7,0.9,11.4,29.5,NA,3.2,1.7,5,0.143,NA,3,-1.4,1.6,1.5,"kyrieirving"
"198",219,"Jarrett Jack\jackja01","PG",32,"BRK",32,1027,14.5,0.505,0.285,0.313,1,14.1,7.4,35,1.7,0.6,18.8,21.7,NA,0.5,0.4,0.9,0.043,NA,0,-1.4,-1.4,0.2,"jarrettjack"
"199",220,"Reggie Jackson\jacksre01","PG",25,"DET",79,2424,19.6,0.535,0.268,0.271,2.5,9.1,5.7,36.3,1.2,0.3,13.8,29.1,NA,4.9,1.9,6.9,0.136,NA,3.9,-1.6,2.3,2.6,"reggiejackson"
"200",221,"LeBron James\jamesle01","SF",31,"CLE",76,2709,27.5,0.588,0.199,0.347,4.7,18.8,11.8,36,2,1.5,13.2,31.4,NA,9.6,4,13.6,0.242,NA,6.9,2.3,9.1,7.6,"lebronjames"
"201",222,"Al Jefferson\jeffeal01","C",31,"CHO",47,1096,18.2,0.507,0,0.22,5.6,24.6,15,11.8,1.4,3,5.8,24.2,NA,1,1.8,2.8,0.123,NA,-2.3,1.2,-1.1,0.2,"aljefferson"
"202",223,"Cory Jefferson\jeffeco01","PF",25,"PHO",8,50,12.7,0.446,0.045,0.273,12.7,22.2,17.4,0,0,1.6,0,21,NA,0,0,0.1,0.07,NA,-6.1,-7.7,-13.8,-0.1,"coryjefferson"
"203",224,"Richard Jefferson\jefferi01","SF",35,"CLE",74,1326,9.7,0.585,0.554,0.279,1.3,9.6,5.5,6.4,1.3,0.9,10.9,13.4,NA,1.4,1.3,2.7,0.099,NA,-0.5,-0.3,-0.8,0.4,"richardjefferson"
"204",227,"Jonas Jerebko\jerebjo01","PF",28,"BOS",78,1176,10.3,0.531,0.378,0.273,6.8,19.4,13,7.4,0.8,1.6,14,13.5,NA,0.9,1.5,2.4,0.097,NA,-2.5,0.4,-2,0,"jonasjerebko"
"205",228,"Amir Johnson\johnsam01","PF",28,"BOS",79,1800,16,0.602,0.101,0.284,10.3,19.6,14.9,11.4,1.4,3.6,16.4,13.6,NA,3,2.9,5.9,0.158,NA,-0.2,3.2,3,2.3,"amirjohnson"
"206",229,"Chris Johnson\johnsch04","SF",25,"UTA",70,857,8.2,0.482,0.51,0.216,3.7,14.3,9,8,2,2,15.8,13.6,NA,-0.1,1.2,1.1,0.059,NA,-2.7,1.3,-1.4,0.1,"chrisjohnson"
"207",230,"James Johnson\johnsja01","PF",28,"TOR",57,926,11.4,0.532,0.275,0.283,3.5,11.9,7.8,11.4,1.6,2.9,16.7,15.9,NA,0.3,1,1.3,0.068,NA,-1.7,1,-0.6,0.3,"jamesjohnson"
"208",233,"Stanley Johnson\johnsst04","SF",19,"DET",73,1687,8.7,0.46,0.342,0.17,3.6,16.7,9.9,10.8,1.6,0.5,15,19.6,NA,-1.3,1.9,0.6,0.018,NA,-3.1,0.5,-2.6,-0.2,"stanleyjohnson"
"209",234,"Tyler Johnson\johnsty01","SG",23,"MIA",36,863,13.8,0.579,0.292,0.263,3.8,10.3,7.2,13.9,1.4,1.2,14.8,16.8,NA,1.2,0.9,2,0.113,NA,0.4,0,0.4,0.5,"tylerjohnson"
"210",235,"Wesley Johnson\johnswe01","SF",28,"LAC",80,1666,11,0.513,0.6,0.089,2.5,13.6,8.1,4.4,2.7,2.6,9.2,16,NA,0,2.7,2.6,0.076,NA,-1.3,1.8,0.5,1,"wesleyjohnson"
"211",236,"Nikola Jokic\jokicni01","C",20,"DEN",80,1733,21.5,0.582,0.14,0.317,11.4,24.7,17.9,18.1,2.3,2.3,13.2,19.9,NA,4.5,2.2,6.7,0.185,NA,2.6,2.2,4.8,3,"nikolajokic"
"212",237,"Dahntay Jones\jonesda02","SF",35,"CLE",1,42,10.3,0.464,0.143,0,2.7,10.7,6.7,7.3,1.2,3.9,0,15.1,NA,0,0.1,0.1,0.096,NA,-3.1,0.9,-2.2,0,"dahntayjones"
"213",238,"James Jones\jonesja02","SF",35,"CLE",48,463,11.6,0.58,0.732,0.183,2,10.2,6.1,4.5,1.2,1.8,7.8,16.2,NA,0.7,0.5,1.2,0.12,NA,0.3,-1.3,-1,0.1,"jamesjones"
"214",239,"Terrence Jones\joneste01","PF",24,"HOU",50,1044,13.5,0.519,0.215,0.316,6.5,15.9,11.1,6.3,1.1,3.1,10.5,19.3,NA,0.8,0.7,1.5,0.068,NA,-2.4,-1,-3.4,-0.4,"terrencejones"
"215",240,"Tyus Jones\jonesty01","PG",19,"MIN",37,573,11.2,0.45,0.34,0.25,1.4,8,4.8,27.7,2.7,0.4,16,16.1,NA,0,0.3,0.3,0.027,NA,-1.7,-2,-3.7,-0.3,"tyusjones"
"216",241,"DeAndre Jordan\jordade01","C",27,"LAC",77,2598,20.6,0.628,0.002,1.219,11.4,32.7,22.2,5.3,1,5.4,12.1,15.4,NA,6,5.5,11.5,0.213,NA,-0.4,3.8,3.4,3.5,"deandrejordan"
"217",242,"Cory Joseph\josepco01","SG",24,"TOR",80,2046,12.4,0.512,0.188,0.297,2.2,9.4,5.9,19.3,1.6,0.8,13.4,17,NA,1.8,1.7,3.5,0.082,NA,-0.6,-0.4,-1,0.5,"coryjoseph"
"218",243,"Chris Kaman\kamanch01","C",33,"POR",16,112,11.1,0.496,0.093,0.07,6.8,16.5,11.6,15.8,0.4,0.7,15.3,20.4,NA,0,0.1,0.1,0.037,NA,-3.3,-1.9,-5.1,-0.1,"chriskaman"
"219",244,"Frank Kaminsky\kaminfr01","C",22,"CHO",81,1708,12.5,0.513,0.385,0.282,4.4,17.2,10.7,9,1.1,2,8.9,17.1,NA,1.2,2.1,3.3,0.093,NA,-1.6,0.4,-1.2,0.3,"frankkaminsky"
"220",245,"Enes Kanter\kanteen01","C",23,"OKC",82,1721,24,0.626,0.029,0.349,16.7,24.9,21,3.1,0.7,1.5,12.2,23.4,NA,6,2.1,8.1,0.226,NA,1.3,-3.1,-1.7,0.1,"eneskanter"
"221",246,"Sergey Karasev\karasse01","SF",22,"BRK",40,399,8.5,0.562,0.5,0.378,2.2,14.3,8.2,12.2,0.8,0.4,20.3,12.1,NA,0.2,0.1,0.3,0.031,NA,-2.4,-1.7,-4.2,-0.2,"sergeykarasev"
"222",247,"Sasha Kaun\kaunsa01","C",30,"CLE",25,95,12.5,0.527,0,0.647,14.4,16.5,15.5,4.5,2.2,4.3,24.3,13.7,NA,0,0.2,0.2,0.096,NA,-3.5,2.7,-0.8,0,"sashakaun"
"223",248,"Ryan Kelly\kellyry01","PF",24,"LAL",36,470,10.3,0.44,0.248,0.362,4.6,23.7,13.8,6.9,1.4,1.7,9.4,17.9,NA,-0.3,0.3,0.1,0.005,NA,-4.9,-1.1,-6,-0.5,"ryankelly"
"224",249,"Michael Kidd-Gilchrist\kiddgmi01","SF",22,"CHO",7,205,16.9,0.603,0.115,0.475,6.3,17.8,12,7.3,0.7,1.2,9.8,18,NA,0.4,0.2,0.6,0.152,NA,-0.7,-0.7,-1.4,0,"michaelkiddgilchrist"
"225",251,"Brandon Knight\knighbr03","SG",24,"PHO",52,1870,14.7,0.522,0.392,0.204,2,9.9,5.9,24.4,1.6,0.9,15.4,26.2,NA,0.7,0.9,1.7,0.043,NA,1.2,-1.5,-0.3,0.8,"brandonknight"
"226",252,"Kyle Korver\korveky01","SG",34,"ATL",80,2401,9.7,0.578,0.644,0.088,0.7,10.9,5.9,9.9,1.2,1.1,13.3,13.7,NA,1.2,2.9,4.1,0.082,NA,-0.7,0.5,-0.2,1.1,"kylekorver"
"227",253,"Kosta Koufos\koufoko01","C",26,"SAC",78,1482,15.1,0.54,0,0.234,12.4,18.4,15.4,3.3,1.3,3.8,8.9,15.4,NA,2.1,1.4,3.5,0.113,NA,-1.6,0.4,-1.2,0.3,"kostakoufos"
"228",254,"Jeremy Lamb\lambje01","SG",23,"CHO",66,1227,15.9,0.529,0.355,0.173,3.9,18.7,11.2,10.9,1.7,2,8.4,22,NA,1,1.8,2.7,0.107,NA,-0.6,0.1,-0.5,0.4,"jeremylamb"
"229",255,"Carl Landry\landrca01","PF",32,"PHI",36,569,22.4,0.605,0.052,0.364,9.1,19.2,14,11.1,1,1.2,7.1,24,NA,1.8,0.3,2.1,0.176,NA,1.5,-2.3,-0.7,0.2,"carllandry"
"230",256,"Shane Larkin\larkish01","PG",23,"BRK",78,1751,13.3,0.515,0.215,0.213,1.8,9.9,5.8,29.3,2.7,0.6,21,17.7,NA,0.5,1,1.4,0.039,NA,-1.2,-1,-2.2,-0.1,"shanelarkin"
"231",257,"Joffrey Lauvergne\lauvejo01","C",24,"DEN",59,1041,15.7,0.567,0.139,0.182,8.1,23.1,15.4,9.1,0.6,1.2,11.6,19.5,NA,1.6,0.7,2.3,0.105,NA,-0.9,-1.4,-2.3,-0.1,"joffreylauvergne"
"232",258,"Zach LaVine\lavinza01","SG",20,"MIN",82,2294,14.3,0.548,0.33,0.212,1.4,10.1,5.8,18.6,1.5,0.6,12.9,23.5,NA,1.9,0.7,2.6,0.054,NA,1,-2.4,-1.4,0.3,"zachlavine"
"233",262,"Alex Len\lenal01","C",22,"PHO",78,1821,12.4,0.482,0.011,0.383,10.4,25.4,17.7,8.5,1,2.8,16.6,20.4,NA,-0.5,1.8,1.3,0.035,NA,-4.4,0.7,-3.6,-0.7,"alexlen"
"234",263,"Kawhi Leonard\leonaka01","SF",24,"SAS",72,2380,26,0.616,0.267,0.306,4.7,18.4,11.8,13,2.8,2.3,7.8,25.8,NA,8.3,5.5,13.7,0.277,NA,5.5,2.8,8.3,6.2,"kawhileonard"
"235",264,"Meyers Leonard\leoname01","PF",23,"POR",61,1333,11.3,0.561,0.524,0.106,4.1,21.4,12.8,10.6,0.3,1.1,14.5,17.4,NA,1.2,1,2.2,0.078,NA,-0.5,-1,-1.5,0.2,"meyersleonard"
"236",265,"Jon Leuer\leuerjo01","PF",26,"PHO",67,1255,16.2,0.555,0.236,0.217,6.4,26.3,16.1,9.6,1.5,2,12.8,19.8,NA,1.4,1.3,2.7,0.103,NA,-1.3,0.3,-1,0.3,"jonleuer"
"237",266,"Damian Lillard\lillada01","PG",25,"POR",75,2676,22.2,0.56,0.414,0.315,1.8,10.4,6.1,33.6,1.2,0.8,12.6,31.3,NA,7.7,1.4,9.2,0.165,NA,5.9,-2.2,3.7,3.8,"damianlillard"
"238",267,"Jeremy Lin\linje01","SG",27,"CHO",78,2048,13.8,0.534,0.31,0.401,2.2,11.4,6.8,18.6,1.4,1.7,14.9,22.2,NA,1.3,2.3,3.5,0.082,NA,-0.9,-0.2,-1.1,0.5,"jeremylin"
"239",268,"Shaun Livingston\livinsh01","PG",30,"GSW",78,1520,13.8,0.581,0.032,0.245,3.2,8.5,6,21,1.8,1.3,15.7,14.2,NA,2.9,1.7,4.6,0.145,NA,-0.6,0.1,-0.5,0.6,"shaunlivingston"
"240",269,"Kevon Looney\looneke01","PF",19,"GSW",5,21,18.6,0.643,0.286,0,21.8,29.1,25.6,0,0,0,12.5,16.5,NA,0.1,0,0.1,0.192,NA,-1.2,-8.2,-9.5,0,"kevonlooney"
"241",270,"Brook Lopez\lopezbr01","C",27,"BRK",73,2457,21.7,0.562,0.012,0.348,9.2,17.2,13.1,10.8,1.2,4.1,11.6,27.3,NA,4.5,1.7,6.2,0.121,NA,1.1,0.2,1.3,2.1,"brooklopez"
"242",271,"Robin Lopez\lopezro01","C",27,"NYK",82,2219,17.6,0.574,0.002,0.243,13.4,16.2,14.8,8.5,0.4,4.4,15.4,17.7,NA,3.7,2.1,5.8,0.126,NA,0.1,1.3,1.4,1.9,"robinlopez"
"243",272,"Kevin Love\loveke01","PF",27,"CLE",77,2424,19,0.553,0.449,0.321,7,28.4,17.8,12.2,1.2,1.4,11.3,23.4,NA,4.7,3.8,8.5,0.169,NA,1.7,0.9,2.5,2.8,"kevinlove"
"244",273,"Kyle Lowry\lowryky01","PG",29,"TOR",77,2851,22.2,0.578,0.457,0.41,2.2,12.3,7.3,29.9,2.9,1,13.7,26.1,NA,8,3.7,11.6,0.196,NA,6.2,0.6,6.8,6.3,"kylelowry"
"245",274,"Trey Lyles\lylestr01","PF",20,"UTA",80,1382,11.6,0.517,0.294,0.188,5,20.2,12.6,7.1,1,1.1,12.1,17.9,NA,0.6,1.7,2.3,0.079,NA,-2.4,-0.4,-2.8,-0.3,"treylyles"
"246",276,"Ian Mahinmi\mahinia01","C",29,"IND",71,1816,16.6,0.603,0,0.502,8.3,22.1,15.3,8.9,1.8,3.3,15.5,15.7,NA,2.9,3.3,6.2,0.163,NA,-0.9,3.3,2.4,2,"ianmahinmi"
"247",277,"Devyn Marble\marblde01","SG",23,"ORL",28,249,5.2,0.368,0.451,0.338,2.6,14.4,8.5,6.6,2.6,0.3,7.9,15.7,NA,-0.4,0.3,-0.1,-0.026,NA,-4.8,-0.6,-5.5,-0.2,"devynmarble"
"248",278,"Boban Marjanovic\marjabo01","C",27,"SAS",54,508,27.7,0.662,0,0.655,16.9,26.2,21.7,6.6,1.2,3.5,11.5,22.8,NA,2.3,1.2,3.4,0.325,NA,2.7,0.9,3.6,0.7,"bobanmarjanovic"
"249",279,"Kendall Marshall\marshke01","PG",24,"PHI",30,400,6.7,0.449,0.415,0.11,0.5,7.3,3.8,28.4,2,0.4,25.8,18.3,NA,-0.7,0.1,-0.5,-0.064,NA,-5.5,-3.3,-8.8,-0.7,"kendallmarshall"
"250",280,"Jarell Martin\martija01","PF",21,"MEM",27,380,14,0.534,0.017,0.534,11.2,14.7,12.9,6.4,1.1,1.7,11.7,19.2,NA,0.5,0.2,0.8,0.1,NA,-1.6,-1.6,-3.2,-0.1,"jarellmartin"
"251",282,"Wesley Matthews\matthwe02","SF",29,"DAL",78,2644,10.9,0.532,0.615,0.171,1.1,8.8,4.9,8.9,1.5,0.5,7.8,17.2,NA,1.9,1.8,3.7,0.067,NA,0.8,-0.3,0.5,1.6,"wesleymatthews"
"252",283,"O.J. Mayo\mayooj01","SG",28,"MIL",41,1090,7.7,0.474,0.505,0.125,1.4,9.6,5.5,15.8,2.2,0.6,17.5,17,NA,-0.7,0.6,-0.1,-0.005,NA,-2,-1.5,-3.5,-0.4,"ojmayo"
"253",284,"Luc Mbah a Moute\mbahalu01","PF",29,"LAC",75,1274,7.3,0.498,0.193,0.275,5.2,9.4,7.3,3.3,1.7,1.2,12.8,9.4,NA,0.2,1.3,1.6,0.059,NA,-3,1.5,-1.6,0.1,"lucmbahamoute"
"254",285,"James Michael McAdoo\mcadoja01","PF",23,"GSW",41,262,15.9,0.554,0.024,0.583,13.1,10.9,11.9,9.2,1.8,2.2,13.2,20.1,NA,0.5,0.3,0.8,0.146,NA,-0.9,-0.3,-1.1,0.1,"jamesmichaelmcadoo"
"255",287,"C.J. McCollum\mccolcj01","SG",24,"POR",80,2780,17.7,0.544,0.33,0.158,1.8,8.3,5,21.6,1.7,0.6,11.4,27.1,NA,4.4,1.7,6,0.104,NA,2.5,-2,0.4,1.7,"cjmccollum"
"256",288,"T.J. McConnell\mccontj01","PG",23,"PHI",81,1606,14.5,0.511,0.192,0.088,2.8,14.5,8.5,37.2,2.9,0.5,22.5,17,NA,0.6,1.4,1.9,0.058,NA,-1.7,-0.4,-2.1,0,"tjmcconnell"
"257",289,"Chris McCullough\mcculch01","PF",20,"BRK",24,362,12.2,0.47,0.312,0.211,7.6,13.6,10.5,3.7,3.9,2.7,11.2,16.5,NA,-0.1,0.4,0.3,0.043,NA,-2.1,1.1,-1,0.1,"chrismccullough"
"258",290,"K.J. McDaniels\mcdankj01","SF",22,"HOU",37,235,10.6,0.522,0.347,0.417,7.5,12.3,9.9,6.5,1.5,2.1,16.6,18.7,NA,0.1,0.1,0.2,0.043,NA,-3.1,-1.9,-5,-0.2,"kjmcdaniels"
"259",291,"Doug McDermott\mcderdo01","SF",24,"CHI",81,1861,10.9,0.561,0.402,0.13,2.1,8.8,5.5,5,0.4,0.2,7.2,17.3,NA,2.1,0.7,2.8,0.073,NA,-0.3,-2.8,-3.1,-0.5,"dougmcdermott"
"260",292,"Mitch McGary\mcgarmi01","PF",23,"OKC",20,72,7.4,0.474,0.174,0.435,6.4,20.1,13.6,6,0.7,2.1,20.3,20.4,NA,-0.1,0.1,0,-0.018,NA,-6.2,-1.5,-7.7,-0.1,"mitchmcgary"
"261",293,"JaVale McGee\mcgeeja01","C",28,"DAL",34,370,19.9,0.574,0.007,0.269,15.8,23.7,19.7,1.5,0.7,5.9,12.3,21.1,NA,0.6,0.5,1.1,0.146,NA,-2.9,-0.6,-3.5,-0.1,"javalemcgee"
"262",294,"Ben McLemore\mclembe01","SG",22,"SAC",68,1443,8.6,0.531,0.407,0.226,2.6,8.5,5.6,7.9,1.7,0.6,16.5,17.6,NA,-0.4,0.7,0.3,0.01,NA,-2,-1.2,-3.2,-0.4,"benmclemore"
"263",296,"Josh McRoberts\mcrobjo01","PF",28,"MIA",42,595,9.9,0.453,0.331,0.27,4.3,15.3,10,19.4,1.6,0.9,15.3,15,NA,0.1,0.7,0.8,0.064,NA,-1.9,0.6,-1.4,0.1,"joshmcroberts"
"264",297,"Jodie Meeks\meeksjo01","SG",28,"DET",3,43,13.5,0.506,0.45,0.2,2.4,10.6,6.3,11.3,0,0,4.4,23.1,NA,0.1,0,0.1,0.107,NA,0.1,-4.2,-4.1,0,"jodiemeeks"
"265",298,"Salah Mejri\mejrisa01","C",29,"DAL",34,397,16.8,0.636,0.013,0.59,11.4,22.6,17,3.9,1,7.6,19,14,NA,0.6,0.7,1.3,0.156,NA,-2.6,3.7,1.1,0.3,"salahmejri"
"266",299,"Jordan Mickey\mickejo01","PF",21,"BOS",16,57,15.3,0.398,0,0.455,11,13.3,12.1,2.6,0,15.1,3.6,20.5,NA,0,0.1,0.1,0.068,NA,-7.3,4.1,-3.2,0,"jordanmickey"
"267",300,"Khris Middleton\middlkh01","SG",24,"MIL",79,2852,16.8,0.56,0.316,0.273,1.8,10.2,6,18.9,2.3,0.6,12.3,23,NA,4.3,1.8,6.1,0.103,NA,2.2,-1.6,0.6,1.9,"khrismiddleton"
"268",301,"C.J. Miles\milescj01","SF",28,"IND",64,1464,14,0.547,0.61,0.196,1.9,11.1,6.5,7,1.8,1.6,9.2,22.8,NA,1.2,1.9,3.1,0.103,NA,1,-1.2,-0.2,0.7,"cjmiles"
"269",303,"Mike Miller\millemi01","SF",35,"DEN",47,373,6.5,0.508,0.839,0,1.8,14.2,7.9,14.9,1.7,0.9,21.5,9.3,NA,0.1,0.3,0.3,0.04,NA,-2.5,-0.3,-2.7,-0.1,"mikemiller"
"270",304,"Patty Mills\millspa02","PG",27,"SAS",81,1662,14.6,0.541,0.523,0.095,1.9,8.7,5.4,20.1,1.8,0.3,10.7,19.7,NA,2.2,2.6,4.8,0.139,NA,2.1,-0.4,1.7,1.6,"pattymills"
"271",305,"Elijah Millsap\millsel01","SG",28,"UTA",20,173,6.5,0.384,0.308,0.462,4.1,19.5,11.8,16.2,2.1,1.5,16.1,14.9,NA,-0.2,0.3,0.1,0.033,NA,-4.6,1.8,-2.8,0,"elijahmillsap"
"272",306,"Paul Millsap\millspa01","PF",30,"ATL",81,2647,21.3,0.556,0.218,0.383,8.4,21.5,15.1,16.4,2.7,4.1,13.3,24.3,NA,4.1,6,10.1,0.183,NA,1.1,4.2,5.3,4.9,"paulmillsap"
"273",307,"Nikola Mirotic\mirotni01","PF",24,"CHI",66,1646,15.6,0.564,0.568,0.297,3.8,19.1,11.6,9.4,1.8,2,12.9,21.1,NA,1.8,2.2,3.9,0.115,NA,1.1,0.1,1.2,1.3,"nikolamirotic"
"274",308,"Nazr Mohammed\mohamna01","C",38,"OKC",5,19,6,0.68,0,0.4,6.1,16.3,11.5,0,0,0,33.8,19.9,NA,0,0,0,-0.009,NA,-7.4,-5.9,-13.2,-0.1,"nazrmohammed"
"275",309,"Greg Monroe\monrogr01","C",25,"MIL",79,2314,21.8,0.562,0.001,0.327,10.9,23.4,17.2,13.2,1.6,2.5,10.7,23.5,NA,5,2.4,7.5,0.155,NA,1.3,0.2,1.5,2.1,"gregmonroe"
"276",310,"Luis Montero\montelu01","SG",22,"POR",12,42,-2.7,0.337,0.474,0.211,0,10.3,5.2,3.5,0,0,16.2,25.7,NA,-0.2,0,-0.2,-0.238,NA,-11,-5.9,-16.9,-0.2,"luismontero"
"277",311,"E'Twaun Moore\mooreet01","SG",26,"CHI",59,1263,11.4,0.548,0.267,0.09,1.6,9.3,5.5,12.1,1.5,1,11.6,15.9,NA,0.9,1,1.8,0.07,NA,-1.1,-0.7,-1.8,0.1,"etwaunmoore"
"278",312,"Eric Moreland\moreler01","PF",24,"SAC",8,48,7.4,0.515,0,0.667,6.8,17.9,12.4,2.7,0,6.7,27.9,9.5,NA,0,0,0,0.012,NA,-6.5,1.9,-4.5,0,"ericmoreland"
"279",313,"Marcus Morris\morrima03","SF",26,"DET",80,2856,12.7,0.531,0.315,0.287,3.3,12.4,7.7,11,1.2,0.6,11.6,18.4,NA,2.9,2.5,5.4,0.091,NA,0.2,0.5,0.7,2,"marcusmorris"
"280",315,"Anthony Morrow\morroan01","SG",30,"OKC",68,926,10.7,0.543,0.613,0.117,1.2,5.8,3.6,3.7,1.2,0.4,4.6,16.9,NA,1.4,0.5,1.9,0.097,NA,0.5,-3.2,-2.7,-0.2,"anthonymorrow"
"281",316,"Donatas Motiejunas\motiedo01","PF",25,"HOU",37,547,11.3,0.504,0.278,0.259,7.4,14.6,11,12.2,1.5,0.8,16.2,21.4,NA,0,0.3,0.3,0.026,NA,-2.5,-1.9,-4.3,-0.3,"donatasmotiejunas"
"282",317,"Timofey Mozgov\mozgoti01","C",29,"CLE",76,1326,14.6,0.593,0.019,0.265,9.5,19.2,14.4,3.9,0.9,3.5,15,16.1,NA,1.8,1.9,3.7,0.133,NA,-2.2,1,-1.2,0.3,"timofeymozgov"
"283",318,"Emmanuel Mudiay\mudiaem01","PG",19,"DEN",68,2068,9.9,0.437,0.256,0.231,1.7,10.9,6.2,29,1.6,1.4,17.9,25.7,NA,-3.3,1.2,-2.1,-0.049,NA,-3.1,-1.2,-4.3,-1.2,"emmanuelmudiay"
"284",319,"Shabazz Muhammad\muhamsh01","SF",23,"MIN",82,1682,15.2,0.548,0.223,0.355,7,11.4,9.2,5.2,0.7,0.3,8.2,22.8,NA,2.6,0.2,2.7,0.077,NA,0,-4.2,-4.2,-0.9,"shabazzmuhammad"
"285",320,"Xavier Munford\munfoxa02","SG",23,"MEM",14,244,9.9,0.481,0.299,0.182,1.3,13.7,7.2,14.3,2.7,1.1,15.3,18,NA,-0.2,0.2,0.1,0.017,NA,-2.9,-0.1,-3.1,-0.1,"xaviermunford"
"286",321,"Mike Muscala\muscami01","C",24,"ATL",60,565,13.6,0.576,0.257,0.257,7.5,14.9,11.3,9.1,1.1,3.8,13.8,15.5,NA,0.7,0.9,1.6,0.136,NA,-2,1.5,-0.5,0.2,"mikemuscala"
"287",322,"Larry Nance Jr.\nancela02","PF",23,"LAL",63,1266,13.4,0.544,0.033,0.157,8.3,18.6,13.3,5.7,2.1,1.4,11.3,12.6,NA,1.3,0.9,2.2,0.083,NA,-2,0.6,-1.4,0.2,"larrynancejr"
"288",323,"Shabazz Napier\napiesh01","PG",24,"ORL",55,600,9.6,0.46,0.517,0.224,1.6,8.6,5.1,23.1,1.9,0.1,17.2,19.7,NA,-0.3,0.4,0.1,0.004,NA,-2.3,-2.6,-4.9,-0.4,"shabazznapier"
"289",324,"Gary Neal\nealga01","SG",31,"WAS",40,807,13.5,0.558,0.308,0.169,1.5,10.2,5.8,9.2,1.2,0.1,7.7,20.5,NA,0.9,0.5,1.4,0.085,NA,-0.5,-2.3,-2.8,-0.2,"garyneal"
"290",325,"Jameer Nelson\nelsoja01","PG",33,"DEN",39,1036,9.5,0.464,0.469,0.114,2,10.4,6.2,27.3,1.2,0.4,17,16.4,NA,0.1,0.4,0.5,0.024,NA,-1.2,-1.9,-3.1,-0.3,"jameernelson"
"291",326,"Raul Neto\netora01","PG",23,"UTA",81,1499,10.2,0.53,0.388,0.167,1.3,8,4.7,18.7,2.2,0.1,19.5,17.2,NA,0.2,1.6,1.8,0.058,NA,-1.6,-0.7,-2.3,-0.1,"raulneto"
"292",327,"Andrew Nicholson\nichoan01","PF",26,"ORL",56,823,14.8,0.567,0.368,0.21,4.5,22.8,13.5,4.8,0.6,2.2,10.8,20.4,NA,0.8,0.8,1.6,0.092,NA,-1.7,-2,-3.7,-0.4,"andrewnicholson"
"293",328,"Joakim Noah\noahjo01","C",30,"CHI",29,635,14.1,0.406,0.008,0.338,14.7,27.3,21.1,24.2,1.4,3.3,25.4,14.2,NA,0,1.1,1.1,0.079,NA,-2.3,4.3,1.9,0.6,"joakimnoah"
"294",329,"Nerlens Noel\noelne01","C",21,"PHI",67,1965,16.2,0.544,0.003,0.387,8.2,22.2,15,10.5,2.9,3.9,18.7,18.8,NA,0.3,2.8,3,0.074,NA,-2.7,3.4,0.7,1.3,"nerlensnoel"
"295",330,"Lucas Nogueira\noguelu01","C",23,"TOR",29,225,15.6,0.642,0.068,0.341,9.3,14,11.7,4.9,2.8,4.4,17.9,12.4,NA,0.3,0.4,0.7,0.154,NA,-0.4,2.9,2.6,0.3,"lucasnogueira"
"296",332,"Dirk Nowitzki\nowitdi01","PF",37,"DAL",75,2364,19,0.555,0.308,0.252,2.4,20.3,11.4,10.1,1.1,1.8,6.4,25.5,NA,4.2,2.6,6.8,0.138,NA,1.2,-0.3,0.9,1.7,"dirknowitzki"
"297",333,"Jusuf Nurkic\nurkiju01","C",21,"DEN",32,547,16,0.46,0.012,0.409,12.9,22.7,17.7,12.3,2.2,6.5,16.1,27.2,NA,-0.5,0.9,0.4,0.031,NA,-4.1,2.8,-1.3,0.1,"jusufnurkic"
"298",334,"J.J. O'Brien\obriejj01","SF",23,"UTA",2,6,1.3,0,0,0,0,19.4,9.7,0,8.8,0,0,7.7,NA,0,0,0,-0.028,NA,-10.2,5.5,-4.7,0,"jjobrien"
"299",335,"Johnny O'Bryant\obryajo01","PF",22,"MIL",66,857,7.4,0.441,0.005,0.191,8.7,14.7,11.7,5.4,1.1,0.8,12,13.5,NA,-0.2,0.4,0.3,0.014,NA,-4.3,-1.7,-6,-0.9,"johnnyobryant"
"300",336,"Kyle O'Quinn\oquinky01","PF",25,"NYK",65,764,17.5,0.52,0.081,0.221,11,24.5,17.9,15.9,1.3,4.9,17,21.2,NA,0.5,1.2,1.6,0.103,NA,-1.8,2.5,0.7,0.5,"kyleoquinn"
"301",337,"Jahlil Okafor\okafoja01","C",20,"PHI",53,1591,17.1,0.536,0.008,0.248,8.1,17.8,12.8,8.2,0.7,2.9,12.5,27.3,NA,0.3,0.9,1.2,0.037,NA,-2.6,-1.5,-4.1,-0.8,"jahlilokafor"
"302",338,"Victor Oladipo\oladivi01","SG",23,"ORL",72,2379,16.7,0.534,0.291,0.255,2.2,14,8,18.6,2.4,1.9,12.4,22.9,NA,2.2,2.7,4.9,0.099,NA,1,0.8,1.8,2.3,"victoroladipo"
"303",339,"Kelly Olynyk\olynyke01","C",24,"BOS",69,1395,16.3,0.561,0.378,0.23,5.4,16.2,10.7,11.9,1.8,1.8,10.8,20.9,NA,2.1,2,4.1,0.141,NA,0.8,0.4,1.2,1.1,"kellyolynyk"
"304",340,"Kelly Oubre\oubreke01","SF",20,"WAS",63,671,8.2,0.507,0.374,0.232,4.1,18.4,11.1,2.8,1.6,0.8,12.8,17.4,NA,-0.3,0.7,0.4,0.031,NA,-4.3,-1.6,-5.8,-0.7,"kellyoubre"
"305",341,"Zaza Pachulia\pachuza01","C",31,"DAL",76,2004,16.2,0.55,0.006,0.587,13.7,25.7,19.7,9.7,1.6,0.9,16.8,16.2,NA,3.4,2.7,6,0.145,NA,-0.8,2.2,1.4,1.7,"zazapachulia"
"306",342,"Kostas Papanikolaou\papanko01","SF",25,"DEN",26,294,6,0.464,0.485,0.212,3,12.3,7.5,7.8,2.2,1.4,22.5,13.9,NA,-0.4,0.2,-0.1,-0.022,NA,-4.5,0.1,-4.3,-0.2,"kostaspapanikolaou"
"307",343,"Jabari Parker\parkeja01","PF",20,"MIL",76,2408,14.8,0.535,0.039,0.254,5.9,12.8,9.4,8.9,1.5,1,10.4,20.9,NA,2.4,1.2,3.6,0.072,NA,-0.9,-1.5,-2.4,-0.2,"jabariparker"
"308",344,"Tony Parker\parketo01","PG",33,"SAS",72,1980,16.2,0.546,0.092,0.241,1,8.8,5.1,29.1,1.4,0.4,14.3,21.2,NA,2.9,2.9,5.8,0.142,NA,0.4,-0.3,0.1,1,"tonyparker"
"309",345,"Chandler Parsons\parsoch01","SF",27,"DAL",61,1799,16.2,0.589,0.386,0.209,1.8,15.6,8.7,16,1.3,1,11.8,20.5,NA,2.6,1.6,4.3,0.114,NA,1.6,0.3,1.9,1.8,"chandlerparsons"
"310",346,"Lamar Patterson\pattela01","SG",24,"ATL",35,395,5.1,0.468,0.613,0.275,1.1,12.4,6.9,13.6,1.1,0.4,20.4,12.8,NA,-0.3,0.5,0.2,0.025,NA,-4.6,-0.3,-4.9,-0.3,"lamarpatterson"
"311",347,"Patrick Patterson\pattepa01","PF",26,"TOR",79,2020,10.6,0.534,0.594,0.069,4.4,14.8,9.7,7.1,1.4,1.3,11.3,12.9,NA,1.6,2,3.6,0.086,NA,0.4,0.6,1,1.5,"patrickpatterson"
"312",348,"Chris Paul\paulch01","PG",30,"LAC",74,2420,26.2,0.575,0.295,0.294,1.8,12,7,52.7,3.1,0.4,13.4,27.1,NA,9.2,3.5,12.7,0.253,NA,7.3,0.5,7.8,6,"chrispaul"
"313",349,"Adreian Payne\paynead01","PF",24,"MIN",52,486,5.6,0.422,0.221,0.179,4.8,21.5,13.3,8.9,1.7,1.8,18.7,17.7,NA,-0.9,0.4,-0.5,-0.047,NA,-5.9,-0.2,-6.1,-0.5,"adreianpayne"
"314",350,"Cameron Payne\payneca01","PG",21,"OKC",57,698,12.9,0.49,0.399,0.086,1.5,11.2,6.6,22.5,2.6,0.7,13.2,20.3,NA,0.6,0.8,1.4,0.093,NA,-0.4,-0.9,-1.3,0.1,"cameronpayne"
"315",351,"Elfrid Payton\paytoel01","PG",21,"ORL",73,2145,13.9,0.478,0.126,0.26,3.9,9.6,6.7,32.8,2.1,0.8,17.9,20.4,NA,0.5,1.7,2.2,0.05,NA,-0.9,-0.5,-1.3,0.4,"elfridpayton"
"316",352,"Nikola Pekovic\pekovni01","C",30,"MIN",12,156,6.5,0.459,0,0.4,5.3,10.3,7.8,10.7,0.3,0,13.3,19.5,NA,-0.1,0,-0.1,-0.022,NA,-4.7,-3.5,-8.2,-0.2,"nikolapekovic"
"317",353,"Kendrick Perkins\perkike01","C",31,"NOP",37,542,6,0.529,0,0.333,4.9,21.8,13.1,7.9,1,1.7,32.3,10.4,NA,-0.4,0.4,-0.1,-0.007,NA,-5.6,1.3,-4.3,-0.3,"kendrickperkins"
"318",354,"Paul Pierce\piercpa01","SF",38,"LAC",68,1231,8.2,0.489,0.61,0.166,1.1,15.2,8.2,8.5,1.3,1.1,12,17.8,NA,-0.6,1.4,0.9,0.033,NA,-2.5,-0.3,-2.8,-0.3,"paulpierce"
"319",355,"Tibor Pleiss\pleisti01","C",26,"UTA",12,82,3.5,0.464,0.08,0.08,8.6,12.8,10.7,4,0.6,2.1,23.6,19.1,NA,-0.2,0.1,-0.1,-0.041,NA,-7,-1.1,-8.1,-0.1,"tiborpleiss"
"320",356,"Mason Plumlee\plumlma01","C",25,"POR",82,2084,17.2,0.564,0.008,0.648,10.4,22.2,16.3,16.2,1.6,3.2,18.8,17.1,NA,3.4,2.7,6.1,0.14,NA,-0.2,3,2.8,2.5,"masonplumlee"
"321",357,"Miles Plumlee\plumlmi01","C",27,"MIL",61,870,17.4,0.606,0,0.253,12.5,18,15.2,2.9,1.2,4.9,13.4,15.5,NA,1.4,0.8,2.2,0.124,NA,-1.4,-0.4,-1.8,0,"milesplumlee"
"322",358,"Otto Porter\porteot01","SF",22,"WAS",75,2276,14.5,0.564,0.372,0.176,4.7,14.7,9.6,7.9,2.2,1.1,8.3,16.2,NA,3,2.7,5.6,0.119,NA,0.8,1,1.8,2.2,"ottoporter"
"323",359,"Bobby Portis\portibo01","PF",20,"CHI",62,1102,13.8,0.469,0.119,0.151,12,20,16.1,7.5,1.1,1.5,10.4,20.7,NA,0.3,1.3,1.5,0.066,NA,-2.4,-0.9,-3.3,-0.4,"bobbyportis"
"324",360,"Kristaps Porzingis\porzikr01","PF",20,"NYK",72,2047,17.7,0.518,0.274,0.271,7.1,20.7,14,7.9,1.3,5,10.9,24.6,NA,1.5,2.9,4.4,0.102,NA,-0.8,0.9,0.1,1.1,"kristapsporzingis"
"325",361,"Dwight Powell\poweldw01","PF",24,"DAL",69,992,16.8,0.557,0.054,0.48,9.3,20.9,15.1,7.2,1.8,2,10,18.4,NA,1.8,1.3,3.1,0.151,NA,-1.3,1,-0.3,0.4,"dwightpowell"
"326",362,"Norman Powell\powelno01","SG",22,"TOR",49,725,13.3,0.541,0.389,0.231,2.6,14.8,8.8,10.4,2.1,1.1,11.3,17.8,NA,0.7,0.9,1.6,0.105,NA,-0.3,-0.1,-0.4,0.3,"normanpowell"
"327",364,"Ronnie Price\pricero01","PG",32,"PHO",62,1211,9.6,0.517,0.649,0.136,2.2,6.8,4.4,17.9,3,0.9,17.9,13.7,NA,0.4,1,1.4,0.056,NA,-0.7,-0.1,-0.8,0.4,"ronnieprice"
"328",365,"Pablo Prigioni\prigipa01","PG",38,"LAC",59,823,10.2,0.482,0.646,0.054,5.1,9.9,7.5,21.8,3.2,0.1,24.6,11,NA,0.3,1.1,1.5,0.087,NA,-1.1,1.5,0.4,0.5,"pabloprigioni"
"329",366,"Tayshaun Prince\princta01","SF",35,"MIN",77,1462,6.3,0.466,0.1,0.083,2.6,9,5.8,7,1.2,0.7,10.2,8.1,NA,0.1,0.3,0.4,0.014,NA,-2.9,-0.2,-3.1,-0.4,"tayshaunprince"
"330",367,"Julius Randle\randlju01","PF",21,"LAL",81,2286,13.9,0.482,0.043,0.323,7.8,32,19.5,11,1.2,1,13.5,21.2,NA,-0.3,1.9,1.6,0.035,NA,-3.7,0,-3.6,-0.9,"juliusrandle"
"331",368,"Zach Randolph\randoza01","PF",34,"MEM",68,2016,18.3,0.519,0.029,0.238,9.7,20.7,15,12.9,1.1,0.6,9.5,24.6,NA,2.8,1.5,4.3,0.103,NA,0.3,-1.1,-0.8,0.6,"zachrandolph"
"332",369,"J.J. Redick\redicjj01","SG",31,"LAC",75,2097,17.5,0.632,0.478,0.233,0.5,6.6,3.6,8.6,1,0.2,7.4,22.6,NA,5.3,1.4,6.7,0.154,NA,3.5,-2.7,0.8,1.5,"jjredick"
"333",370,"Willie Reed\reedwi02","C",25,"BRK",39,426,19.2,0.579,0,0.414,12.7,19.6,16.1,3.8,0.7,5.7,9.2,18.1,NA,0.9,0.3,1.2,0.134,NA,-1.2,-0.4,-1.6,0,"williereed"
"334",371,"Josh Richardson\richajo01","SG",22,"MIA",52,1107,11.4,0.569,0.423,0.232,2.2,8.5,5.5,9.7,1.7,1.7,10.5,13.8,NA,1.3,1.2,2.5,0.109,NA,0.2,0.4,0.6,0.7,"joshrichardson"
"335",372,"Austin Rivers\riverau01","SG",23,"LAC",67,1464,11.1,0.523,0.359,0.225,1.7,7.9,4.8,10.6,1.6,0.5,9.7,19.4,NA,0.6,1.3,1.9,0.063,NA,-1.2,-1,-2.2,-0.1,"austinrivers"
"336",373,"Andre Roberson\roberan03","SG",24,"OKC",70,1553,10.2,0.566,0.376,0.197,5.9,11.4,8.8,4,1.7,2,10.5,9.1,NA,1.8,1.6,3.4,0.105,NA,0,1.3,1.4,1.3,"andreroberson"
"337",375,"Glenn Robinson\robingl02","SF",22,"IND",45,508,11.4,0.508,0.245,0.258,2.6,12,7.3,7.7,1.7,1.4,9.7,16.1,NA,0.2,0.6,0.8,0.078,NA,-3,0,-3,-0.1,"glennrobinson"
"338",376,"Nate Robinson\robinna01","PG",31,"NOP",2,23,2.6,0,1,0,0,0,0,21.8,2.2,0,0,1.9,NA,0,0,0,0.038,NA,-6.1,-4.7,-10.8,-0.1,"naterobinson"
"339",377,"Thomas Robinson\robinth01","PF",24,"BRK",71,917,14.5,0.453,0.003,0.375,16.4,27.8,22,7.7,2.1,3.2,16.9,19.8,NA,-0.5,1.1,0.6,0.033,NA,-3.8,0.9,-2.9,-0.2,"thomasrobinson"
"340",378,"Rajon Rondo\rondora01","PG",29,"SAC",72,2537,16.9,0.506,0.217,0.192,3.3,15.2,9.3,48,2.7,0.3,24.7,18.8,NA,2.3,2.3,4.6,0.087,NA,0.8,0.2,1,1.9,"rajonrondo"
"341",379,"Derrick Rose\rosede01","PG",27,"CHI",66,2097,13.4,0.479,0.143,0.171,2.4,8.8,5.6,25.5,1.1,0.5,13.4,27.3,NA,-0.8,1.2,0.4,0.009,NA,-1.2,-2.1,-3.3,-0.7,"derrickrose"
"342",380,"Terrence Ross\rosste01","SF",24,"TOR",73,1747,12.9,0.551,0.542,0.099,1.4,10.6,6.1,5.3,1.6,1.2,6.6,18.2,NA,2.1,1.6,3.6,0.1,NA,1.1,-1.2,-0.2,0.8,"terrenceross"
"343",381,"Terry Rozier\roziete01","PG",21,"BOS",39,311,5,0.326,0.255,0.094,8.1,13.5,10.8,16.5,0.9,0.3,14.7,17.7,NA,-0.6,0.3,-0.3,-0.047,NA,-5.9,-0.8,-6.6,-0.4,"terryrozier"
"344",382,"Ricky Rubio\rubiori01","PG",25,"MIN",76,2323,17.6,0.529,0.324,0.536,2,14.1,8.2,41.4,3.5,0.4,21,17.7,NA,3.6,2.2,5.8,0.119,NA,1.8,0.1,1.9,2.3,"rickyrubio"
"345",383,"Damjan Rudez\rudezda01","SF",29,"MIN",33,277,5.5,0.572,0.806,0.129,2.1,6.2,4.2,5.8,0.5,0.3,16.6,12.7,NA,0.1,0,0.1,0.009,NA,-1.2,-3.5,-4.7,-0.2,"damjanrudez"
"346",384,"Brandon Rush\rushbr01","SG",30,"GSW",72,1055,10.1,0.56,0.604,0.108,2.3,15.4,9.2,7,0.9,1.6,10.8,12.5,NA,0.8,1.2,2,0.09,NA,-1.2,-0.2,-1.3,0.2,"brandonrush"
"347",385,"D'Angelo Russell\russeda01","PG",19,"LAL",80,2259,13.2,0.507,0.387,0.199,2.2,11.2,6.5,21.2,2.1,0.5,15.9,24.1,NA,-0.7,0.7,0,0.001,NA,-0.2,-1.7,-1.8,0.1,"dangelorussell"
"348",386,"Robert Sacre\sacrero01","C",26,"LAL",25,320,10.4,0.474,0,0.507,10.4,13.9,12.1,6.9,0.6,2.5,11.6,14.3,NA,0.2,0.1,0.3,0.04,NA,-3.5,-0.8,-4.3,-0.2,"robertsacre"
"349",388,"Dennis Schroder\schrode01","PG",22,"ATL",80,1621,15.5,0.51,0.306,0.233,1.7,11.8,6.9,36.1,2.1,0.4,17.5,28.8,NA,-0.2,2.3,2.2,0.064,NA,-0.5,-0.9,-1.4,0.3,"dennisschroder"
"350",389,"Luis Scola\scolalu01","PF",35,"TOR",76,1636,13.6,0.523,0.269,0.14,6,19,12.6,6.8,1.5,1.4,9.7,19.5,NA,1.4,1.9,3.3,0.098,NA,-0.8,-0.4,-1.2,0.3,"luisscola"
"351",390,"Mike Scott\scottmi01","PF",27,"ATL",75,1146,14,0.575,0.42,0.168,5.2,14.2,9.8,10.5,1.1,1.2,9.4,17.4,NA,1.7,1.5,3.2,0.132,NA,-0.2,-0.4,-0.6,0.4,"mikescott"
"352",391,"Thabo Sefolosha\sefolth01","SF",31,"ATL",75,1758,12.4,0.578,0.333,0.266,3.3,17.1,10.4,8.8,2.4,1.7,14.1,12.3,NA,1.3,3.2,4.5,0.122,NA,-1.7,2.8,1.1,1.4,"thabosefolosha"
"353",392,"Kevin Seraphin\serapke01","C",26,"NYK",48,526,10.8,0.435,0.01,0.112,6.5,19.5,13.1,14.8,0.8,5.2,16.7,22.2,NA,-0.8,0.7,-0.2,-0.015,NA,-5.9,1.5,-4.4,-0.3,"kevinseraphin"
"354",393,"Ramon Sessions\sessira01","PG",29,"WAS",82,1667,15.9,0.565,0.188,0.478,1.6,12.2,6.8,22,1.3,0.2,13.8,21.8,NA,2.5,1.3,3.8,0.109,NA,-0.3,-1.5,-1.8,0.1,"ramonsessions"
"355",394,"Iman Shumpert\shumpim01","SG",25,"CLE",54,1316,8.4,0.475,0.479,0.167,2.8,14.6,8.7,9.8,2.1,1.2,14.8,13.2,NA,-0.1,1.8,1.7,0.063,NA,-2.1,1.9,-0.2,0.6,"imanshumpert"
"356",395,"Jonathon Simmons\simmojo02","SG",26,"SAS",55,813,11.9,0.586,0.194,0.38,2.3,10.8,6.7,10.4,1.5,0.5,15.8,18.9,NA,0.7,1.3,2,0.119,NA,-1.1,0.2,-1,0.2,"jonathonsimmons"
"357",396,"Henry Sims\simshe01","C",25,"BRK",14,263,13.9,0.504,0,0.39,8.8,22.2,15.4,5.1,1.7,4.3,11.7,17.3,NA,0.2,0.3,0.4,0.079,NA,-3.5,0.9,-2.6,0,"henrysims"
"358",397,"Kyle Singler\singlky01","SF",27,"OKC",68,977,6.6,0.481,0.439,0.199,5.9,9.6,7.9,3.2,1.5,0.7,11.7,11.9,NA,0.3,0.8,1.1,0.054,NA,-1.7,-0.8,-2.5,-0.1,"kylesingler"
"359",398,"Donald Sloan\sloando01","PG",28,"BRK",61,1318,13.9,0.536,0.283,0.297,1.4,13.5,7.4,30,1.2,0.2,16.8,16.1,NA,1.7,0.3,2,0.071,NA,-0.3,-2.1,-2.4,-0.1,"donaldsloan"
"360",399,"Marcus Smart\smartma01","PG",21,"BOS",61,1667,11.3,0.463,0.456,0.314,4.8,11.6,8.1,15.8,2.7,0.8,11.7,17.4,NA,0.5,2.4,2.9,0.083,NA,-0.6,1.3,0.7,1.1,"marcussmart"
"361",400,"Greg Smith\smithgr02","PF",25,"MIN",18,192,7.9,0.545,0,0.531,7.4,17.9,12.7,4.6,1.1,0.4,15.1,10.8,NA,0.1,0.1,0.2,0.045,NA,-3,-1.2,-4.3,-0.1,"gregsmith"
"362",402,"J.R. Smith\smithjr01","SG",30,"CLE",77,2362,12.4,0.542,0.6,0.084,2.1,8.3,5.2,8.5,1.8,0.7,6.3,18,NA,3,2.5,5.5,0.111,NA,1.8,-0.4,1.3,2,"jrsmith"
"363",403,"Jason Smith\smithja02","C",29,"ORL",76,1181,14.6,0.513,0.032,0.133,4.9,15.8,10.3,8.6,1.4,4.6,9.7,22.1,NA,0.4,1.4,1.8,0.072,NA,-3.1,0.6,-2.5,-0.1,"jasonsmith"
"364",405,"Russ Smith\smithru01","PG",24,"MEM",15,66,10.5,0.415,0.227,0.591,1.7,14.4,7.8,25.4,3.9,1.4,20.2,23.6,NA,-0.1,0.1,-0.1,-0.041,NA,-5,0.3,-4.8,0,"russsmith"
"365",406,"Tony Snell\snellto01","SF",24,"CHI",64,1301,6.4,0.478,0.457,0.097,1.6,14.3,8.1,6.9,0.6,1,12.8,13.7,NA,-0.5,1,0.4,0.016,NA,-3.4,-0.7,-4.1,-0.7,"tonysnell"
"366",407,"Marreese Speights\speigma01","C",28,"GSW",72,832,17.1,0.506,0.136,0.25,10.6,19.8,15.5,11.4,1.1,3,11.5,29.7,NA,0.5,1.2,1.8,0.102,NA,-2.9,-1.1,-3.9,-0.4,"marreesespeights"
"367",408,"Tiago Splitter\splitti01","C",31,"ATL",36,579,13.7,0.571,0.013,0.31,8.7,13.8,11.3,7.9,1.7,1.6,12,15.5,NA,0.9,0.9,1.7,0.144,NA,-1.9,1.1,-0.8,0.2,"tiagosplitter"
"368",409,"Nik Stauskas\stausni01","SG",22,"PHI",73,1809,9.2,0.517,0.596,0.217,1.3,10,5.5,12,1.2,0.8,13.6,16.7,NA,0,0.5,0.5,0.012,NA,-1.7,-1.9,-3.6,-0.7,"nikstauskas"
"369",413,"Amar'e Stoudemire\stoudam01","C",33,"MIA",52,762,17.3,0.599,0,0.303,10,22.6,16.5,5.6,1.2,4.1,15.8,17.8,NA,1.1,1.3,2.4,0.15,NA,-1.7,1.4,-0.4,0.3,"amarestoudemire"
"370",414,"Rodney Stuckey\stuckro01","PG",29,"IND",58,1275,12.6,0.504,0.187,0.357,1.6,11.7,6.7,17.2,1.7,0.5,12.9,20.3,NA,0.5,1.5,2,0.077,NA,-2.1,-0.3,-2.5,-0.2,"rodneystuckey"
"371",415,"Jared Sullinger\sullija01","PF",23,"BOS",81,1915,16.7,0.476,0.128,0.2,10.6,27,18.7,15.5,1.9,1.9,10.4,21.8,NA,1.3,3.6,4.8,0.121,NA,-1.2,2.3,1.1,1.5,"jaredsullinger"
"372",416,"Edy Tavares\tavarwa01","C",23,"ATL",11,73,14.4,0.555,0,0.421,10.7,20.5,15.7,6.3,0.7,6.5,18.2,16.9,NA,0,0.1,0.2,0.106,NA,-4.9,2.5,-2.3,0,"edytavares"
"373",417,"Jeff Teague\teaguje01","PG",27,"ATL",79,2255,17.9,0.551,0.278,0.316,1.6,8.6,5.2,34.4,2.1,0.8,16.2,26.6,NA,2.8,3,5.9,0.125,NA,1.2,-0.9,0.3,1.3,"jeffteague"
"374",418,"Mirza Teletovic\teletmi01","PF",30,"PHO",79,1686,16.2,0.571,0.592,0.199,3.5,16.3,9.7,9.1,0.9,1,9,23.4,NA,2.9,0.9,3.8,0.109,NA,2.3,-2.7,-0.5,0.7,"mirzateletovic"
"375",419,"Garrett Temple\templga01","SF",29,"WAS",80,1951,9.3,0.52,0.511,0.248,2,10.3,6.1,10,1.7,0.7,10.3,14,NA,1,1.7,2.7,0.066,NA,-1,0.1,-1,0.5,"garretttemple"
"376",420,"Jason Terry\terryja01","SG",38,"HOU",72,1258,10.2,0.54,0.694,0.088,1.2,5.7,3.5,12.4,1.8,0.6,11.1,15,NA,1.1,0.4,1.5,0.057,NA,-0.2,-2.6,-2.8,-0.3,"jasonterry"
"377",421,"Isaiah Thomas\thomais02","PG",26,"BOS",82,2644,21.5,0.562,0.336,0.394,1.8,8,4.9,32.7,1.7,0.3,11.9,29.6,NA,7.2,2.5,9.7,0.177,NA,5,-2,3,3.3,"isaiahthomas"
"378",422,"Lance Thomas\thomala01","PF",27,"NYK",59,1313,10.4,0.557,0.285,0.312,2.9,8,5.4,6.4,0.9,0.4,11.6,16.9,NA,1.2,0.5,1.7,0.062,NA,-1.2,-2.1,-3.2,-0.4,"lancethomas"
"379",423,"Hollis Thompson\thompho01","SG",24,"PHI",77,2154,9.2,0.525,0.576,0.141,2.6,11.4,6.9,7.4,0.8,0.8,9.5,16.2,NA,0.7,0.5,1.2,0.026,NA,-1.1,-2,-3.1,-0.6,"hollisthompson"
"380",425,"Klay Thompson\thompkl01","SG",25,"GSW",80,2666,18.6,0.597,0.469,0.159,1.5,10.3,6.2,9.8,1.1,1.4,8.5,26.3,NA,5.5,2.6,8,0.144,NA,2.9,-2.2,0.7,1.8,"klaythompson"
"381",426,"Tristan Thompson\thomptr01","PF",24,"CLE",82,2269,15.9,0.611,0,0.576,13.5,23.3,18.4,4,0.9,1.8,10.4,11.7,NA,5.6,3.1,8.7,0.185,NA,0.2,1.3,1.5,2,"tristanthompson"
"382",428,"Anthony Tolliver\tollian01","PF",30,"DET",72,1341,10.2,0.543,0.819,0.142,3.1,16.1,9.3,5.6,1,0.9,7.4,12.4,NA,1.5,1.3,2.8,0.1,NA,0,0,0,0.7,"anthonytolliver"
"383",429,"Axel Toupane\toupaax01","SF",23,"DEN",21,305,7.1,0.49,0.571,0.243,2.9,8.5,5.6,7,1.2,1.6,7.2,12,NA,0.2,0.1,0.3,0.049,NA,-1.7,-1.1,-2.8,-0.1,"axeltoupane"
"384",430,"Karl-Anthony Towns\townska01","C",20,"MIN",82,2627,22.5,0.59,0.076,0.239,10.3,27.5,19,11.3,1.1,4.3,12.6,24.9,NA,5.5,2.8,8.3,0.151,NA,1.6,1.2,2.8,3.1,"karlanthonytowns"
"385",431,"P.J. Tucker\tuckepj01","SF",30,"PHO",82,2540,10.8,0.506,0.354,0.244,6.9,15.2,10.9,10.2,2,0.6,14.7,12.7,NA,1.5,1.9,3.5,0.066,NA,-0.7,1.3,0.6,1.7,"pjtucker"
"386",432,"Evan Turner\turneev01","SG",27,"BOS",81,2271,13.6,0.513,0.11,0.238,2.3,16.5,9.3,23.9,1.7,1,16.9,18.8,NA,1,3,4,0.085,NA,-1.9,1.3,-0.7,0.8,"evanturner"
"387",433,"Myles Turner\turnemy01","C",19,"IND",60,1367,15.4,0.531,0.026,0.228,5.5,21,13.3,5,0.9,5.1,10.3,20.9,NA,0.8,2.3,3.1,0.109,NA,-3.7,1.4,-2.3,-0.1,"mylesturner"
"388",435,"Jonas Valanciunas\valanjo01","C",23,"TOR",60,1557,22.6,0.61,0,0.397,13.8,26.3,20.1,4.8,0.8,4.2,11.9,20.9,NA,4.5,2.4,6.9,0.211,NA,0.7,0.4,1.1,1.2,"jonasvalanciunas"
"389",437,"Greivis Vasquez\vasqugr01","PG",29,"MIL",23,460,7.4,0.435,0.529,0.188,1.3,10.3,5.8,28.5,1.1,0,21.1,18.5,NA,-0.4,0.1,-0.3,-0.033,NA,-3,-3.9,-6.9,-0.6,"greivisvasquez"
"390",438,"Rashad Vaughn\vaughra01","SG",19,"MIL",70,1001,4.2,0.398,0.553,0.056,1.3,8.7,5,5.5,1.5,1.4,9.3,13.5,NA,-1.2,0.4,-0.8,-0.036,NA,-4.3,-1.9,-6.1,-1,"rashadvaughn"
"391",439,"Charlie Villanueva\villach01","PF",31,"DAL",62,665,11.9,0.473,0.526,0.073,4,21.1,12.5,6.2,1.4,1.9,8.4,25.3,NA,-0.6,0.8,0.2,0.016,NA,-2.8,-1.8,-4.6,-0.4,"charlievillanueva"
"392",440,"Noah Vonleh\vonleno01","PF",20,"POR",78,1174,8.6,0.471,0.165,0.183,8.4,19.8,14.1,3.7,1.2,1.7,14.3,13,NA,0,1.1,1.2,0.047,NA,-4,0,-4,-0.6,"noahvonleh"
"393",441,"Nikola Vucevic\vucevni01","C",25,"ORL",65,2037,21.1,0.531,0.009,0.143,9.3,22.2,15.7,15.9,1.3,2.8,10,26.8,NA,2.8,2.4,5.2,0.122,NA,0.7,1.1,1.8,2,"nikolavucevic"
"394",442,"Sasha Vujacic\vujacsa01","SG",31,"NYK",61,908,11.1,0.503,0.516,0.141,3.2,14.6,9,14.3,1.9,0.4,13,16.8,NA,0.3,0.8,1.1,0.06,NA,-0.8,-0.7,-1.5,0.1,"sashavujacic"
"395",443,"Dwyane Wade\wadedw01","SG",34,"MIA",74,2258,20.3,0.517,0.037,0.343,4.3,10.7,7.6,27.4,1.8,1.4,13,31.6,NA,2.4,2.6,4.9,0.105,NA,0.9,-0.1,0.8,1.6,"dwyanewade"
"396",444,"Dion Waiters\waitedi01","SG",24,"OKC",78,2152,9.4,0.492,0.34,0.222,1.9,8,5.1,10,1.9,0.5,13.4,17.7,NA,0.3,1.8,2.1,0.046,NA,-1.5,-0.6,-2.1,-0.1,"dionwaiters"
"397",445,"Kemba Walker\walkeke02","PG",25,"CHO",81,2885,20.8,0.554,0.368,0.329,2.1,11.5,6.8,25.7,2.2,1.1,10.1,26.5,NA,6.3,3.6,9.9,0.165,NA,4,0,4,4.4,"kembawalker"
"398",446,"John Wall\walljo01","PG",25,"WAS",77,2784,19.8,0.51,0.243,0.255,1.7,13.8,7.6,46.2,2.5,1.7,17.5,28.6,NA,2.2,3.5,5.7,0.098,NA,2.2,1,3.2,3.7,"johnwall"
"399",447,"T.J. Warren\warretj01","SF",22,"PHO",47,1070,15.7,0.549,0.159,0.145,5.7,9.3,7.5,7.2,1.7,1.2,6.4,19.9,NA,1.7,0.6,2.2,0.101,NA,0.2,-1.3,-1.2,0.2,"tjwarren"
"400",448,"C.J. Watson\watsocj01","PG",31,"ORL",33,656,8.6,0.461,0.35,0.285,1.7,9.6,5.6,18.1,1.4,0.6,14,12.1,NA,0.2,0.4,0.6,0.047,NA,-2.5,-0.8,-3.3,-0.2,"cjwatson"
"401",451,"David West\westda01","PF",35,"SAS",78,1404,17.6,0.573,0.016,0.179,6,18.6,12.5,15.4,1.6,3,12.3,18,NA,2.4,2.9,5.4,0.184,NA,0.1,3.3,3.4,1.9,"davidwest"
"402",452,"Russell Westbrook\westbru01","PG",27,"OKC",80,2750,27.6,0.554,0.236,0.397,6.1,18.1,12.4,49.6,2.9,0.6,16.8,31.6,NA,10,4,14,0.245,NA,7.6,2.4,10,8.3,"russellwestbrook"
"403",453,"Hassan Whiteside\whiteha01","C",26,"MIA",73,2125,25.7,0.629,0,0.482,13.1,32.4,23.1,2.4,1.1,9.7,14.2,20.7,NA,5,5.3,10.3,0.233,NA,-0.9,3.4,2.5,2.4,"hassanwhiteside"
"404",454,"Shayne Whittington\whittsh01","PF",24,"IND",7,41,7.4,0.463,0.182,0.182,13.4,18.6,16,10.9,1.2,2,29.6,18.1,NA,-0.1,0.1,0,-0.009,NA,-5.4,1,-4.5,0,"shaynewhittington"
"405",455,"Andrew Wiggins\wiggian01","SF",20,"MIN",81,2845,16.5,0.543,0.147,0.437,4.3,7.5,5.9,10.1,1.4,1.3,10.6,27.2,NA,3.4,0.7,4.1,0.069,NA,0.4,-2.5,-2.1,-0.1,"andrewwiggins"
"406",456,"C.J. Wilcox\wilcocj01","SG",25,"LAC",23,167,12.9,0.491,0.348,0.182,0.7,7.1,3.9,9.4,3,0.9,2.7,19.8,NA,0.1,0.2,0.3,0.089,NA,-1.5,-0.9,-2.4,0,"cjwilcox"
"407",457,"Alan Williams\willial03","PF",23,"PHO",10,68,21.1,0.481,0,0.583,21.9,39.2,30.3,11.7,2.9,6,16.6,22.6,NA,0.1,0.2,0.2,0.146,NA,-2.5,4,1.5,0.1,"alanwilliams"
"408",458,"Deron Williams\willide01","PG",31,"DAL",65,2106,14.6,0.53,0.364,0.266,1,8.9,5,29.3,1.5,0.6,14.8,22,NA,2.2,1.4,3.7,0.083,NA,0.9,-1,-0.1,1,"deronwilliams"
"409",459,"Derrick Williams\willide02","SF",24,"NYK",80,1435,17.2,0.55,0.265,0.453,3.6,18.7,11.3,8.9,1,0.5,8.3,23.3,NA,2.4,1.2,3.6,0.12,NA,-0.1,-2.4,-2.6,-0.2,"derrickwilliams"
"410",460,"Elliot Williams\williel01","PG",26,"MEM",5,45,3.3,0.34,0.4,0.4,2.4,7.9,5.1,12.4,0,0,7.8,12.7,NA,0,0,0,-0.046,NA,-5.2,-3.5,-8.7,-0.1,"elliotwilliams"
"411",461,"Lou Williams\willilo02","SG",29,"LAL",67,1907,17.7,0.584,0.462,0.612,1.7,8.1,4.8,15.1,1.6,0.8,10.8,22.8,NA,4.5,0.3,4.7,0.119,NA,3,-2.7,0.3,1.1,"louwilliams"
"412",462,"Marvin Williams\willima02","PF",29,"CHO",81,2338,16.8,0.585,0.506,0.193,5.9,18.6,12.2,7.6,1.2,2.7,7.1,16.8,NA,4.7,3.2,7.8,0.161,NA,1.7,1,2.7,2.7,"marvinwilliams"
"413",463,"Mo Williams\willima01","PG",33,"CLE",41,748,12.4,0.527,0.338,0.139,0.9,9.9,5.4,21.1,1,0.5,15.1,22.8,NA,0.4,0.7,1.1,0.067,NA,-1.3,-2.1,-3.3,-0.2,"mowilliams"
"414",464,"Justise Winslow\winslju01","SF",19,"MIA",78,2232,8.4,0.489,0.251,0.253,4.2,15.8,10.2,7.4,1.6,0.9,15.6,12.5,NA,-0.2,2.7,2.5,0.054,NA,-2.2,1.6,-0.6,0.8,"justisewinslow"
"415",465,"Jeff Withey\witheje01","C",25,"UTA",51,658,17.7,0.577,0.012,0.364,10,20.7,15.4,5,1.7,6.8,13,15.1,NA,1.1,1.3,2.3,0.171,NA,-2,3.7,1.7,0.6,"jeffwithey"
"416",466,"Christian Wood\woodch01","PF",20,"PHI",17,145,16.4,0.49,0.208,0.396,9.4,19.4,14.3,3.5,1.7,3.7,3.1,19.4,NA,0.2,0.1,0.3,0.097,NA,-2.9,-1.6,-4.5,-0.1,"christianwood"
"417",467,"Metta World Peace\artesro01","SF",36,"LAL",35,590,8.3,0.435,0.475,0.322,3.4,13.2,8.1,7.2,1.9,1.5,6.9,16.2,NA,-0.2,0.3,0.1,0.008,NA,-2.8,-1,-3.8,-0.3,"mettaworldpeace"
"418",468,"Brandan Wright\wrighbr03","PF",28,"MEM",12,212,18.3,0.663,0,0.462,7.2,16.3,11.6,4.7,1.2,6.6,13.8,15.4,NA,0.4,0.2,0.7,0.147,NA,-0.9,1.9,0.9,0.2,"brandanwright"
"419",469,"Delon Wright\wrighde01","PG",23,"TOR",27,229,17.8,0.54,0.163,0.438,4.1,14.3,9.3,22.5,1.8,1.1,14.4,22.1,NA,0.3,0.2,0.6,0.124,NA,-0.1,-0.6,-0.7,0.1,"delonwright"
"420",470,"Tony Wroten\wroteto01","PG",22,"PHI",8,144,1.8,0.412,0.262,0.569,1.5,14.9,7.9,23.3,1,0,26.3,33.5,NA,-0.8,0,-0.8,-0.263,NA,-9.9,-3.5,-13.4,-0.4,"tonywroten"
"421",471,"James Young\youngja01","SG",20,"BOS",29,199,3.6,0.384,0.722,0.111,2.1,11.9,6.9,6,1.5,0.4,11.7,9.1,NA,-0.2,0.2,0.1,0.013,NA,-4.7,0.1,-4.6,-0.1,"jamesyoung"
"422",472,"Joe Young\youngjo01","PG",23,"IND",41,384,9.9,0.428,0.272,0.148,1.7,12.5,7.1,26.9,1.9,0,15.5,24.4,NA,-0.5,0.5,-0.1,-0.009,NA,-3.9,-1.5,-5.4,-0.3,"joeyoung"
"423",473,"Nick Young\youngni01","SG",30,"LAL",54,1033,9.1,0.483,0.637,0.204,1.4,9,5.1,5.4,1.1,0.5,6.9,18.5,NA,0.1,0,0.1,0.003,NA,-1.4,-3.5,-4.8,-0.7,"nickyoung"
"424",474,"Thaddeus Young\youngth01","PF",27,"BRK",73,2407,17.5,0.533,0.031,0.169,8.1,23,15.4,9.5,2.3,1.2,11.6,21.6,NA,1.9,2.2,4.1,0.081,NA,-0.5,0.6,0.1,1.3,"thaddeusyoung"
"425",475,"Cody Zeller\zelleco01","C",23,"CHO",73,1774,16.1,0.592,0.023,0.531,8.4,19.7,14,6.3,1.6,2.9,11.2,15.4,NA,3.6,2.7,6.3,0.169,NA,-1,2,1,1.3,"codyzeller"
"426",476,"Tyler Zeller\zellety01","C",26,"BOS",60,710,15.4,0.539,0,0.372,9.1,17.6,13.3,6.6,0.7,2.4,12,23,NA,0.8,0.9,1.7,0.114,NA,-3.2,-1.1,-4.4,-0.4,"tylerzeller"
"427",13,"Chris Andersen\anderch01","C",37,"TOT",27,402,15.3,0.598,0.194,0.5,9.9,18.2,13.9,4.4,1.9,2.9,9.3,10.8,NA,0.8,0.4,1.3,0.149,NA,-0.3,1.1,0.8,0.3,"chrisandersen"
"428",27,"D.J. Augustin\augusdj01","PG",28,"TOT",62,1178,13.9,0.575,0.48,0.366,0.8,8,4.4,25.3,1.6,0.3,17.1,18,NA,2,0.6,2.6,0.106,NA,1,-2.7,-1.7,0.1,"djaugustin"
"429",67,"Chase Budinger\budinch01","SF",27,"TOT",66,929,10.7,0.514,0.36,0.234,5,12.6,8.8,10.2,1.7,0.9,14.3,14.5,NA,0.4,1,1.4,0.073,NA,-2,0.3,-1.7,0.1,"chasebudinger"
"430",84,"Mario Chalmers\chalmma01","PG",29,"TOT",61,1373,17.3,0.561,0.336,0.59,1.9,11.5,6.5,26.6,3.3,0.9,16.4,21.9,NA,2.3,1.5,3.8,0.132,NA,1.8,-0.3,1.5,1.2,"mariochalmers"
"431",96,"Bryce Cotton\cottobr01","PG",23,"TOT",8,39,1.7,0.4,0.3,0,0,0,0,10.8,3.7,0,33.3,16.5,NA,-0.2,0,-0.1,-0.168,NA,-9.3,-2.7,-12,-0.1,"brycecotton"
"432",103,"Jared Cunningham\cunnija01","SG",24,"TOT",44,410,5.9,0.464,0.371,0.524,0.8,9.6,5.3,6.9,1.8,0.4,14,16.5,NA,-0.3,0.4,0.1,0.014,NA,-4.6,-1.3,-5.9,-0.4,"jaredcunningham"
"433",131,"James Ennis\ennisja01","SF",25,"TOT",22,329,17.8,0.621,0.513,0.301,6.9,7.4,7.1,10.1,2.4,1.3,12.9,19.8,NA,0.7,0.2,0.9,0.133,NA,3.4,-1,2.4,0.4,"jamesennis"
"434",142,"Randy Foye\foyera01","SG",32,"TOT",81,1642,7.6,0.461,0.519,0.154,1.6,8.8,5.2,14.1,1.2,1.4,14.3,15.9,NA,-0.4,0.9,0.4,0.012,NA,-2.3,-1.3,-3.6,-0.6,"randyfoye"
"435",143,"Tim Frazier\fraziti01","PG",25,"TOT",51,741,13.9,0.499,0.21,0.323,3.8,12.8,8.2,33.3,2.2,0.2,19.9,19.4,NA,0.4,0.5,1,0.062,NA,-0.7,-0.7,-1.3,0.1,"timfrazier"
"436",144,"Jimmer Fredette\fredeji01","SG",26,"TOT",6,18,12,0.625,0.4,1,0,0,0,7.7,2.8,0,21.7,22.8,NA,0,0,0,0,NA,-2.3,-5.3,-7.5,0,"jimmerfredette"
"437",145,"Channing Frye\fryech01","PF-C",32,"TOT",70,1200,12.9,0.586,0.677,0.101,3.2,18.6,10.9,8.7,1.2,1.9,10.6,15.1,NA,1.6,1.3,3,0.119,NA,0.5,0,0.5,0.7,"channingfrye"
"438",167,"Erick Green\greener01","PG",24,"TOT",9,42,12.4,0.468,0.385,0.154,8.4,8.2,8.3,11,1.3,0,0,15.2,NA,0.1,0,0.1,0.121,NA,0.1,-2.2,-2,0,"erickgreen"
"439",170,"Jeff Green\greenje02","SF",29,"TOT",80,2253,13,0.51,0.258,0.267,3.6,13.3,8.3,10,1.3,1.5,9.2,20.2,NA,1.3,1.7,3.1,0.065,NA,-1,-0.7,-1.7,0.2,"jeffgreen"
"440",173,"P.J. Hairston\hairspj02","SF",23,"TOT",66,1313,6.9,0.47,0.591,0.157,2.1,12.8,7.3,4.4,1.2,0.7,8.6,16.4,NA,-0.6,1.1,0.6,0.021,NA,-2.7,-1.5,-4.2,-0.7,"pjhairston"
"441",184,"Tobias Harris\harrito02","PF",23,"TOT",76,2513,16.2,0.56,0.269,0.273,4.1,18.6,11.2,10.6,1.3,1.3,9.8,19.3,NA,4.1,2.5,6.6,0.126,NA,0.7,0.4,1,1.9,"tobiasharris"
"442",194,"J.J. Hickson\hicksjj01","C",27,"TOT",35,436,16.8,0.514,0.006,0.665,9.8,24.1,16.8,8.7,1.7,2.6,11.1,22.6,NA,0.3,0.5,0.8,0.088,NA,-2.9,-0.1,-3,-0.1,"jjhickson"
"443",200,"Kirk Hinrich\hinriki01","PG",35,"TOT",46,631,7.2,0.504,0.481,0.124,1.4,10.2,5.9,16,1.2,0.2,18.1,11.6,NA,0.1,0.5,0.6,0.044,NA,-2.7,-1,-3.7,-0.3,"kirkhinrich"
"444",202,"Justin Holiday\holidju01","SG",26,"TOT",53,773,9.4,0.489,0.461,0.162,1.7,10.5,6.2,10.7,2.1,1.8,13.8,16.2,NA,-0.3,0.9,0.6,0.04,NA,-2.7,0.3,-2.5,-0.1,"justinholiday"
"445",203,"Ryan Hollins\holliry01","C",31,"TOT",37,460,12.3,0.636,0,0.532,11.2,13.2,12.1,3.3,0.7,4.2,19.8,11.8,NA,0.6,0.3,1,0.1,NA,-2,0.2,-1.8,0,"ryanhollins"
"446",211,"Kris Humphries\humphkr01","PF",30,"TOT",53,835,13.1,0.517,0.366,0.285,7.5,21.5,14.4,6.6,0.9,2.2,10.3,19.5,NA,0.5,1.1,1.6,0.093,NA,-2.2,-0.7,-2.9,-0.2,"krishumphries"
"447",215,"Ersan Ilyasova\ilyaser01","PF",28,"TOT",74,1881,14.2,0.526,0.392,0.233,8.1,15.6,11.7,5.6,1.4,1.4,8.9,18.6,NA,2.4,2,4.4,0.113,NA,0.4,-0.3,0.1,1,"ersanilyasova"
"448",225,"John Jenkins\jenkijo01","SG",24,"TOT",43,480,10,0.522,0.319,0.15,1.8,11.3,6.5,11.7,0.8,0.2,13.7,18.1,NA,0,0.2,0.2,0.022,NA,-3,-2.4,-5.4,-0.4,"johnjenkins"
"449",226,"Brandon Jennings\jennibr01","PG",26,"TOT",48,868,13.7,0.491,0.51,0.257,2,10.4,6.1,29.2,1.7,0.7,14.4,20,NA,0.8,0.7,1.5,0.082,NA,0.3,-1.7,-1.4,0.1,"brandonjennings"
"450",231,"Joe Johnson\johnsjo02","SF",34,"TOT",81,2703,12,0.538,0.364,0.165,2,10.2,6.1,18,1.1,0.1,14.7,17.9,NA,1.9,0.8,2.7,0.048,NA,0.3,-1.6,-1.3,0.4,"joejohnson"
"451",232,"Orlando Johnson\johnsor01","SG",26,"TOT",7,101,3.6,0.346,0.294,0.235,4.2,12.3,8.1,2.7,1.5,2.4,9.6,17.8,NA,-0.2,0.1,-0.2,-0.087,NA,-8,-2.4,-10.4,-0.2,"orlandojohnson"
"452",250,"Sean Kilpatrick\kilpase01","SG",26,"TOT",31,616,15.6,0.576,0.422,0.248,2.1,8.2,5.1,8,1,0.3,9.4,23.8,NA,1,0,1,0.076,NA,1.4,-4.4,-3,-0.2,"seankilpatrick"
"453",259,"Ty Lawson\lawsoty01","PG",28,"TOT",66,1411,9.7,0.476,0.305,0.243,2,7.4,4.7,24.6,1.9,0.4,19.5,14.9,NA,0.2,0.7,0.9,0.031,NA,-2.7,-2,-4.6,-0.9,"tylawson"
"454",260,"Courtney Lee\leeco01","SG",30,"TOT",79,2334,11.5,0.551,0.34,0.185,1.4,8.7,4.9,9.1,1.9,1.1,9.4,14.7,NA,2.1,1.7,3.9,0.08,NA,-0.5,-0.1,-0.6,0.9,"courtneylee"
"455",261,"David Lee\leeda02","PF",32,"TOT",55,903,19.6,0.568,0.003,0.278,12,24.6,18.3,15.5,1.2,2.5,14.9,21.5,NA,1.7,1.4,3,0.161,NA,-0.3,1.7,1.4,0.8,"davidlee"
"456",275,"Shelvin Mack\macksh01","PG",25,"TOT",52,1058,13.6,0.507,0.301,0.147,1.4,12.5,7,30.6,1.7,0.2,17.7,23.3,NA,0.2,1.2,1.3,0.061,NA,-0.5,-0.8,-1.2,0.2,"shelvinmack"
"457",281,"Kevin Martin\martike02","SG",32,"TOT",55,1095,11.5,0.52,0.325,0.411,1.5,10,5.8,8.2,1.2,0.2,9.8,22.6,NA,0.7,0.5,1.2,0.054,NA,-1.4,-3.1,-4.5,-0.7,"kevinmartin"
"458",286,"Ray McCallum\mccalra01","PG",24,"TOT",41,475,9.1,0.449,0.288,0.103,1.9,9.3,5.6,18.5,1.3,1.2,13.6,16.8,NA,-0.2,0.5,0.3,0.034,NA,-2.9,-0.8,-3.8,-0.2,"raymccallum"
"459",295,"Jordan McRae\mcraejo01","PG",24,"TOT",22,195,14.2,0.548,0.282,0.359,2.3,9.2,5.7,20.9,0.7,0.4,14.2,23.9,NA,0.2,0.1,0.4,0.087,NA,-0.9,-3.3,-4.3,-0.1,"jordanmcrae"
"460",302,"Andre Miller\millean02","PG",39,"TOT",39,461,13.4,0.6,0.075,0.302,3.1,9.5,6.4,28.3,1.8,0,23.6,15.4,NA,0.6,0.4,1,0.1,NA,-1.1,-1.8,-2.9,-0.1,"andremiller"
"461",314,"Markieff Morris\morrima02","PF",26,"TOT",64,1629,12.2,0.489,0.216,0.205,4.8,19.3,11.9,12.7,1.7,1.7,14.7,24.2,NA,-1.2,1.7,0.5,0.015,NA,-2.9,0.1,-2.8,-0.3,"markieffmorris"
"462",331,"Steve Novak\novakst01","PF",32,"TOT",10,44,14.4,0.651,0.833,0.056,0,12,6.2,0,0,0,5.1,19.2,NA,0.1,0,0.1,0.121,NA,1.3,-8,-6.6,-0.1,"stevenovak"
"463",363,"Phil Pressey\pressph01","PG",24,"TOT",23,283,10.6,0.433,0.231,0.321,1.1,11.1,6,40.7,3.1,1.1,27,18.7,NA,-0.4,0.3,-0.1,-0.017,NA,-4.8,-1.5,-6.4,-0.3,"philpressey"
"464",374,"Brian Roberts\roberbr01","PG",30,"TOT",51,470,13.8,0.552,0.255,0.285,1.4,8.2,4.8,18.6,1.1,0.3,11,19.8,NA,0.7,0.3,1,0.105,NA,-1.1,-2.8,-3.9,-0.2,"brianroberts"
"465",387,"JaKarr Sampson\sampsja02","SF",22,"TOT",73,1160,8.3,0.504,0.199,0.385,4.2,14,9,6.2,1,2.2,15.9,16.6,NA,-0.5,0.6,0.1,0.006,NA,-4.6,-0.8,-5.4,-1,"jakarrsampson"
"466",401,"Ish Smith\smithis01","PG",27,"TOT",77,2239,14.9,0.465,0.176,0.182,2,13.3,7.5,38.3,1.9,0.8,14.4,23.9,NA,0,1.3,1.3,0.027,NA,-0.6,-1.1,-1.7,0.1,"ishsmith"
"467",404,"Josh Smith\smithjo03","PF",30,"TOT",55,880,10.6,0.439,0.41,0.192,6.4,17.4,11.9,15.9,1.9,4.3,16.9,22.9,NA,-1.2,1.2,0,0,NA,-3.6,1.6,-2,0,"joshsmith"
"468",410,"Lance Stephenson\stephla01","SF",25,"TOT",69,1372,13.5,0.548,0.165,0.234,3.2,15.1,9.1,16.2,1.6,0.6,15.2,20.2,NA,0.9,1.3,2.2,0.076,NA,-1.1,-0.3,-1.4,0.2,"lancestephenson"
"469",411,"Alex Stepheson\stephal01","PF",28,"TOT",8,73,14.8,0.341,0,0.444,28.5,14.5,21.8,4.3,0.7,6,0,19.8,NA,0,0.1,0.1,0.068,NA,-2,-1.1,-3.2,0,"alexstepheson"
"470",412,"Jarnell Stokes\stokeja01","C",22,"TOT",7,18,20,0.595,0,0.4,6.1,18.8,12.6,9.6,2.8,0,0,14.9,NA,0.1,0,0.1,0.209,NA,-0.1,-1,-1,0,"jarnellstokes"
"471",424,"Jason Thompson\thompja02","C",29,"TOT",47,471,14.2,0.558,0.139,0.5,7.9,23.4,15.9,8.5,1.3,3.3,10.2,13.9,NA,0.9,0.7,1.6,0.165,NA,-1.3,1.6,0.3,0.3,"jasonthompson"
"472",427,"Marcus Thornton\thornma01","SG",28,"TOT",61,1109,14.7,0.511,0.498,0.146,3.8,11.3,7.5,12.9,2.1,0.3,8.1,24.4,NA,1,0.7,1.7,0.074,NA,0.7,-2.9,-2.1,0,"marcusthornton"
"473",434,"Beno Udrih\udrihbe01","PG",33,"TOT",44,707,9.5,0.496,0.222,0.101,1.3,10,5.8,24.9,1,0.1,20.4,16.7,NA,-0.1,0.5,0.4,0.029,NA,-2.8,-2,-4.8,-0.5,"benoudrih"
"474",436,"Anderson Varejao\varejan01","C",33,"TOT",53,496,11.1,0.473,0.008,0.403,8.5,22.8,15.8,9.8,1.6,1.6,13.1,15,NA,0.3,0.8,1,0.101,NA,-3.8,1.4,-2.4,0,"andersonvarejao"
"475",449,"Briante Weber\weberbr01","PG",23,"TOT",7,169,8.9,0.38,0.128,0.103,5.2,11.9,8.4,18.6,2.7,1.6,18.1,13.2,NA,-0.2,0.2,0,0.004,NA,-3.6,1.5,-2.1,0,"brianteweber"
"476",450,"Sonny Weems\weemsso01","SG-SF",29,"TOT",43,499,3.7,0.459,0.373,0.136,1.5,10.3,5.8,14.2,1,0.2,26,13.5,NA,-0.7,0.1,-0.5,-0.053,NA,-5.7,-1.8,-7.6,-0.7,"sonnyweems"
