"","Rk","Player","Pos","Age","Tm","G","GS","MP","FG","FGA","FG.","X3P","X3PA","X3P.","X2P","X2PA","X2P.","FT","FTA","FT.","ORB","DRB","TRB","AST","STL","BLK","TOV","PF","PTS","fix"
"1",1,"Quincy Acy\acyqu01","PF",25,"SAC",59,29,876,4.9,8.8,0.556,0.8,2,0.388,4.1,6.8,0.606,2.1,2.8,0.735,2.7,5.1,7.7,1.1,1.2,1,1.1,4.2,12.6,"quincyacy"
"2",2,"Jordan Adams\adamsjo01","SG",21,"MEM",2,0,15,4.8,14.4,0.333,0,2.4,0,4.8,12,0.4,7.2,12,0.6,0,4.8,4.8,7.2,7.2,0,4.8,4.8,16.8,"jordanadams"
"3",3,"Steven Adams\adamsst01","C",22,"OKC",80,80,2014,4.7,7.6,0.613,0,0,NA,4.7,7.6,0.613,2,3.5,0.582,3.9,5.6,9.5,1.1,0.8,1.6,1.5,4,11.4,"stevenadams"
"4",4,"Arron Afflalo\afflaar01","SG",30,"NYK",71,57,2371,5.4,12.1,0.443,1.4,3.6,0.382,4,8.5,0.469,1.7,2,0.84,0.3,3.7,4,2.2,0.4,0.2,1.2,2.2,13.8,"arronafflalo"
"5",5,"Alexis Ajinca\ajincal01","C",27,"NOP",59,17,861,6.3,13.2,0.476,0,0,0,6.3,13.1,0.478,2.2,2.6,0.839,3.1,8.1,11.2,1.3,0.8,1.5,2.3,5.6,14.7,"alexisajinca"
"6",6,"Cole Aldrich\aldrico01","C",27,"LAC",60,5,800,6,10.1,0.596,0,0,NA,6,10.1,0.596,2.7,3.8,0.714,3.9,9.1,13,2.3,2.1,3.1,2.9,6.3,14.8,"colealdrich"
"7",7,"LaMarcus Aldridge\aldrila01","PF",30,"SAS",74,74,2261,8.5,16.6,0.513,0,0.3,0,8.5,16.4,0.521,4.1,4.8,0.858,2.8,7.3,10.1,1.8,0.6,1.3,1.6,2.4,21.2,"lamarcusaldridge"
"8",8,"Cliff Alexander\alexacl01","PF",20,"POR",8,0,36,5,10,0.5,0,0,NA,5,10,0.5,0,0,NA,2,4,6,0,1,2,1,1,10,"cliffalexander"
"9",9,"Lavoy Allen\allenla01","PF",26,"IND",79,28,1599,4.3,8.3,0.516,0,0,NA,4.3,8.3,0.516,1,1.6,0.63,3.6,5.9,9.5,1.7,0.6,0.9,1.6,3.3,9.6,"lavoyallen"
"10",10,"Tony Allen\allento01","SG",34,"MEM",64,57,1620,4.8,10.4,0.458,0.3,0.9,0.357,4.4,9.5,0.468,2,3.1,0.652,2.3,4.3,6.6,1.6,2.4,0.4,1.7,3.9,11.9,"tonyallen"
"11",11,"Al-Farouq Aminu\aminual01","SF",25,"POR",82,82,2341,4.6,11.1,0.416,1.9,5.4,0.361,2.7,5.7,0.468,1.8,2.4,0.737,1.5,6.2,7.7,2.1,1.1,0.8,1.8,2.6,12.9,"alfarouqaminu"
"12",12,"Lou Amundson\amundlo01","PF",33,"NYK",29,0,204,3.4,9.4,0.358,0,0,NA,3.4,9.4,0.358,2.5,4.8,0.519,4.1,4.6,8.6,2.1,1.1,1.2,2.6,7.8,9.2,"louamundson"
"13",14,"Alan Anderson\anderal01","SG",33,"WAS",13,0,192,3.9,11.1,0.356,2.3,6.9,0.324,1.7,4.1,0.409,2.1,2.8,0.733,0.2,4.9,5.1,2.6,0.7,0.2,0.4,4.7,12.2,"alananderson"
"14",15,"James Anderson\anderja01","SG",26,"SAC",51,15,721,3.3,8.9,0.376,1.1,4.3,0.267,2.2,4.6,0.478,1.1,1.4,0.759,0.6,3.6,4.3,2,1,0.7,2.1,2.7,8.9,"jamesanderson"
"15",16,"Justin Anderson\anderju01","SF",22,"DAL",55,9,647,4,9.7,0.406,1.2,4.6,0.265,2.7,5.1,0.533,2.4,3.1,0.8,1,6.3,7.3,1.6,1.1,1.4,1.3,2.5,11.6,"justinanderson"
"16",17,"Kyle Anderson\anderky01","SF",22,"SAS",78,11,1245,4,8.5,0.468,0.3,1.1,0.324,3.6,7.5,0.488,1.8,2.4,0.747,0.7,6.3,7.1,3.6,1.7,0.8,1.7,2.8,10.1,"kyleanderson"
"17",18,"Ryan Anderson\anderry01","PF",27,"NOP",66,7,2008,7.1,16.7,0.427,2.3,6.4,0.366,4.8,10.2,0.466,3.6,4.1,0.873,2.3,4.8,7.1,1.3,0.7,0.4,1.6,2,20.2,"ryananderson"
"18",19,"Giannis Antetokounmpo\antetgi01","PG",21,"MIL",80,79,2823,6.5,12.9,0.506,0.4,1.4,0.257,6.2,11.5,0.537,3.8,5.2,0.724,1.4,6.4,7.8,4.4,1.2,1.4,2.7,3.3,17.2,"giannisantetokounmpo"
"19",20,"Thanasis Antetokounmpo\antetth01","SF",23,"NYK",2,0,6,18,24,0.75,0,6,0,18,18,1,0,0,NA,0,6,6,0,0,0,0,12,36,"thanasisantetokounmpo"
"20",21,"Carmelo Anthony\anthoca01","SF",31,"NYK",72,72,2530,8.1,18.6,0.434,1.5,4.4,0.339,6.6,14.2,0.463,4.8,5.7,0.829,1.4,6.5,7.9,4.3,0.9,0.5,2.5,2.6,22.4,"carmeloanthony"
"21",22,"Joel Anthony\anthojo01","C",33,"DET",19,0,96,2.3,3.7,0.6,0,0,NA,2.3,3.7,0.6,2.3,3,0.75,3,4.9,7.9,0.4,0.7,4.5,0.7,5.6,6.8,"joelanthony"
"22",23,"Keith Appling\applike01","PG",23,"ORL",5,0,27,2.7,10.7,0.25,0,4,0,2.7,6.7,0.4,2.7,2.7,1,0,1.3,1.3,1.3,1.3,0,4,6.7,8,"keithappling"
"23",24,"Trevor Ariza\arizatr01","SF",30,"HOU",81,81,2859,4.5,10.8,0.416,2.3,6.3,0.371,2.2,4.5,0.478,1.6,2,0.783,0.8,3.8,4.6,2.4,2,0.3,1.4,2.2,12.9,"trevorariza"
"24",25,"Darrell Arthur\arthuda01","PF",27,"DEN",70,16,1516,5.2,11.6,0.452,1.1,2.8,0.385,4.2,8.8,0.473,0.9,1.3,0.755,2,4.9,7,2.3,1.3,1.1,1.6,4.4,12.5,"darrellarthur"
"25",26,"Omer Asik\asikom01","C",29,"NOP",68,64,1178,3.2,6,0.533,0,0,NA,3.2,6,0.533,1.9,3.4,0.545,3.7,9,12.7,0.8,0.6,0.7,1.8,3.8,8.2,"omerasik"
"26",28,"Jeff Ayres\pendeje02","C",28,"LAC",17,0,107,4,7.7,0.522,0,0.3,0,4,7.4,0.545,2,2,1,1.3,6.1,7.4,1.7,0,1,2,6.1,10.1,"jeffayres"
"27",29,"Luke Babbitt\babbilu01","SF",26,"NOP",47,13,845,5.2,12.3,0.422,1.9,4.6,0.404,3.3,7.7,0.433,1.7,2.1,0.78,1.1,5.2,6.3,2.3,0.5,0.3,1,3.8,13.9,"lukebabbitt"
"28",30,"Cameron Bairstow\bairsca01","C",25,"CHI",18,2,103,4.5,14,0.325,0.3,1.7,0.2,4.2,12.2,0.343,2.4,2.8,0.875,1.4,8.4,9.8,2.1,0.7,1,1.4,6.6,11.9,"cameronbairstow"
"29",31,"Leandro Barbosa\barbole01","SG",33,"GSW",68,0,1079,5.7,12.3,0.462,1.3,3.7,0.355,4.4,8.7,0.508,1.7,2.1,0.839,0.9,3,3.9,2.7,1.5,0.3,1.8,3.6,14.4,"leandrobarbosa"
"30",32,"J.J. Barea\bareajo01","PG",31,"DAL",74,16,1667,6.8,15.4,0.446,2.2,5.6,0.385,4.7,9.7,0.481,1.6,2.1,0.771,0.6,2.7,3.3,6.5,0.6,0,2.4,2.4,17.4,"jjbarea"
"31",33,"Andrea Bargnani\bargnan01","C",30,"BRK",46,0,634,7.2,15.8,0.455,0.2,0.9,0.188,7,14.9,0.471,2.7,3.2,0.825,1.6,3.9,5.5,1,0.2,0.5,1.5,3.5,17.3,"andreabargnani"
"32",34,"Harrison Barnes\barneha02","SF",23,"GSW",66,59,2042,5.2,11.2,0.466,1.4,3.8,0.383,3.8,7.4,0.508,1.8,2.4,0.761,1.4,4.4,5.7,2.1,0.7,0.2,1,2.4,13.6,"harrisonbarnes"
"33",35,"Matt Barnes\barnema02","SF",35,"MEM",76,45,2190,4.3,11.4,0.381,2,6.1,0.322,2.4,5.3,0.449,1.8,2.3,0.804,1.4,5.5,6.9,2.7,1.3,0.9,2,3.8,12.5,"mattbarnes"
"34",36,"Will Barton\bartowi01","SG",25,"DEN",82,1,2353,6.5,15,0.432,1.7,5,0.345,4.8,10.1,0.476,3.3,4.1,0.806,0.9,6.4,7.3,3.1,1.1,0.6,2.1,2.2,18,"willbarton"
"35",37,"Brandon Bass\bassbr01","PF",30,"LAL",66,0,1342,4.7,8.5,0.549,0,0.1,0,4.7,8.5,0.552,3.4,4,0.845,2.8,4.9,7.6,2,0.9,1.5,1.1,3.4,12.7,"brandonbass"
"36",38,"Nicolas Batum\batumni01","SF",27,"CHO",70,70,2448,5.5,12.8,0.426,2,5.9,0.348,3.4,7,0.492,2.4,2.8,0.849,0.8,5.5,6.3,5.9,1,0.6,3,1.7,15.4,"nicolasbatum"
"37",39,"Jerryd Bayless\bayleje01","SG",27,"MIL",52,18,1505,4.4,10.5,0.423,2.4,5.5,0.437,2,4.9,0.408,1.7,2.2,0.778,0.5,2.9,3.4,3.9,1.1,0.3,1.7,2.7,12.9,"jerrydbayless"
"38",40,"Aron Baynes\baynear01","C",29,"DET",81,1,1233,5.7,11.2,0.505,0,0.1,0,5.7,11.2,0.508,3.7,4.8,0.764,4.1,7.1,11.2,1.5,0.6,1.5,2,4.4,15,"aronbaynes"
"39",41,"Kent Bazemore\bazemke01","SF",26,"ATL",75,68,2083,5.5,12.5,0.441,1.9,5.3,0.357,3.6,7.3,0.502,2.1,2.6,0.815,0.5,6.1,6.6,3,1.7,0.7,2.4,3,15.1,"kentbazemore"
"40",42,"Bradley Beal\bealbr01","SG",22,"WAS",55,35,1708,7.6,16.8,0.449,2.2,5.7,0.387,5.4,11.1,0.481,2.8,3.7,0.767,0.9,3.1,4,3.4,1.1,0.2,2.4,2.5,20.2,"bradleybeal"
"41",43,"Michael Beasley\beaslmi01","PF",27,"HOU",20,0,363,10.6,20.3,0.522,0.3,0.9,0.333,10.3,19.4,0.531,3.8,4.9,0.776,2.9,6.8,9.7,1.6,1.1,0.9,2.4,3.9,25.3,"michaelbeasley"
"42",44,"Marco Belinelli\belinma01","SG",29,"SAC",68,7,1672,5.3,13.7,0.386,2,6.4,0.306,3.3,7.3,0.456,2.5,3,0.833,0.2,2.3,2.5,2.7,0.8,0,1.7,2,15,"marcobelinelli"
"43",45,"Anthony Bennett\bennean01","PF",22,"TOR",19,0,84,3.4,11.6,0.296,1.3,6,0.214,2.1,5.6,0.385,3.9,4.3,0.9,2.6,7.3,9.9,0,2.1,0,1.7,3.4,12,"anthonybennett"
"44",46,"Patrick Beverley\beverpa01","PG",27,"HOU",71,63,2041,4.6,10.5,0.434,2.2,5.5,0.4,2.4,5,0.472,1.1,1.6,0.682,1.3,3.1,4.4,4.2,1.7,0.5,1.6,4.1,12.3,"patrickbeverley"
"45",47,"Bismack Biyombo\biyombi01","C",23,"TOR",82,22,1808,3.1,5.7,0.542,0,0,0,3.1,5.7,0.544,2.8,4.5,0.628,3.6,9.4,13,0.6,0.4,2.6,1.4,4.5,9,"bismackbiyombo"
"46",48,"Nemanja Bjelica\bjeline01","PF",27,"MIN",60,0,1075,3.7,7.9,0.468,1.6,4.2,0.384,2.1,3.7,0.564,1.3,1.8,0.727,1.6,5.4,7,2.8,0.9,0.7,1.6,5.2,10.3,"nemanjabjelica"
"47",49,"Tarik Black\blackta01","C",24,"LAL",39,0,496,4.1,7.5,0.548,0,0,NA,4.1,7.5,0.548,1.4,3.3,0.422,3.2,8.2,11.4,1.2,1,1.3,1.6,5.7,9.7,"tarikblack"
"48",50,"DeJuan Blair\blairde01","C",26,"WAS",29,0,218,4.6,11.2,0.412,0,0.2,0,4.6,11.1,0.418,0.8,2.1,0.385,3.3,6.1,9.4,1.8,1.3,0.3,2.5,8.8,10.1,"dejuanblair"
"49",51,"Steve Blake\blakest01","PG",35,"DET",58,2,986,3.4,8.8,0.388,1.9,5.5,0.344,1.5,3.2,0.461,0.6,0.7,0.8,0.3,2.9,3.2,7.3,0.9,0.2,3,2.6,9.3,"steveblake"
"50",52,"Eric Bledsoe\bledser01","PG",26,"PHO",31,31,1059,7.6,16.7,0.453,1.6,4.4,0.372,5.9,12.3,0.482,4.7,5.8,0.802,0.6,3.6,4.2,6.5,2.1,0.6,3.7,2.5,21.5,"ericbledsoe"
"51",53,"Bojan Bogdanovic\bogdabo02","SF",26,"BRK",79,39,2115,5.5,12.7,0.433,2.2,5.8,0.382,3.3,7,0.474,1.9,2.2,0.833,0.6,3.7,4.3,1.7,0.5,0.1,2,2,15.1,"bojanbogdanovic"
"52",54,"Andrew Bogut\bogutan01","C",31,"GSW",70,66,1451,4.3,6.9,0.627,0,0,1,4.3,6.9,0.626,0.6,1.2,0.48,3,9.2,12.2,4,0.8,2.8,2.1,5.5,9.3,"andrewbogut"
"53",55,"Matt Bonner\bonnema01","C",35,"SAS",30,2,206,5.1,10,0.509,2.6,5.9,0.441,2.4,4,0.609,0.5,0.7,0.75,0.5,4.2,4.7,1.6,1,0.2,0.5,2.8,13.3,"mattbonner"
"54",56,"Devin Booker\bookede01","SG",19,"PHO",76,51,2108,6.3,14.8,0.423,1.7,4.9,0.343,4.6,9.9,0.464,3.7,4.4,0.84,0.5,2.7,3.2,3.4,0.8,0.3,2.7,3.8,17.9,"devinbooker"
"55",57,"Trevor Booker\booketr01","PF",28,"UTA",79,2,1632,4.2,8.6,0.49,0.3,0.9,0.293,3.9,7.7,0.513,1.6,2.3,0.67,3.7,6.3,10,1.9,1.3,0.9,1.8,3.7,10.2,"trevorbooker"
"56",58,"Chris Bosh\boshch01","PF",31,"MIA",53,53,1778,7.2,15.5,0.467,1.6,4.5,0.365,5.6,11,0.508,4.3,5.4,0.795,1,6.9,7.9,2.6,0.7,0.7,1.6,2,20.4,"chrisbosh"
"57",59,"Avery Bradley\bradlav01","SG",25,"BOS",76,72,2536,6.5,14.5,0.447,2.1,5.8,0.361,4.4,8.7,0.505,1.4,1.7,0.78,0.7,2.4,3.1,2.2,1.7,0.3,1.5,2.3,16.4,"averybradley"
"58",60,"Elton Brand\brandel01","C",36,"PHI",17,1,225,5,11.5,0.431,0,0.2,0,5,11.4,0.437,1.3,1.4,0.889,1.4,8.6,10.1,2.9,1.4,1.3,1.8,5.1,11.2,"eltonbrand"
"59",61,"Corey Brewer\breweco01","SF",29,"HOU",82,12,1669,4.6,11.9,0.384,1.3,4.8,0.272,3.3,7.1,0.46,2.3,3,0.75,0.9,3.4,4.3,2.4,1.8,0.4,1.7,3.6,12.7,"coreybrewer"
"60",62,"Aaron Brooks\brookaa01","PG",31,"CHI",69,0,1108,6.1,15.2,0.401,2.1,6,0.357,4,9.2,0.43,1.6,2.1,0.766,0.7,2.6,3.3,5.8,1,0.3,2.7,4.3,16,"aaronbrooks"
"61",63,"Anthony Brown\brownan02","SF",23,"LAL",29,11,599,2.3,7.6,0.31,1.2,4.2,0.286,1.1,3.4,0.339,1,1.2,0.85,0.5,3.7,4.2,1.1,0.8,0.3,0.9,2,6.9,"anthonybrown"
"62",64,"Lorenzo Brown\brownlo01","PG",25,"PHO",8,0,61,4.7,14.8,0.32,0.6,4.7,0.125,4.1,10,0.412,1.8,2.4,0.75,0,4.1,4.1,6.5,1.8,0.6,5.3,2.4,11.8,"lorenzobrown"
"63",65,"Markel Brown\brownma02","SG",24,"BRK",62,6,982,4.7,11.8,0.394,1.4,4.4,0.314,3.3,7.4,0.443,2.6,3.4,0.755,0.8,3.6,4.5,3.3,1.4,0.5,2,3.4,13.3,"markelbrown"
"64",66,"Kobe Bryant\bryanko01","SF",37,"LAL",66,66,1863,7.7,21.5,0.358,2.6,9,0.285,5.1,12.5,0.41,4.5,5.4,0.826,0.8,4,4.8,3.6,1.2,0.3,2.5,2.2,22.4,"kobebryant"
"65",68,"Reggie Bullock\bullore01","SF",24,"DET",37,0,429,3.6,8.2,0.439,1.8,4.4,0.415,1.8,3.8,0.467,1.2,1.3,0.933,1.2,4.5,5.7,2.3,0.8,0.2,0.7,2.4,10.2,"reggiebullock"
"66",69,"Trey Burke\burketr01","PG",23,"UTA",64,0,1366,6.9,16.7,0.413,2.3,6.7,0.344,4.6,10,0.46,1.8,2.2,0.817,0.5,2.5,3,3.9,0.9,0.2,2.1,2.3,17.9,"treyburke"
"67",70,"Alec Burks\burksal01","SG",24,"UTA",31,3,797,6.2,15.1,0.41,1.4,3.6,0.405,4.7,11.5,0.412,4.8,6.4,0.752,0.7,4.2,4.9,2.8,0.8,0.2,2.3,3.2,18.6,"alecburks"
"68",71,"Caron Butler\butleca01","SF",35,"SAC",17,1,176,5.1,12.1,0.424,0.6,3.7,0.167,4.5,8.4,0.537,2,2.5,0.833,1,3.5,4.5,2,1.8,0.2,0.6,3.9,12.9,"caronbutler"
"69",72,"Jimmy Butler\butleji01","SG",26,"CHI",67,67,2474,6.8,15.1,0.454,0.9,3,0.312,5.9,12.1,0.489,5.7,6.9,0.832,1.1,4.1,5.2,4.7,1.6,0.6,1.9,1.8,20.4,"jimmybutler"
"70",73,"Rasual Butler\butlera01","SF",36,"SAS",46,0,432,4.1,8.7,0.471,1.2,4.1,0.306,2.8,4.6,0.618,0.9,1.3,0.688,0.2,4.4,4.7,2,1.1,1.9,0.7,0.9,10.3,"rasualbutler"
"71",74,"Bruno Caboclo\cabocbr01","SF",20,"TOR",6,1,43,0.8,10,0.083,0.8,5.9,0.143,0,4.2,0,0,0,NA,0.8,0.8,1.7,0.8,1.7,0.8,3.3,1.7,2.5,"brunocaboclo"
"72",75,"Jose Calderon\caldejo01","PG",34,"NYK",72,72,2024,3.7,8.1,0.459,1.5,3.6,0.414,2.2,4.5,0.496,0.7,0.9,0.875,0.4,3.7,4.1,5.3,1.1,0.1,1.5,2.4,9.7,"josecalderon"
"73",76,"Kentavious Caldwell-Pope\caldwke01","SG",22,"DET",76,76,2789,5.2,12.4,0.42,1.5,4.8,0.309,3.7,7.6,0.489,2.4,2.9,0.811,0.9,2.7,3.6,1.8,1.4,0.2,1.4,2.2,14.3,"kentaviouscaldwellpope"
"74",77,"Isaiah Canaan\canaais01","SG",24,"PHI",77,39,1966,4.8,13.2,0.36,3.2,8.9,0.363,1.5,4.3,0.354,2.7,3.3,0.833,0.4,2.8,3.2,2.5,1,0.2,1.7,2.4,15.5,"isaiahcanaan"
"75",78,"Clint Capela\capelca01","C",21,"HOU",77,35,1471,5.7,9.7,0.582,0,0,0,5.7,9.7,0.583,2,5.2,0.379,4.7,7.3,12.1,1.2,1.4,2.3,1.5,4.6,13.3,"clintcapela"
"76",79,"DeMarre Carroll\carrode01","SF",29,"TOR",26,22,786,4.8,12.4,0.389,2.1,5.4,0.39,2.7,7,0.388,1.4,2.3,0.6,1.4,4.2,5.6,1.2,2,0.3,1.3,2.9,13.1,"demarrecarroll"
"77",80,"Vince Carter\cartevi01","SG",39,"MEM",60,3,1005,4.8,12.3,0.388,2.1,6.1,0.349,2.7,6.2,0.425,2.5,3,0.833,1.1,4.1,5.2,2,1.4,0.6,1.3,3.6,14.1,"vincecarter"
"78",81,"Michael Carter-Williams\cartemi01","PG",24,"MIL",54,37,1649,5.5,12.1,0.452,0.3,1.2,0.273,5.2,10.9,0.472,2.3,3.5,0.654,1,5,6,6.1,1.7,0.9,3.3,3.5,13.6,"michaelcarterwilliams"
"79",82,"Omri Casspi\casspom01","SF",27,"SAC",69,21,1880,5.7,11.9,0.481,2.1,5.2,0.409,3.6,6.7,0.537,2,3,0.648,1.1,6.7,7.9,1.8,1.1,0.3,1.8,2.9,15.6,"omricasspi"
"80",83,"Willie Cauley-Stein\caulewi01","C",22,"SAC",66,39,1412,4.9,8.6,0.563,0,0.1,0,4.9,8.6,0.567,2.1,3.2,0.648,3.4,5.6,9,0.9,1.2,1.7,1.2,3.7,11.8,"williecauleystein"
"81",85,"Tyson Chandler\chandty01","C",33,"PHO",66,60,1618,4.1,7,0.583,0,0,0,4.1,7,0.585,2.4,3.8,0.62,3.9,8.9,12.8,1.4,0.8,1,2.1,3.2,10.5,"tysonchandler"
"82",86,"Rakeem Christmas\chrisra01","PF",24,"IND",1,0,6,12,12,1,0,0,NA,12,12,1,0,0,NA,6,0,6,0,0,0,0,6,24,"rakeemchristmas"
"83",87,"Ian Clark\clarkia01","SG",24,"GSW",66,1,578,5.5,12.6,0.441,1.9,5.2,0.357,3.7,7.3,0.5,1.7,2.1,0.824,0.8,3.4,4.2,4,1.1,0.8,2.7,3.6,14.7,"ianclark"
"84",88,"Coty Clarke\clarkco01","SF",23,"BOS",3,0,6,12,24,0.5,12,12,1,0,12,0,0,0,NA,0,6,6,0,0,0,6,0,36,"cotyclarke"
"85",89,"Jordan Clarkson\clarkjo01","SG",23,"LAL",79,79,2552,6.7,15.5,0.433,1.6,4.5,0.347,5.1,11,0.468,2.3,2.9,0.804,1.3,3.1,4.4,2.7,1.2,0.1,1.9,2.4,17.3,"jordanclarkson"
"86",90,"Norris Cole\coleno01","PG",27,"NOP",45,23,1198,5.9,14.5,0.405,1,3.1,0.324,4.9,11.5,0.427,1.6,2,0.8,0.3,4.2,4.5,5,1.1,0.2,2.3,3.1,14.3,"norriscole"
"87",91,"Darren Collison\collida01","PG",28,"SAC",74,15,2219,6.1,12.6,0.486,1.4,3.5,0.401,4.7,9.1,0.519,3.1,3.7,0.858,0.5,2.3,2.7,5.2,1.2,0.1,2.1,2.3,16.8,"darrencollison"
"88",92,"Nick Collison\collini01","PF",35,"OKC",59,4,699,2.6,5.6,0.459,0,0.1,0,2.6,5.5,0.467,1.2,1.7,0.697,3.5,5.3,8.8,2.7,0.8,0.8,2.6,5.5,6.3,"nickcollison"
"89",93,"Mike Conley\conlemi01","PG",28,"MEM",56,56,1761,6,14.2,0.422,1.6,4.4,0.363,4.4,9.8,0.449,3.9,4.7,0.834,0.5,2.8,3.4,7,1.4,0.3,1.7,2,17.5,"mikeconley"
"90",94,"Pat Connaughton\connapa01","SG",23,"POR",34,0,143,3.3,12.3,0.265,1.3,5.3,0.238,2,7,0.286,1.3,1.3,1,2.8,5.3,8.1,2.5,0.5,0,2.5,1.5,9.1,"patconnaughton"
"91",95,"Chris Copeland\copelch01","PF",31,"MIL",24,1,156,3.9,11.8,0.333,2.3,8.3,0.278,1.6,3.5,0.467,1.4,1.6,0.857,0.2,2.1,2.3,2.5,0.5,0,1.4,3.9,11.5,"chriscopeland"
"92",97,"DeMarcus Cousins\couside01","C",25,"SAC",65,65,2246,9.6,21.3,0.451,1.1,3.4,0.333,8.5,18,0.473,7.6,10.6,0.718,2.5,9.4,12,3.4,1.6,1.5,4,3.8,28,"demarcuscousins"
"93",98,"Robert Covington\covinro01","SF",25,"PHI",67,49,1903,5.2,13.5,0.385,3.2,9.1,0.353,2,4.4,0.452,2.6,3.3,0.791,1.2,6.7,7.9,1.8,2,0.8,2.7,4.4,16.2,"robertcovington"
"94",99,"Allen Crabbe\crabbal01","SG",23,"POR",81,8,2105,5.3,11.6,0.459,1.9,4.9,0.393,3.4,6.7,0.506,1.7,1.9,0.867,0.5,3.2,3.7,1.7,1.1,0.3,1.1,3.3,14.2,"allencrabbe"
"95",100,"Jamal Crawford\crawfja01","SG",35,"LAC",79,5,2126,6.4,15.9,0.404,2,5.8,0.34,4.4,10.1,0.44,4.1,4.6,0.904,0.3,2.1,2.5,3.1,0.9,0.2,1.9,2.1,19,"jamalcrawford"
"96",101,"Jae Crowder\crowdja01","SF",25,"BOS",73,73,2308,5.6,12.7,0.443,1.9,5.7,0.336,3.7,7,0.529,3.1,3.7,0.82,1.1,4.7,5.8,2.1,2,0.5,1.3,3.1,16.2,"jaecrowder"
"97",102,"Dante Cunningham\cunnida01","SF",28,"NOP",80,46,1971,3.4,7.5,0.451,1,3.2,0.316,2.4,4.3,0.55,1,1.5,0.695,1,3.3,4.3,1.4,0.8,0.6,0.7,3.2,8.8,"dantecunningham"
"98",104,"Seth Curry\curryse01","PG",25,"SAC",44,9,692,5.3,11.7,0.455,2.6,5.8,0.45,2.7,5.9,0.46,2.3,2.8,0.833,0.5,2.7,3.1,3.5,1.1,0.2,1.9,2.1,15.6,"sethcurry"
"99",105,"Stephen Curry\curryst01","PG",27,"GSW",79,79,2700,10.7,21.3,0.504,5.4,11.8,0.454,5.4,9.5,0.566,4.8,5.3,0.908,0.9,4.8,5.7,7,2.3,0.2,3.5,2.1,31.7,"stephencurry"
"100",106,"Troy Daniels\danietr01","SG",24,"CHO",43,0,476,6.7,14.1,0.476,4.5,9.2,0.484,2.3,4.9,0.462,0.4,0.7,0.556,0.5,3.8,4.3,1.6,0.8,0.2,1.8,3,18.3,"troydaniels"
"101",107,"Anthony Davis\davisan02","C",22,"NOP",61,61,2164,9.3,18.9,0.493,0.6,1.8,0.324,8.7,17.1,0.511,5.4,7.2,0.758,2.2,8.3,10.4,1.9,1.3,2.1,2,2.5,24.6,"anthonydavis"
"102",108,"Ed Davis\davised01","PF",26,"POR",81,0,1684,4.4,7.2,0.611,0,0,NA,4.4,7.2,0.611,2.4,4.4,0.559,4.8,8,12.8,1.9,1.2,1.5,1.4,4.3,11.2,"eddavis"
"103",109,"Branden Dawson\dawsobr01","PF",22,"LAC",6,0,29,2.5,6.2,0.4,0,0,NA,2.5,6.2,0.4,1.2,1.2,1,2.5,2.5,5,0,0,1.2,0,2.5,6.2,"brandendawson"
"104",110,"Dewayne Dedmon\dedmode01","C",26,"ORL",58,20,705,5.1,9,0.559,0,0,NA,5.1,9,0.559,2.9,3.9,0.75,3.4,8.2,11.6,0.7,1.1,2.3,1.6,5.6,13,"dewaynededmon"
"105",111,"Bryce Dejean-Jones\dejeabr01","SG",23,"NOP",14,11,279,3.6,8.9,0.406,1.5,4.1,0.375,2.1,4.8,0.432,1.4,2.7,0.524,1,5.2,6.2,1.9,1.3,0.3,1.4,2.2,10.2,"brycedejeanjones"
"106",112,"Sam Dekker\dekkesa01","SF",21,"HOU",3,0,6,0,0,NA,0,0,NA,0,0,NA,0,0,NA,0,6,6,0,6,0,0,0,0,"samdekker"
"107",113,"Matthew Dellavedova\dellama01","PG",25,"CLE",76,14,1867,4,9.9,0.405,1.9,4.6,0.41,2.1,5.2,0.401,1.1,1.3,0.864,0.6,2.5,3.1,6.5,0.8,0.2,2.2,3.4,11,"matthewdellavedova"
"108",114,"Luol Deng\denglu01","PF",30,"MIA",74,73,2394,5.1,11.2,0.455,1.3,3.8,0.344,3.8,7.4,0.513,2.2,2.9,0.755,1.6,5,6.7,2.1,1.1,0.4,1.2,1.8,13.7,"luoldeng"
"109",115,"DeMar DeRozan\derozde01","SG",26,"TOR",78,78,2804,7.9,17.7,0.446,0.6,1.8,0.338,7.3,15.9,0.458,7.1,8.4,0.85,0.8,3.7,4.5,4,1,0.3,2.2,2.1,23.5,"demarderozan"
"110",116,"Boris Diaw\diawbo01","PF",33,"SAS",76,4,1386,5.2,9.9,0.527,0.6,1.8,0.362,4.6,8.2,0.564,1.5,2,0.737,1.5,4.5,6.1,4.6,0.7,0.5,2.5,2.6,12.6,"borisdiaw"
"111",117,"Gorgui Dieng\dienggo01","C",26,"MIN",82,39,2220,5,9.4,0.532,0.1,0.3,0.3,4.9,9.1,0.54,3.3,4,0.827,2.5,6.9,9.5,2.3,1.5,1.6,2.3,3.6,13.4,"gorguidieng"
"112",118,"Spencer Dinwiddie\dinwisp01","PG",22,"DET",12,0,159,4.3,12.2,0.352,0.2,2.3,0.1,4.1,10,0.409,4.3,7.5,0.576,0.9,2.9,3.8,5,0.7,0,1.6,4.5,13.1,"spencerdinwiddie"
"113",119,"Toney Douglas\douglto01","PG",29,"NOP",61,18,1262,5.2,12.7,0.411,2.3,5.8,0.399,2.9,6.9,0.421,2.4,2.8,0.848,0.7,3.4,4.1,4.5,2,0.1,1.8,3.7,15.1,"toneydouglas"
"114",120,"Goran Dragic\dragigo01","PG",29,"MIA",72,72,2363,6.4,13.3,0.477,1,3.1,0.312,5.4,10.2,0.527,1.8,2.5,0.727,0.8,3.4,4.2,6.4,1.1,0.3,2.8,2.9,15.5,"gorandragic"
"115",121,"Andre Drummond\drumman01","C",22,"DET",81,81,2666,7.5,14.3,0.521,0,0.1,0.333,7.4,14.2,0.522,2.8,7.9,0.355,5.3,10.8,16.2,0.9,1.6,1.5,2.1,3.3,17.7,"andredrummond"
"116",122,"Jared Dudley\dudleja01","PF",30,"WAS",81,41,2098,4,8.4,0.478,1.7,4.1,0.42,2.3,4.3,0.534,1.2,1.7,0.735,0.9,4,4.9,2.9,1.3,0.3,1.4,3.3,10.9,"jareddudley"
"117",123,"Duje Dukan\dukandu01","SF",24,"SAC",1,0,24,3,15,0.2,3,7.5,0.4,0,7.5,0,0,0,NA,3,3,6,1.5,1.5,0,0,3,9,"dujedukan"
"118",124,"Tim Duncan\duncati01","C",39,"SAS",61,60,1536,5,10.3,0.488,0,0,0,5,10.3,0.49,2.2,3.1,0.702,2.7,7.8,10.5,3.8,1.1,1.8,2.1,2.9,12.2,"timduncan"
"119",125,"Mike Dunleavy\dunlemi02","SF",35,"CHI",31,30,703,3.9,9.6,0.41,2,5.1,0.394,1.9,4.6,0.427,1.5,1.9,0.784,0.4,3.8,4.3,2,0.7,0.5,1.3,3.4,11.4,"mikedunleavy"
"120",126,"Kevin Durant\duranke01","SF",27,"OKC",72,72,2578,9.7,19.3,0.505,2.6,6.7,0.387,7.1,12.6,0.569,6.2,7,0.898,0.6,7.6,8.2,5,1,1.2,3.5,1.9,28.3,"kevindurant"
"121",127,"Cleanthony Early\earlycl01","SF",24,"NYK",17,2,154,2.8,9.4,0.3,0.9,3.5,0.267,1.9,5.8,0.32,0.7,0.9,0.75,0.9,5.1,6.1,1.4,0.5,0.7,2.1,3.7,7.2,"cleanthonyearly"
"122",128,"Jarell Eddie\eddieja01","SF",24,"WAS",26,0,147,4.9,15.9,0.308,3.7,11.5,0.319,1.2,4.4,0.278,2,2,1,0.5,5.1,5.6,1.2,1.2,0.2,0.2,1.2,15.4,"jarelleddie"
"123",129,"Wayne Ellington\ellinwa01","SG",28,"BRK",76,41,1615,4.9,12.5,0.389,2.1,6,0.358,2.7,6.5,0.416,1.2,1.4,0.857,0.4,3.4,3.9,1.9,1.1,0.1,1,1.8,13.1,"wayneellington"
"124",130,"Monta Ellis\ellismo01","SG",30,"IND",81,81,2734,5.7,13.4,0.427,1.1,3.7,0.309,4.6,9.7,0.472,2.1,2.7,0.786,0.6,3,3.6,5,2,0.5,2.7,2.3,14.8,"montaellis"
"125",132,"Tyler Ennis\ennisty01","PG",21,"MIL",46,7,654,4.6,10.3,0.449,0.7,2.1,0.333,3.9,8.1,0.48,1.4,1.9,0.735,0.7,3.4,4.1,5.2,1.4,0.1,2.5,3.5,11.3,"tylerennis"
"126",133,"Jeremy Evans\evansje01","SF",28,"DAL",30,2,251,3.7,6.9,0.542,0.6,2.3,0.25,3.2,4.6,0.688,2.2,3,0.714,1.6,6.2,7.7,0.3,0.9,1.3,1,2.7,10.2,"jeremyevans"
"127",134,"Tyreke Evans\evansty01","SG",26,"NOP",25,25,765,6.4,14.8,0.433,1.6,4,0.388,4.8,10.8,0.45,3.5,4.4,0.796,0.9,5.1,6.1,7.7,1.5,0.4,3.4,3.1,17.8,"tyrekeevans"
"128",135,"Festus Ezeli\ezelife01","C",26,"GSW",46,13,770,5.8,10.7,0.548,0,0,NA,5.8,10.7,0.548,3.3,6.2,0.53,4.3,7.8,12,1.5,0.8,2.3,1.8,4.4,15,"festusezeli"
"129",136,"Kenneth Faried\farieke01","PF",26,"DEN",67,64,1694,7.4,13.3,0.558,0,0,0.5,7.4,13.3,0.558,2.9,4.7,0.613,5,7.4,12.3,1.7,0.7,1.3,1.9,3.6,17.7,"kennethfaried"
"130",137,"Jordan Farmar\farmajo01","PG",29,"MEM",12,10,291,5.2,12.4,0.42,2,5.6,0.356,3.2,6.8,0.473,1.2,1.2,1,0.5,2.6,3.1,4.6,1.9,0.2,2.2,2.7,13.6,"jordanfarmar"
"131",138,"Derrick Favors\favorde01","PF",24,"UTA",62,59,1983,7.6,14.7,0.515,0,0.1,0,7.6,14.7,0.518,3.3,4.6,0.709,3.1,6.1,9.1,1.7,1.3,1.7,1.9,2.7,18.4,"derrickfavors"
"132",139,"Cristiano Felicio\feliccr01","C",23,"CHI",31,4,321,4.5,8.1,0.556,0,0.4,0,4.5,7.6,0.588,2.8,3.9,0.714,3.4,8.1,11.4,2.9,0.7,1.5,1.5,3.5,11.8,"cristianofelicio"
"133",140,"Raymond Felton\feltora01","PG",31,"DAL",80,31,2192,4.5,11.2,0.406,1,3.5,0.282,3.6,7.7,0.463,2.4,2.9,0.847,0.6,3.6,4.2,4.7,1.1,0.2,2,2.3,12.5,"raymondfelton"
"134",141,"Evan Fournier\fournev01","SF",23,"ORL",79,71,2566,6,13,0.462,2.2,5.5,0.4,3.8,7.6,0.506,2.8,3.3,0.836,0.5,2.7,3.2,3,1.3,0,1.9,3,17,"evanfournier"
"135",146,"Danilo Gallinari\gallida01","SF",27,"DEN",53,53,1839,5.6,13.7,0.41,1.7,4.7,0.364,3.9,9,0.434,7.3,8.5,0.868,1,4.5,5.5,2.6,0.8,0.4,1.5,1.7,20.3,"danilogallinari"
"136",147,"Langston Galloway\gallola01","PG",24,"NYK",82,7,2033,4.1,10.4,0.393,1.4,4,0.344,2.7,6.4,0.423,1.5,2,0.754,0.8,4.3,5.1,3.7,1.4,0.4,1.1,3.1,11.1,"langstongalloway"
"137",148,"Kevin Garnett\garneke01","PF",39,"MIN",38,38,556,3.5,7.4,0.47,0,0.1,0,3.5,7.4,0.474,0.9,1.4,0.667,1,8.7,9.7,4,1.8,0.6,1,4.5,7.9,"kevingarnett"
"138",149,"Marc Gasol\gasolma01","C",31,"MEM",52,52,1791,6.6,14.2,0.464,0,0.1,0.667,6.6,14.2,0.463,4.1,4.9,0.829,1.2,6.1,7.3,3.9,1,1.4,2.4,2.8,17.3,"marcgasol"
"139",150,"Pau Gasol\gasolpa01","C",35,"CHI",72,72,2291,7.3,15.6,0.469,0.4,1.1,0.348,7,14.6,0.478,3.6,4.5,0.792,2.4,10,12.5,4.6,0.7,2.3,2.6,2.3,18.7,"paugasol"
"140",151,"Rudy Gay\gayru01","SF",29,"SAC",70,70,2379,7.1,15.2,0.463,1.1,3.3,0.344,5.9,12,0.495,3,3.8,0.78,1.6,5.3,6.9,1.8,1.5,0.8,2.1,2.8,18.2,"rudygay"
"141",152,"Alonzo Gee\geeal01","SF",28,"NOP",73,38,1632,2.9,5.6,0.518,0.4,1.3,0.283,2.5,4.3,0.59,1,1.5,0.667,1.3,4.1,5.4,1.6,1.4,0.3,1.2,3.7,7.2,"alonzogee"
"142",153,"Paul George\georgpa01","SF",25,"IND",81,81,2819,7.7,18.5,0.418,2.7,7.2,0.371,5,11.3,0.447,5.8,6.7,0.86,1,6.2,7.2,4.2,1.9,0.4,3.4,2.9,23.9,"paulgeorge"
"143",154,"Taj Gibson\gibsota01","PF",30,"CHI",73,55,1936,4.9,9.3,0.526,0,0.1,0,4.9,9.2,0.529,1.9,2.7,0.692,3.8,5.5,9.4,2,0.9,1.4,1.5,3.3,11.7,"tajgibson"
"144",155,"Manu Ginobili\ginobma01","SG",38,"SAS",58,0,1134,6.3,13.8,0.453,2.2,5.7,0.391,4,8.1,0.496,2.9,3.6,0.813,0.8,3.8,4.6,5.6,2.1,0.3,3.1,3.1,17.6,"manuginobili"
"145",156,"Rudy Gobert\goberru01","C",23,"UTA",61,60,1932,3.7,6.6,0.559,0,0,NA,3.7,6.6,0.559,3,5.3,0.569,3.9,8.6,12.4,1.7,0.8,2.5,2.1,3,10.4,"rudygobert"
"146",157,"Drew Gooden\goodedr01","PF",34,"WAS",30,0,305,3.9,12.2,0.32,0.8,4.8,0.171,3.1,7.3,0.419,1.1,1.7,0.643,3.3,6.7,10,1.5,0.9,1.3,1.5,4.7,9.7,"drewgooden"
"147",158,"Archie Goodwin\goodwar01","PG",21,"PHO",57,13,1114,5.7,13.6,0.417,0.7,3.2,0.232,4.9,10.4,0.474,4.2,6.2,0.674,0.9,3.7,4.6,3.8,0.9,0.4,3.2,2.7,16.3,"archiegoodwin"
"148",159,"Aaron Gordon\gordoaa01","PF",20,"ORL",78,37,1863,5.3,11.2,0.473,0.8,2.7,0.296,4.5,8.4,0.531,2.5,3.7,0.668,3,6.8,9.8,2.5,1.1,1.1,1.3,3,13.9,"aarongordon"
"149",160,"Eric Gordon\gordoer01","SG",27,"NOP",45,44,1481,5.6,13.4,0.418,2.7,7.1,0.384,2.9,6.3,0.457,2.7,3,0.888,0.2,2.2,2.4,2.9,1,0.3,1.8,2.4,16.7,"ericgordon"
"150",161,"Marcin Gortat\gortama01","C",31,"WAS",75,74,2256,6.9,12.2,0.567,0,0,0,6.9,12.2,0.567,2.3,3.3,0.705,3.5,8.3,11.8,1.7,0.7,1.5,1.9,3.1,16.1,"marcingortat"
"151",162,"Andrew Goudelock\goudean01","PG",27,"HOU",8,0,50,6.5,14.4,0.45,0.7,6.5,0.111,5.8,7.9,0.727,2.2,2.9,0.75,0.7,0.7,1.4,2.9,4.3,1.4,5,2.9,15.8,"andrewgoudelock"
"152",163,"Jerami Grant\grantje01","SF",21,"PHI",77,52,2066,4.4,10.4,0.419,0.6,2.5,0.24,3.8,7.9,0.477,3.7,5.6,0.658,1.7,4.6,6.3,2.4,0.9,2.2,1.9,3.7,13.1,"jeramigrant"
"153",164,"Jerian Grant\grantje02","PG",23,"NYK",76,6,1265,4.4,11.1,0.394,0.6,2.8,0.22,3.8,8.3,0.454,2.7,3.5,0.78,0.7,3.4,4.1,5,1.4,0.3,2.5,2.8,12.1,"jeriangrant"
"154",165,"Danny Green\greenda02","SG",28,"SAS",79,79,2062,3.7,9.8,0.376,2,6.1,0.332,1.7,3.7,0.448,0.6,0.8,0.739,0.8,4.5,5.3,2.5,1.4,1.1,1.3,2.5,10,"dannygreen"
"155",166,"Draymond Green\greendr01","PF",25,"GSW",81,81,2808,5.1,10.5,0.49,1.3,3.3,0.388,3.9,7.2,0.537,2.9,4.2,0.696,1.7,8.1,9.9,7.7,1.5,1.4,3.3,3.1,14.5,"draymondgreen"
"156",168,"Gerald Green\greenge01","SG",30,"MIA",69,14,1557,5.3,13.6,0.392,1.9,6,0.323,3.4,7.6,0.446,1.7,2.1,0.783,0.6,3.2,3.8,1.3,0.9,0.4,1.1,2.8,14.2,"geraldgreen"
"157",169,"JaMychal Green\greenja01","PF",25,"MEM",78,15,1446,5.7,12.3,0.465,0.4,1.1,0.333,5.4,11.2,0.478,2.6,3.4,0.752,3.5,5.8,9.3,1.7,1.1,0.8,2.1,4.7,14.4,"jamychalgreen"
"158",171,"Blake Griffin\griffbl01","PF",26,"LAC",35,35,1170,9.3,18.6,0.499,0.2,0.6,0.333,9.1,18,0.504,4.3,6,0.727,1.6,7.5,9,5.2,0.9,0.5,2.6,2.9,23,"blakegriffin"
"159",172,"Jorge Gutierrez\gutiejo01","PG",27,"CHO",12,0,63,3.4,6.3,0.545,0,1.1,0,3.4,5.1,0.667,5.7,6.3,0.909,0,4,4,9.7,1.7,0,3.4,1.7,12.6,"jorgegutierrez"
"160",174,"Jordan Hamilton\hamiljo02","SF",25,"NOP",11,4,304,5.8,13.7,0.422,1.5,5.3,0.289,4.3,8.4,0.507,1.7,2.5,0.667,1.4,5.9,7.3,3,0.9,0.4,2,2.8,14.8,"jordanhamilton"
"161",175,"Tyler Hansbrough\hansbty01","PF",30,"CHO",44,0,343,3.4,7.5,0.451,0.2,0.3,0.667,3.1,7.1,0.441,4,6.8,0.585,4.2,5.1,9.3,0.8,1.3,0.7,1.3,5.8,10.9,"tylerhansbrough"
"162",176,"Tim Hardaway\hardati02","SG",23,"ATL",51,1,864,4.7,11,0.43,2,5.9,0.338,2.7,5.1,0.537,2.1,2.3,0.893,0.3,3.3,3.6,2.1,0.9,0.3,1,2,13.6,"timhardaway"
"163",177,"James Harden\hardeja01","SG",26,"HOU",82,82,3125,8.2,18.6,0.439,2.7,7.6,0.359,5.5,11.1,0.494,8.3,9.6,0.86,0.7,5,5.8,7.1,1.6,0.6,4.3,2.6,27.4,"jamesharden"
"164",178,"Maurice Harkless\harklma01","SF",22,"POR",78,14,1457,4.8,10.2,0.474,1,3.5,0.279,3.9,6.7,0.576,1.7,2.7,0.622,2.5,4.4,6.9,1.7,1.2,0.9,1.5,3.1,12.3,"mauriceharkless"
"165",179,"Justin Harper\harpeju01","PF",26,"DET",5,0,35,4.1,10.3,0.4,4.1,9.3,0.444,0,1,0,1,2.1,0.5,0,1,1,0,1,0,2.1,3.1,13.4,"justinharper"
"166",180,"Montrezl Harrell\harremo01","PF",22,"HOU",39,1,379,5.5,8.5,0.644,0,0.1,0,5.5,8.5,0.652,2.3,4.4,0.522,2.4,3.8,6.2,1.6,1,1,1.6,4.6,13.3,"montrezlharrell"
"167",181,"Devin Harris\harride01","PG",32,"DAL",64,0,1280,4.7,10.5,0.447,1.5,4.4,0.329,3.2,6.1,0.532,2.8,3.9,0.721,0.5,3.4,3.9,3.3,1.7,0.4,1.9,3.5,13.7,"devinharris"
"168",182,"Gary Harris\harriga01","SG",21,"DEN",76,76,2439,5.3,11.3,0.469,1.5,4.4,0.354,3.7,6.9,0.543,1.6,2,0.82,0.8,2.5,3.2,2.2,1.4,0.3,1.4,2.1,13.8,"garyharris"
"169",183,"Joe Harris\harrijo01","SG",24,"CLE",5,0,15,2.4,9.6,0.25,2.4,9.6,0.25,0,0,NA,0,0,NA,0,7.2,7.2,4.8,0,0,2.4,2.4,7.2,"joeharris"
"170",185,"Aaron Harrison\harriaa01","SG",21,"CHO",21,0,93,1.9,7.4,0.263,1.2,3.9,0.3,0.8,3.5,0.222,1.9,4.6,0.417,1.5,4.3,5.8,0.8,2.3,0,1.5,3.9,7,"aaronharrison"
"171",186,"Udonis Haslem\hasleud01","PF",35,"MIA",37,0,260,3.2,8.4,0.377,0.1,1.2,0.111,3,7.2,0.423,1.7,2.2,0.75,1.4,9,10.4,1.9,0.7,0.3,0.7,3.5,8.2,"udonishaslem"
"172",187,"Spencer Hawes\hawessp01","PF",27,"CHO",57,6,1035,4.3,10.6,0.405,1.3,3.5,0.373,3,7.1,0.422,1.9,2.3,0.831,1.8,6.7,8.5,3.8,0.8,0.9,2,3.9,11.8,"spencerhawes"
"173",188,"Chuck Hayes\hayesch01","C",32,"HOU",2,0,24,1.5,3,0.5,0,0,NA,1.5,3,0.5,3,3,1,0,12,12,3,0,0,4.5,9,6,"chuckhayes"
"174",189,"Gordon Hayward\haywago01","SF",25,"UTA",80,80,2893,6.5,15,0.433,1.8,5.1,0.349,4.7,9.9,0.477,4.9,5.9,0.824,0.8,4.2,4.9,3.7,1.2,0.3,2.5,2.3,19.6,"gordonhayward"
"175",190,"Gerald Henderson\hendege02","SG",28,"POR",72,0,1431,5.8,13.3,0.439,1.2,3.4,0.353,4.6,9.9,0.468,2.8,3.7,0.767,0.8,4.6,5.3,1.9,1,0.5,1.7,2.2,15.7,"geraldhenderson"
"176",191,"John Henson\hensojo01","C",25,"MIL",57,1,960,6.1,10.9,0.564,0,0,0,6.1,10.9,0.566,2.6,4.4,0.59,3.3,5,8.3,2,0.7,4.1,2.4,4.9,14.9,"johnhenson"
"177",192,"Mario Hezonja\hezonma01","SF",20,"ORL",79,9,1413,4.6,10.6,0.433,1.7,4.9,0.349,2.9,5.8,0.504,1.2,1.4,0.907,0.7,3.8,4.5,2.8,1,0.4,2.5,3.2,12.2,"mariohezonja"
"178",193,"Roy Hibbert\hibbero01","C",29,"LAL",81,81,1878,3.5,7.9,0.443,0,0,0,3.5,7.8,0.445,2.2,2.8,0.807,2.5,5.1,7.6,1.8,0.6,2.1,1.5,4.8,9.2,"royhibbert"
"179",195,"Nene Hilario\hilarne01","PF",33,"WAS",57,11,1094,6.9,12.6,0.544,0,0.1,0,6.9,12.5,0.549,3.5,6.1,0.578,1.7,6.8,8.5,3.2,1.8,0.9,2.5,5.1,17.3,"nenehilario"
"180",196,"George Hill\hillge01","PG",29,"IND",74,73,2524,4.6,10.5,0.441,1.8,4.5,0.408,2.8,6.1,0.466,1.6,2.1,0.76,0.8,3.4,4.3,3.7,1.2,0.2,1.4,2.1,12.8,"georgehill"
"181",197,"Jordan Hill\hilljo01","C",28,"IND",73,11,1513,6.6,13.1,0.506,0,0,0,6.6,13,0.507,2.1,3,0.712,3.7,7,10.7,2.1,0.9,0.9,2.2,3.7,15.3,"jordanhill"
"182",198,"Solomon Hill\hillso01","SF",24,"IND",59,3,866,3.9,8.6,0.447,1,3.1,0.324,2.9,5.6,0.515,1.5,1.7,0.857,1.6,5.3,6.9,2.4,1.5,0.5,1.4,2.8,10.2,"solomonhill"
"183",199,"Darrun Hilliard\hillida01","SG",22,"DET",38,2,383,4.9,12.3,0.397,1.8,4.7,0.38,3.1,7.6,0.407,2.7,3.8,0.725,0.5,3.8,4.2,2.5,0.8,0.1,1.8,2.6,14.3,"darrunhilliard"
"184",201,"Jrue Holiday\holidjr01","PG",25,"NOP",65,23,1831,8.1,18.4,0.439,1.7,5.1,0.336,6.4,13.3,0.478,3.6,4.2,0.843,0.5,3.3,3.8,7.7,1.7,0.4,3.3,2.9,21.4,"jrueholiday"
"185",204,"Rondae Hollis-Jefferson\holliro01","SF",21,"BRK",29,17,615,3.7,8.1,0.457,0.2,0.8,0.286,3.5,7.3,0.476,2.2,3,0.712,2.3,6.7,9,2.5,2.3,0.9,1.5,3.6,9.8,"rondaehollisjefferson"
"186",205,"Richaun Holmes\holmeri01","PF",22,"PHI",51,1,702,5.8,11.4,0.514,0.4,2.3,0.182,5.4,9.1,0.596,2.6,3.8,0.689,3.2,3.7,6.9,1.7,1,2.1,1.6,4.7,14.7,"richaunholmes"
"187",206,"Rodney Hood\hoodro01","SG",23,"UTA",79,79,2541,5.8,13.8,0.42,2.3,6.4,0.359,3.5,7.4,0.472,2.4,2.8,0.86,0.5,3.2,3.8,3,1,0.2,1.8,2.9,16.3,"rodneyhood"
"188",207,"Al Horford\horfoal01","C",29,"ATL",82,82,2631,7.2,14.3,0.505,1.2,3.5,0.344,6,10.8,0.557,1.4,1.8,0.798,2,6.1,8.2,3.6,0.9,1.7,1.5,2.2,17.1,"alhorford"
"189",208,"Dwight Howard\howardw01","C",30,"HOU",71,71,2280,5.9,9.5,0.62,0,0.1,0,5.9,9.4,0.626,3.7,7.5,0.489,3.8,9.4,13.2,1.5,1.1,1.8,2.6,3.5,15.4,"dwighthoward"
"190",209,"Marcelo Huertas\huertma01","PG",32,"LAL",53,0,869,4,9.5,0.422,0.7,2.5,0.262,3.4,7,0.479,1.1,1.2,0.931,0.7,3,3.7,7.5,1.1,0.3,3.3,3.1,9.8,"marcelohuertas"
"191",210,"Josh Huestis\huestjo01","PF",24,"OKC",5,0,55,3.3,7.9,0.417,2.6,3.9,0.667,0.7,3.9,0.167,0,2.6,0,1.3,5.2,6.5,0,0.7,1.3,2,2,9.2,"joshhuestis"
"192",212,"R.J. Hunter\hunterj01","SG",22,"BOS",36,0,315,4.1,11.2,0.367,2.2,7.2,0.302,1.9,4,0.486,0.7,0.8,0.857,0.2,4,4.2,1.5,1.6,0.5,1.3,3.3,11.1,"rjhunter"
"193",213,"Serge Ibaka\ibakase01","PF",26,"OKC",78,78,2500,6,12.5,0.479,0.9,2.6,0.326,5.1,9.9,0.52,1.3,1.7,0.752,2,5.6,7.7,1,0.5,2.1,1.6,3,14.2,"sergeibaka"
"194",214,"Andre Iguodala\iguodan01","SF",32,"GSW",65,1,1732,3.7,7.6,0.478,1.1,3.2,0.351,2.5,4.4,0.57,1.1,1.7,0.614,1.1,4.4,5.5,4.6,1.5,0.4,1.6,2.1,9.5,"andreiguodala"
"195",216,"Joe Ingles\inglejo01","SF",28,"UTA",81,2,1241,3.6,8.4,0.426,2.3,6.1,0.386,1.2,2.3,0.531,0.4,0.5,0.722,0.6,3.8,4.4,2.8,1.6,0.1,1.9,2.8,9.9,"joeingles"
"196",217,"Damien Inglis\inglida01","SF",20,"MIL",20,1,156,3,8.5,0.351,0.7,3,0.231,2.3,5.5,0.417,1.6,1.8,0.875,0.5,6.7,7.2,2.3,1.4,0.7,2.5,2.5,8.3,"damieninglis"
"197",218,"Kyrie Irving\irvinky01","PG",23,"CLE",53,53,1667,8.5,19,0.448,1.8,5.7,0.321,6.7,13.3,0.502,3.6,4.1,0.885,1,2.4,3.4,5.4,1.2,0.4,2.7,2.3,22.5,"kyrieirving"
"198",219,"Jarrett Jack\jackja01","PG",32,"BRK",32,32,1027,4.9,12.5,0.391,1.1,3.6,0.304,3.8,9,0.426,3.5,3.9,0.893,0.3,4.5,4.8,8.3,1.2,0.2,3.3,2.7,14.4,"jarrettjack"
"199",220,"Reggie Jackson\jacksre01","PG",25,"DET",79,79,2424,8,18.5,0.434,1.8,5,0.353,6.3,13.5,0.464,4.3,5,0.864,0.9,2.9,3.8,7.3,0.9,0.2,3.3,2.8,22.1,"reggiejackson"
"200",221,"LeBron James\jamesle01","SF",31,"CLE",76,76,2709,9.8,18.8,0.52,1.2,3.7,0.309,8.6,15.1,0.573,4.8,6.5,0.731,1.5,6,7.5,6.8,1.4,0.7,3.3,1.9,25.5,"lebronjames"
"201",222,"Al Jefferson\jeffeal01","C",31,"CHO",47,18,1096,8,16.6,0.485,0,0,NA,8,16.6,0.485,2.4,3.6,0.649,1.9,8,9.9,2.3,1,1.3,1.1,3.8,18.5,"aljefferson"
"202",223,"Cory Jefferson\jeffeco01","PF",25,"PHO",8,0,50,6.5,15.8,0.409,0,0.7,0,6.5,15.1,0.429,2.9,4.3,0.667,4.3,7.2,11.5,0,0,0.7,0,5.8,15.8,"coryjefferson"
"203",224,"Richard Jefferson\jefferi01","SF",35,"CLE",74,5,1326,3.9,8.5,0.458,1.8,4.7,0.382,2.1,3.8,0.554,1.6,2.4,0.667,0.4,3.1,3.5,1.6,0.9,0.4,1.2,3.5,11.1,"richardjefferson"
"204",227,"Jonas Jerebko\jerebjo01","PF",28,"BOS",78,0,1176,3.6,8.8,0.413,1.3,3.3,0.398,2.3,5.4,0.421,1.9,2.4,0.782,2.4,6.5,8.8,1.9,0.6,0.7,1.6,4.2,10.4,"jonasjerebko"
"205",228,"Amir Johnson\johnsam01","PF",28,"BOS",79,76,1800,5,8.5,0.585,0.2,0.9,0.233,4.8,7.7,0.624,1.4,2.4,0.57,3.6,6.5,10.1,2.8,1,1.7,1.9,4.3,11.5,"amirjohnson"
"206",229,"Chris Johnson\johnsch04","SF",25,"UTA",70,2,857,3,8.1,0.371,1.1,4.2,0.273,1.9,4,0.474,1.4,1.8,0.81,1.1,4.4,5.5,1.9,1.3,0.8,1.7,4.2,8.6,"chrisjohnson"
"207",230,"James Johnson\johnsja01","PF",28,"TOR",57,32,926,4.4,9.3,0.475,0.8,2.6,0.303,3.7,6.8,0.54,1.5,2.6,0.574,1.1,3.8,4.9,2.6,1.1,1.3,2.1,3.3,11.2,"jamesjohnson"
"208",233,"Stanley Johnson\johnsst04","SF",19,"DET",73,6,1687,4.8,12.8,0.375,1.3,4.4,0.307,3.5,8.4,0.41,1.7,2.2,0.784,1.2,5.3,6.5,2.5,1.2,0.3,2.4,3.8,12.7,"stanleyjohnson"
"209",234,"Tyler Johnson\johnsty01","SG",23,"MIA",36,5,863,4.9,10.1,0.486,1.1,3,0.38,3.8,7.2,0.529,2.1,2.7,0.797,1.2,3.4,4.5,3.3,1,0.6,2,2.8,13.1,"tylerjohnson"
"210",235,"Wesley Johnson\johnswe01","SF",28,"LAC",80,9,1666,4.5,11.1,0.404,2.2,6.7,0.333,2.3,4.5,0.51,0.6,1,0.652,0.8,4.6,5.4,1.1,1.9,1.2,1.2,3.7,11.9,"wesleyjohnson"
"211",236,"Nikola Jokic\jokicni01","C",20,"DEN",80,55,1733,6.4,12.5,0.512,0.6,1.7,0.333,5.8,10.7,0.541,3.2,3.9,0.811,3.8,7.9,11.6,3.9,1.6,1,2.2,4.3,16.5,"nikolajokic"
"212",237,"Dahntay Jones\jonesda02","SF",35,"CLE",1,0,42,5.1,12,0.429,0.9,1.7,0.5,4.3,10.3,0.417,0,0,NA,0.9,3.4,4.3,1.7,0.9,1.7,0,5.1,11.1,"dahntayjones"
"213",238,"James Jones\jonesja02","SF",35,"CLE",48,0,463,4.5,11,0.408,3.2,8.1,0.394,1.3,3,0.447,1.6,2,0.808,0.6,3.3,3.9,1.1,0.9,0.8,1,3.9,13.8,"jamesjones"
"214",239,"Terrence Jones\joneste01","PF",24,"HOU",50,11,1044,5.7,12.7,0.452,0.9,2.7,0.316,4.9,9.9,0.49,2.7,4,0.664,2.1,5.1,7.3,1.4,0.8,1.3,1.7,3,15,"terrencejones"
"215",240,"Tyus Jones\jonesty01","PG",19,"MIN",37,0,573,3.5,9.8,0.359,1,3.3,0.302,2.5,6.5,0.388,1.8,2.5,0.718,0.4,2.5,3,6.8,1.9,0.2,2.1,2.1,9.8,"tyusjones"
"216",241,"DeAndre Jordan\jordade01","C",27,"LAC",77,77,2598,4.9,7,0.703,0,0,0,4.9,7,0.704,3.7,8.6,0.43,3.7,11,14.7,1.2,0.7,2.5,1.5,2.9,13.6,"deandrejordan"
"217",242,"Cory Joseph\josepco01","SG",24,"TOR",80,4,2046,4.5,10.3,0.439,0.5,1.9,0.273,4,8.4,0.478,2.3,3.1,0.764,0.7,3,3.7,4.4,1.1,0.4,1.8,2.3,11.9,"coryjoseph"
"218",243,"Chris Kaman\kamanch01","C",33,"POR",16,2,112,6.4,13.8,0.465,0.3,1.3,0.25,6.1,12.5,0.487,1,1,1,2.3,5.5,7.7,3.5,0.3,0.3,2.6,4.8,14.1,"chriskaman"
"219",244,"Frank Kaminsky\kaminfr01","C",22,"CHO",81,3,1708,4.5,11.1,0.41,1.4,4.3,0.337,3.1,6.8,0.455,2.3,3.1,0.73,1.5,5.6,7.1,2.1,0.8,0.9,1.2,2.7,12.8,"frankkaminsky"
"220",245,"Enes Kanter\kanteen01","C",23,"OKC",82,1,1721,8.7,15,0.576,0.2,0.4,0.476,8.5,14.6,0.579,4.2,5.3,0.797,5.2,8.7,13.9,0.7,0.5,0.7,2.4,3.5,21.7,"eneskanter"
"221",246,"Sergey Karasev\karasse01","SF",22,"BRK",40,5,399,2.7,6.7,0.405,1,3.3,0.297,1.7,3.3,0.514,2.3,2.5,0.929,0.7,4.5,5.2,3.2,0.5,0.2,2,2.4,8.8,"sergeykarasev"
"222",247,"Sasha Kaun\kaunsa01","C",30,"CLE",25,0,95,3.4,6.4,0.529,0,0,NA,3.4,6.4,0.529,1.9,4.2,0.455,4.5,5.3,9.9,1.1,1.5,1.9,2.7,4.2,8.7,"sashakaun"
"223",248,"Ryan Kelly\kellyry01","PF",24,"LAL",36,0,470,4.2,11.4,0.369,0.4,2.8,0.135,3.8,8.6,0.446,2.8,4.1,0.685,1.6,7.7,9.3,1.5,1,0.8,1.4,3,11.6,"ryankelly"
"224",249,"Michael Kidd-Gilchrist\kiddgmi01","SF",22,"CHO",7,7,205,5.8,10.7,0.541,0.5,1.2,0.429,5.3,9.5,0.556,3.5,5.1,0.69,2.1,5.8,7.9,1.6,0.5,0.5,1.4,1.6,15.6,"michaelkiddgilchrist"
"225",251,"Brandon Knight\knighbr03","SG",24,"PHO",52,50,1870,7.1,17.2,0.415,2.3,6.8,0.342,4.8,10.5,0.461,3,3.5,0.852,0.7,3.2,3.9,5.1,1.2,0.4,3.4,2.4,19.6,"brandonknight"
"226",252,"Kyle Korver\korveky01","SG",34,"ATL",80,80,2401,4,9.2,0.435,2.4,6,0.398,1.6,3.3,0.502,0.7,0.8,0.833,0.2,3.7,3.9,2.5,0.9,0.5,1.5,2.4,11.1,"kylekorver"
"227",253,"Kosta Koufos\koufoko01","C",26,"SAC",78,14,1482,5.7,10.8,0.532,0,0,NA,5.7,10.8,0.532,1.4,2.5,0.548,4.1,6.2,10.3,0.8,1,1.7,1.2,4.5,12.9,"kostakoufos"
"228",254,"Jeremy Lamb\lambje01","SG",23,"CHO",66,0,1227,6.7,15,0.451,1.6,5.3,0.309,5.1,9.7,0.529,1.9,2.6,0.727,1.3,6.1,7.4,2.3,1.2,0.9,1.5,3.1,17,"jeremylamb"
"229",255,"Carl Landry\landrca01","PF",32,"PHI",36,12,569,8.8,15.8,0.556,0.4,0.8,0.462,8.4,15,0.561,4.2,5.8,0.736,3.1,6.1,9.2,2,0.8,0.6,1.4,4.4,22.2,"carllandry"
"230",256,"Shane Larkin\larkish01","PG",23,"BRK",78,17,1751,4.6,10.3,0.442,0.8,2.2,0.361,3.8,8.1,0.464,1.7,2.2,0.776,0.6,3.1,3.7,7,2,0.2,3,2.5,11.6,"shanelarkin"
"231",257,"Joffrey Lauvergne\lauvejo01","C",24,"DEN",59,15,1041,6.7,13.1,0.513,0.4,1.8,0.245,6.3,11.3,0.557,2.1,2.4,0.899,2.7,7.4,10,1.9,0.4,0.5,1.9,4,16.1,"joffreylauvergne"
"232",258,"Zach LaVine\lavinza01","SG",20,"MIN",82,33,2294,6.8,15,0.452,1.9,5,0.389,4.9,10.1,0.482,2.5,3.2,0.793,0.4,3.2,3.6,3.9,1.1,0.3,2.4,3,18,"zachlavine"
"233",262,"Alex Len\lenal01","C",22,"PHO",78,46,1821,5.2,12.3,0.423,0,0.1,0.143,5.2,12.2,0.426,3.4,4.7,0.728,3.5,8.2,11.7,1.9,0.8,1.2,2.9,4.5,13.9,"alexlen"
"234",263,"Kawhi Leonard\leonaka01","SF",24,"SAS",72,72,2380,8.3,16.5,0.506,2,4.4,0.443,6.4,12.1,0.528,4.4,5.1,0.874,1.4,6,7.5,2.8,1.9,1.1,1.6,2,23,"kawhileonard"
"235",264,"Meyers Leonard\leoname01","PF",23,"POR",61,10,1333,5.3,11.7,0.448,2.3,6.2,0.377,2.9,5.6,0.527,0.9,1.2,0.761,1.4,7.1,8.5,2.5,0.2,0.5,2.1,4.9,13.8,"meyersleonard"
"236",265,"Jon Leuer\leuerjo01","PF",26,"PHO",67,27,1255,6.4,13.4,0.481,1.2,3.2,0.382,5.2,10.2,0.511,2.2,2.9,0.762,2.2,8.5,10.7,2.1,1.1,0.9,2.2,3.6,16.3,"jonleuer"
"237",266,"Damian Lillard\lillada01","PG",25,"POR",75,75,2676,8.3,19.8,0.419,3.1,8.2,0.375,5.2,11.6,0.45,5.6,6.2,0.892,0.6,3.5,4.1,6.9,0.9,0.4,3.3,2.2,25.3,"damianlillard"
"238",267,"Jeremy Lin\linje01","SG",27,"CHO",78,13,2048,5.3,12.8,0.412,1.3,4,0.336,3.9,8.8,0.446,4.2,5.1,0.815,0.7,3.7,4.4,4.1,1,0.7,2.6,2.9,16.1,"jeremylin"
"239",268,"Shaun Livingston\livinsh01","PG",30,"GSW",78,3,1520,4.8,9,0.536,0,0.3,0.167,4.8,8.7,0.548,1.9,2.2,0.86,1,3,4,5.6,1.4,0.6,1.8,3.3,11.6,"shaunlivingston"
"240",269,"Kevon Looney\looneke01","PF",19,"GSW",5,0,21,6.9,12,0.571,1.7,3.4,0.5,5.1,8.6,0.6,0,0,NA,6.9,10.3,17.1,0,0,0,1.7,3.4,15.4,"kevonlooney"
"241",270,"Brook Lopez\lopezbr01","C",27,"BRK",73,73,2457,8.7,17,0.511,0,0.2,0.143,8.6,16.7,0.515,4.6,5.9,0.787,3,5.4,8.4,2.2,0.8,1.8,2.6,3.2,22,"brooklopez"
"242",271,"Robin Lopez\lopezro01","C",27,"NYK",82,82,2219,5.8,10.7,0.539,0,0,0,5.8,10.7,0.54,2.1,2.6,0.795,4.3,5.4,9.8,1.8,0.3,2.1,2.2,3,13.7,"robinlopez"
"243",272,"Kevin Love\loveke01","PF",27,"CLE",77,77,2424,6.1,14.5,0.419,2.3,6.5,0.36,3.7,8,0.467,3.8,4.7,0.822,2.2,9.1,11.3,2.8,0.9,0.6,2.1,2.4,18.3,"kevinlove"
"244",273,"Kyle Lowry\lowryky01","PG",29,"TOR",77,77,2851,6.5,15.1,0.427,2.7,6.9,0.388,3.8,8.2,0.461,5,6.2,0.811,0.7,3.9,4.6,6.2,2,0.4,2.8,2.7,20.6,"kylelowry"
"245",274,"Trey Lyles\lylestr01","PF",20,"UTA",80,33,1382,5,11.4,0.438,1.3,3.3,0.383,3.7,8,0.461,1.5,2.1,0.695,1.5,6.3,7.8,1.5,0.7,0.5,1.7,3,12.7,"treylyles"
"246",276,"Ian Mahinmi\mahinia01","C",29,"IND",71,71,1816,5.2,8.9,0.589,0,0,NA,5.2,8.9,0.589,2.6,4.5,0.587,2.7,7.3,10.1,2.1,1.3,1.5,2,4.4,13.1,"ianmahinmi"
"247",277,"Devyn Marble\marblde01","SG",23,"ORL",28,0,249,3,10.3,0.296,1.2,4.6,0.25,1.9,5.6,0.333,1.4,3.5,0.417,0.9,4.6,5.5,1.7,1.9,0.1,1,3.6,8.7,"devynmarble"
"248",278,"Boban Marjanovic\marjabo01","C",27,"SAS",54,4,508,7.4,12.3,0.603,0,0,NA,7.4,12.3,0.603,6.2,8.1,0.763,5.2,8.6,13.7,1.5,0.9,1.6,2.1,3.8,21,"bobanmarjanovic"
"249",279,"Kendall Marshall\marshke01","PG",24,"PHI",30,6,400,3.9,10.6,0.364,1.4,4.4,0.327,2.4,6.2,0.391,0.8,1.2,0.692,0.2,2.3,2.5,6.6,1.4,0.2,3.9,2.7,10,"kendallmarshall"
"250",280,"Jarell Martin\martija01","PF",21,"MEM",27,0,380,5.1,11,0.466,0,0.2,0,5.1,10.8,0.474,4.3,5.9,0.726,3.7,4.5,8.1,1.4,0.8,0.7,1.8,5.5,14.5,"jarellmartin"
"251",282,"Wesley Matthews\matthwe02","SF",29,"DAL",78,78,2644,4.5,11.6,0.388,2.6,7.1,0.36,1.9,4.5,0.432,1.7,2,0.863,0.4,2.9,3.2,2.1,1.1,0.2,1.1,2.4,13.3,"wesleymatthews"
"252",283,"O.J. Mayo\mayooj01","SG",28,"MIL",41,24,1090,3.9,10.6,0.371,1.7,5.4,0.321,2.2,5.3,0.421,1,1.3,0.775,0.4,3,3.5,3.9,1.6,0.3,2.4,4.2,10.6,"ojmayo"
"253",284,"Luc Mbah a Moute\mbahalu01","PF",29,"LAC",75,61,1274,2.7,5.8,0.454,0.4,1.1,0.325,2.3,4.7,0.485,0.8,1.6,0.526,1.7,3.1,4.8,0.8,1.2,0.5,1,2.8,6.5,"lucmbahamoute"
"254",285,"James Michael McAdoo\mcadoja01","PF",23,"GSW",41,1,262,6.2,11.5,0.536,0.1,0.3,0.5,6,11.3,0.537,3.6,6.7,0.531,4.1,3.8,8,2.3,1.4,1.1,2.2,5.4,16.1,"jamesmichaelmcadoo"
"255",287,"C.J. McCollum\mccolcj01","SG",24,"POR",80,80,2780,8.3,18.5,0.448,2.6,6.1,0.417,5.7,12.4,0.463,2.4,2.9,0.827,0.6,2.7,3.4,4.4,1.3,0.3,2.5,2.4,21.6,"cjmccollum"
"256",288,"T.J. McConnell\mccontj01","PG",23,"PHI",81,17,1606,4.9,10.4,0.47,0.7,2,0.348,4.2,8.4,0.499,0.6,0.9,0.634,1,4.6,5.6,8.2,2.1,0.2,3.1,2.6,11.1,"tjmcconnell"
"257",289,"Chris McCullough\mcculch01","PF",20,"BRK",24,4,362,4.4,10.8,0.404,1.3,3.4,0.382,3.1,7.5,0.413,1.1,2.3,0.478,2.5,4.3,6.8,0.9,2.8,1.2,1.5,3.9,11.1,"chrismccullough"
"258",290,"K.J. McDaniels\mcdankj01","SF",22,"HOU",37,1,235,4.4,11,0.403,1.1,3.8,0.28,3.4,7.2,0.468,3.7,4.6,0.8,2.5,4,6.4,1.5,1.1,0.9,2.6,4.6,13.6,"kjmcdaniels"
"259",291,"Doug McDermott\mcderdo01","SF",24,"CHI",81,4,1861,5.6,12.5,0.452,2.1,5,0.425,3.5,7.4,0.47,1.4,1.6,0.857,0.7,3.1,3.8,1.1,0.3,0.1,1,2.5,14.8,"dougmcdermott"
"260",292,"Mitch McGary\mcgarmi01","PF",23,"OKC",20,0,72,5.5,11.5,0.478,0,2,0,5.5,9.5,0.579,2,5,0.4,2,7,9,1.5,0.5,1,3.5,5,13,"mitchmcgary"
"261",293,"JaVale McGee\mcgeeja01","C",28,"DAL",34,2,370,7.5,13,0.575,0,0.1,0,7.5,12.9,0.579,1.8,3.5,0.5,5.2,7.8,12.9,0.3,0.5,2.5,2,4.8,16.7,"javalemcgee"
"262",294,"Ben McLemore\mclembe01","SG",22,"SAC",68,53,1443,4.9,11.4,0.429,1.7,4.6,0.362,3.2,6.7,0.474,1.8,2.6,0.718,0.8,2.8,3.7,2,1.3,0.2,2.5,3.5,13.2,"benmclemore"
"263",296,"Josh McRoberts\mcrobjo01","PF",28,"MIA",42,1,595,3.3,9,0.372,0.7,3,0.245,2.6,6,0.434,1.7,2.4,0.7,1.3,5,6.4,4.9,1.1,0.4,1.8,4.1,9.1,"joshmcroberts"
"264",297,"Jodie Meeks\meeksjo01","SG",28,"DET",3,0,43,5.9,16.7,0.35,3.3,7.5,0.444,2.5,9.2,0.273,3.3,3.3,1,0.8,3.3,4.2,2.5,0,0,0.8,1.7,18.4,"jodiemeeks"
"265",298,"Salah Mejri\mejrisa01","C",29,"DAL",34,6,397,4.4,7.1,0.628,0,0.1,0,4.4,7,0.636,2.4,4.2,0.587,3.7,7.4,11.2,0.9,0.7,3.3,2.1,4.9,11.3,"salahmejri"
"266",299,"Jordan Mickey\mickejo01","PF",21,"BOS",16,0,57,5.1,13.9,0.364,0,0,NA,5.1,13.9,0.364,3.2,6.3,0.5,3.8,4.4,8.2,0.6,0,6.9,0.6,3.2,13.3,"jordanmickey"
"267",300,"Khris Middleton\middlkh01","SG",24,"MIL",79,79,2852,6.4,14.4,0.444,1.8,4.6,0.396,4.6,9.9,0.466,3.5,3.9,0.888,0.6,3.3,3.8,4.2,1.7,0.2,2.3,2.6,18.1,"khrismiddleton"
"268",301,"C.J. Miles\milescj01","SF",28,"IND",64,24,1464,6.4,15.6,0.409,3.5,9.5,0.367,2.9,6.1,0.474,2.3,3,0.75,0.6,3.7,4.3,1.5,1.3,0.7,1.7,3.5,18.5,"cjmiles"
"269",303,"Mike Miller\millemi01","SF",35,"DEN",47,2,373,2.1,6,0.355,1.8,5,0.365,0.3,1,0.3,0,0,NA,0.6,4.5,5.1,3.9,1.3,0.4,1.6,5.1,6.1,"mikemiller"
"270",304,"Patty Mills\millspa02","PG",27,"SAS",81,3,1662,5.6,13.3,0.425,2.7,6.9,0.384,3,6.3,0.469,1,1.3,0.81,0.6,2.8,3.4,4.9,1.3,0.1,1.6,2.2,14.9,"pattymills"
"271",305,"Elijah Millsap\millsel01","SG",28,"UTA",20,0,173,2.3,8.1,0.282,0.2,2.5,0.083,2.1,5.6,0.37,2.7,3.7,0.722,1.2,6,7.3,4,1.5,0.6,1.9,6.9,7.5,"elijahmillsap"
"272",306,"Paul Millsap\millspa01","PF",30,"ATL",81,81,2647,6.8,14.5,0.47,1,3.2,0.319,5.8,11.3,0.512,4.2,5.5,0.757,2.7,7.3,10,3.6,2,1.9,2.6,3.2,18.8,"paulmillsap"
"273",307,"Nikola Mirotic\mirotni01","PF",24,"CHI",66,38,1646,5.4,13.3,0.407,3,7.6,0.39,2.5,5.8,0.43,3.2,4,0.807,1.3,6.6,7.9,2.2,1.3,1,2.2,3.3,17,"nikolamirotic"
"274",308,"Nazr Mohammed\mohamna01","C",38,"OKC",5,0,19,5.7,9.5,0.6,0,0,NA,5.7,9.5,0.6,3.8,3.8,1,1.9,5.7,7.6,0,0,0,5.7,7.6,15.2,"nazrmohammed"
"275",309,"Greg Monroe\monrogr01","C",25,"MIL",79,67,2314,7.6,14.6,0.522,0,0,0,7.6,14.6,0.522,3.5,4.8,0.74,3.4,7.4,10.8,2.8,1.1,1,2,2.5,18.8,"gregmonroe"
"276",310,"Luis Montero\montelu01","SG",22,"POR",12,0,42,4.3,16.3,0.263,0.9,7.7,0.111,3.4,8.6,0.4,2.6,3.4,0.75,0,3.4,3.4,0.9,0,0,3.4,0.9,12,"luismontero"
"277",311,"E'Twaun Moore\mooreet01","SG",26,"CHI",59,22,1263,5.3,11.1,0.481,1.3,3,0.452,4,8.1,0.491,0.6,1,0.629,0.5,3.2,3.8,2.8,1.1,0.5,1.5,2.9,12.6,"etwaunmoore"
"278",312,"Eric Moreland\moreler01","PF",24,"SAC",8,0,48,2.3,4.5,0.5,0,0,NA,2.3,4.5,0.5,1.5,3,0.5,2.3,6,8.2,0.7,0,3,2.3,3,6,"ericmoreland"
"279",313,"Marcus Morris\morrima03","SF",26,"DET",80,80,2856,5.2,11.9,0.434,1.4,3.8,0.362,3.8,8.2,0.467,2.6,3.4,0.749,1.1,3.9,5.1,2.5,0.8,0.3,1.8,2.1,14.3,"marcusmorris"
"280",315,"Anthony Morrow\morroan01","SG",30,"OKC",68,6,926,5.3,12.9,0.408,3.1,7.9,0.387,2.2,5,0.442,1.1,1.5,0.744,0.4,2,2.4,0.9,0.9,0.2,0.7,2.5,14.8,"anthonymorrow"
"281",316,"Donatas Motiejunas\motiedo01","PF",25,"HOU",37,22,547,5.9,13.5,0.439,1.1,3.8,0.281,4.9,9.7,0.5,2.2,3.5,0.642,2.4,4.7,7.2,2.7,1.1,0.3,2.9,4.5,15.1,"donatasmotiejunas"
"282",317,"Timofey Mozgov\mozgoti01","C",29,"CLE",76,48,1326,5.5,9.7,0.565,0,0.2,0.143,5.5,9.6,0.574,1.8,2.6,0.716,3,6.2,9.1,0.9,0.6,1.5,1.9,4.3,12.9,"timofeymozgov"
"283",318,"Emmanuel Mudiay\mudiaem01","PG",19,"DEN",68,66,2068,5.7,15.8,0.364,1.3,4,0.319,4.4,11.7,0.379,2.4,3.6,0.67,0.6,3.5,4,6.5,1.1,0.6,3.8,2.5,15.2,"emmanuelmudiay"
"284",319,"Shabazz Muhammad\muhamsh01","SF",23,"MIN",82,0,1682,6.8,14.6,0.465,0.9,3.3,0.289,5.8,11.3,0.516,4,5.2,0.764,2.1,3.6,5.7,1.1,0.5,0.1,1.5,2,18.5,"shabazzmuhammad"
"285",320,"Xavier Munford\munfoxa02","SG",23,"MEM",14,0,244,4.7,11.4,0.416,1.3,3.4,0.391,3.4,8,0.426,1,2.1,0.5,0.4,4.1,4.6,3.2,1.9,0.4,2.2,3.7,11.8,"xaviermunford"
"286",321,"Mike Muscala\muscami01","C",24,"ATL",60,0,565,4.8,9.7,0.5,0.8,2.5,0.308,4.1,7.2,0.566,2,2.5,0.795,2.4,5,7.5,2.2,0.8,1.7,1.7,4.6,12.4,"mikemuscala"
"287",322,"Larry Nance Jr.\nancela02","PF",23,"LAL",63,22,1266,4.5,8.5,0.527,0,0.3,0.1,4.5,8.2,0.541,0.9,1.3,0.681,2.9,6,8.9,1.3,1.5,0.7,1.2,3.5,9.9,"larrynancejr"
"288",323,"Shabazz Napier\napiesh01","PG",24,"ORL",55,0,600,4.1,12.1,0.338,2,6.2,0.327,2,5.8,0.351,2,2.7,0.733,0.5,2.8,3.3,5.8,1.4,0.1,2.8,2.3,12.2,"shabazznapier"
"289",324,"Gary Neal\nealga01","SG",31,"WAS",40,2,807,6.7,14.5,0.465,1.8,4.5,0.41,4.9,10,0.489,2.1,2.5,0.855,0.5,3.2,3.7,2.1,0.9,0,1.3,2.5,17.4,"garyneal"
"290",325,"Jameer Nelson\nelsoja01","PG",33,"DEN",39,15,1036,3.9,10.7,0.368,1.5,5,0.299,2.4,5.7,0.429,1,1.2,0.857,0.7,3.3,4,6.6,0.9,0.2,2.3,3.5,10.4,"jameernelson"
"291",326,"Raul Neto\netora01","PG",23,"UTA",81,53,1499,4.3,10,0.431,1.5,3.9,0.395,2.8,6.1,0.453,1.2,1.7,0.743,0.4,2.5,2.9,4.2,1.5,0,2.6,2.9,11.4,"raulneto"
"292",327,"Andrew Nicholson\nichoan01","PF",26,"ORL",56,0,823,6.4,13.6,0.471,1.8,5,0.36,4.6,8.6,0.536,2.2,2.8,0.785,1.5,7.3,8.8,1.1,0.4,1,1.8,3,16.8,"andrewnicholson"
"293",328,"Joakim Noah\noahjo01","C",30,"CHI",29,2,635,2.9,7.5,0.383,0,0.1,0,2.9,7.5,0.386,1.2,2.6,0.489,4.9,9.5,14.5,6.2,1,1.6,2.9,4.4,7,"joakimnoah"
"294",329,"Nerlens Noel\noelne01","C",21,"PHI",67,62,1965,5.6,10.8,0.521,0,0,0.5,5.6,10.7,0.521,2.5,4.2,0.59,2.8,7.1,9.9,2.2,2.2,1.8,2.9,3.5,13.7,"nerlensnoel"
"295",330,"Lucas Nogueira\noguelu01","C",23,"TOR",29,1,225,4.5,7,0.636,0.2,0.5,0.333,4.3,6.6,0.659,1.3,2.4,0.533,2.9,4.5,7.4,1.1,1.9,1.9,1.8,4.6,10.4,"lucasnogueira"
"296",332,"Dirk Nowitzki\nowitdi01","PF",37,"DAL",75,75,2364,7.6,16.9,0.448,1.9,5.2,0.368,5.7,11.7,0.483,3.8,4.3,0.893,0.8,6.7,7.4,2,0.8,0.8,1.3,2.5,20.9,"dirknowitzki"
"297",333,"Jusuf Nurkic\nurkiju01","C",21,"DEN",32,3,547,6.6,15.9,0.417,0,0.2,0,6.6,15.7,0.423,4,6.5,0.616,4.3,7.2,11.5,2.6,1.6,2.9,3.6,6,17.3,"jusufnurkic"
"298",334,"J.J. O'Brien\obriejj01","SF",23,"UTA",2,0,6,0,6,0,0,0,NA,0,6,0,0,0,NA,0,6,6,0,6,0,0,6,0,"jjobrien"
"299",335,"Johnny O'Bryant\obryajo01","PF",22,"MIL",66,4,857,3.6,8.8,0.411,0,0,1,3.6,8.7,0.409,1.1,1.7,0.675,2.7,4.7,7.4,1.3,0.8,0.3,1.3,4.2,8.4,"johnnyobryant"
"300",336,"Kyle O'Quinn\oquinky01","PF",25,"NYK",65,1,764,6.1,12.8,0.476,0.2,1,0.227,5.8,11.7,0.498,2.2,2.8,0.767,3.6,8.2,11.8,3.4,0.9,2.3,2.9,5,14.6,"kyleoquinn"
"301",337,"Jahlil Okafor\okafoja01","C",20,"PHI",53,48,1591,9,17.7,0.508,0,0.1,0.167,9,17.5,0.511,3,4.4,0.686,2.8,5.7,8.4,1.5,0.5,1.4,2.8,3.2,21,"jahlilokafor"
"302",338,"Victor Oladipo\oladivi01","SG",23,"ORL",72,52,2379,6.4,14.7,0.438,1.5,4.3,0.348,4.9,10.4,0.475,3.1,3.7,0.83,0.7,4.5,5.2,4.3,1.8,0.8,2.3,2.6,17.4,"victoroladipo"
"303",339,"Kelly Olynyk\olynyke01","C",24,"BOS",69,8,1395,6.5,14.3,0.455,2.2,5.4,0.405,4.3,8.9,0.486,2.5,3.3,0.75,1.9,5.4,7.3,2.7,1.3,0.9,1.9,4.2,17.7,"kellyolynyk"
"304",340,"Kelly Oubre\oubreke01","SF",20,"WAS",63,9,671,4.8,11.3,0.427,1.3,4.2,0.316,3.5,7.1,0.492,1.7,2.6,0.633,1.3,5.8,7.1,0.7,1.2,0.4,1.8,5.4,12.7,"kellyoubre"
"305",341,"Zaza Pachulia\pachuza01","C",31,"DAL",76,69,2004,3.9,8.4,0.466,0,0.1,0,3.9,8.4,0.469,3.8,5,0.768,4.5,8.4,12.9,2.3,1.1,0.4,2.1,3.3,11.7,"zazapachulia"
"306",342,"Kostas Papanikolaou\papanko01","SF",25,"DEN",26,6,294,2.9,8.1,0.364,1.2,3.9,0.313,1.7,4.2,0.412,1.1,1.7,0.643,1,3.9,4.9,2,1.6,0.6,2.6,2.9,8.2,"kostaspapanikolaou"
"307",343,"Jabari Parker\parkeja01","PF",20,"MIL",76,72,2408,6.6,13.4,0.493,0.1,0.5,0.257,6.5,12.9,0.502,2.6,3.4,0.768,1.8,4.1,5.9,1.9,1,0.4,1.7,2.3,16,"jabariparker"
"308",344,"Tony Parker\parketo01","PG",33,"SAS",72,72,1980,6.4,12.9,0.493,0.5,1.2,0.415,5.9,11.7,0.501,2.4,3.1,0.76,0.3,2.9,3.2,6.9,1,0.2,2.4,2.1,15.6,"tonyparker"
"309",345,"Chandler Parsons\parsoch01","SF",27,"DAL",61,51,1799,6.4,13,0.492,2.1,5,0.414,4.3,8,0.54,1.9,2.7,0.684,0.6,5.1,5.7,3.4,0.9,0.4,1.9,2.3,16.7,"chandlerparsons"
"310",346,"Lamar Patterson\pattela01","SG",24,"ATL",35,0,395,2.6,7.3,0.35,1.1,4.5,0.245,1.5,2.8,0.516,1.5,2,0.727,0.4,4.2,4.6,3.6,0.8,0.2,2.1,4.1,7.7,"lamarpatterson"
"311",347,"Patrick Patterson\pattepa01","PF",26,"TOR",79,0,2020,3.6,8.8,0.414,1.9,5.2,0.362,1.7,3.6,0.49,0.5,0.6,0.853,1.4,4.7,6.1,1.7,0.9,0.6,1.2,2.3,9.7,"patrickpatterson"
"312",348,"Chris Paul\paulch01","PG",30,"LAC",74,74,2420,7.7,16.6,0.462,1.8,4.9,0.371,5.8,11.7,0.501,4.4,4.9,0.896,0.6,4,4.6,11,2.3,0.2,2.9,2.8,21.5,"chrispaul"
"313",349,"Adreian Payne\paynead01","PF",24,"MIN",52,2,486,3.9,10.7,0.366,0.7,2.4,0.281,3.3,8.4,0.389,1.3,1.9,0.654,1.5,6.7,8.2,2.1,1.2,0.8,2.7,5.7,9.8,"adreianpayne"
"314",350,"Cameron Payne\payneca01","PG",21,"OKC",57,1,698,5.9,14.3,0.41,1.9,5.7,0.324,4,8.6,0.467,1,1.2,0.792,0.5,3.9,4.4,5.6,1.9,0.3,2.3,4.1,14.6,"cameronpayne"
"315",351,"Elfrid Payton\paytoel01","PG",21,"ORL",73,69,2145,5.3,12.3,0.436,0.5,1.5,0.326,4.8,10.7,0.451,1.9,3.2,0.589,1.3,3.1,4.4,7.9,1.5,0.3,3,2.7,13.1,"elfridpayton"
"316",352,"Nikola Pekovic\pekovni01","C",30,"MIN",12,3,156,4.4,11.5,0.38,0,0,NA,4.4,11.5,0.38,3.7,4.6,0.8,1.6,3.2,4.8,2.5,0.2,0,2.1,5.1,12.5,"nikolapekovic"
"317",353,"Kendrick Perkins\perkike01","C",31,"NOP",37,5,542,2.7,5,0.533,0,0,NA,2.7,5,0.533,0.7,1.7,0.44,1.7,6.8,8.5,2.1,0.7,0.7,2.7,4.3,6,"kendrickperkins"
"318",354,"Paul Pierce\piercpa01","SF",38,"LAC",68,38,1231,4.2,11.6,0.363,2.2,7.1,0.31,2,4.5,0.445,1.6,1.9,0.818,0.4,5.1,5.4,2.1,1,0.5,1.7,3.8,12.2,"paulpierce"
"319",355,"Tibor Pleiss\pleisti01","C",26,"UTA",12,0,82,4.8,11,0.44,0,0.9,0,4.8,10.1,0.478,0.9,0.9,1,2.6,4,6.6,0.9,0.4,0.9,3.5,8.3,10.5,"tiborpleiss"
"320",356,"Mason Plumlee\plumlma01","C",25,"POR",82,82,2084,4.6,8.9,0.516,0,0.1,0,4.6,8.9,0.52,3.7,5.8,0.642,3.5,7.4,10.8,3.9,1.2,1.5,2.7,4.4,12.9,"masonplumlee"
"321",357,"Miles Plumlee\plumlmi01","C",27,"MIL",61,14,870,5.8,9.6,0.601,0,0,NA,5.8,9.6,0.601,1.4,2.4,0.576,3.9,5.7,9.6,0.7,0.9,2.1,1.7,3,13,"milesplumlee"
"322",358,"Otto Porter\porteot01","SF",22,"WAS",75,73,2276,5.4,11.3,0.473,1.6,4.2,0.367,3.8,7.1,0.536,1.5,2,0.754,1.5,4.7,6.2,1.9,1.7,0.5,1.1,2.6,13.8,"ottoporter"
"323",359,"Bobby Portis\portibo01","PF",20,"CHI",62,4,1102,6.1,14.2,0.427,0.5,1.7,0.308,5.6,12.5,0.443,1.6,2.2,0.727,4,7,11,1.7,0.8,0.7,1.8,3.3,14.2,"bobbyportis"
"324",360,"Kristaps Porzingis\porzikr01","PF",20,"NYK",72,72,2047,6.6,15.6,0.421,1.4,4.3,0.333,5.1,11.3,0.454,3.5,4.2,0.838,2.3,6.9,9.3,1.7,0.9,2.4,2.1,3.6,18.1,"kristapsporzingis"
"325",361,"Dwight Powell\poweldw01","PF",24,"DAL",69,2,992,5.3,10.7,0.493,0.1,0.6,0.125,5.2,10.2,0.514,3.8,5.2,0.739,3,6.9,9.9,1.6,1.3,0.9,1.5,4.3,14.5,"dwightpowell"
"326",362,"Norman Powell\powelno01","SG",22,"TOR",49,24,725,4.8,11.4,0.424,1.8,4.4,0.404,3,7,0.436,2.1,2.6,0.811,0.8,4.7,5.5,2.3,1.4,0.5,1.6,2.9,13.6,"normanpowell"
"327",364,"Ronnie Price\pricero01","PG",32,"PHO",62,18,1211,3.4,9,0.384,2,5.8,0.347,1.4,3.2,0.453,0.9,1.2,0.756,0.7,2.2,2.9,4.4,2.2,0.4,2.1,4.8,9.8,"ronnieprice"
"328",365,"Pablo Prigioni\prigipa01","PG",38,"LAC",59,3,823,2.4,6.4,0.374,1.2,4.2,0.295,1.2,2.3,0.519,0.3,0.3,0.875,1.7,3.3,5,5.7,2.3,0,2.1,3.6,6.3,"pabloprigioni"
"329",366,"Tayshaun Prince\princta01","SF",35,"MIN",77,44,1462,2.5,5.6,0.445,0.1,0.6,0.174,2.4,5.1,0.476,0.3,0.5,0.684,0.8,2.8,3.6,1.8,0.9,0.3,0.7,1.5,5.4,"tayshaunprince"
"330",367,"Julius Randle\randlju01","PF",21,"LAL",81,60,2286,5.6,13.1,0.429,0.2,0.6,0.278,5.5,12.6,0.436,3,4.3,0.715,2.7,10.3,13.1,2.3,0.8,0.5,2.3,3.8,14.5,"juliusrandle"
"331",368,"Zach Randolph\randoza01","PF",34,"MEM",68,53,2016,7.7,16.2,0.475,0.1,0.5,0.231,7.6,15.7,0.482,3.1,3.9,0.796,3.2,6.2,9.4,2.5,0.8,0.2,1.9,2.6,18.6,"zachrandolph"
"332",369,"J.J. Redick\redicjj01","SG",31,"LAC",75,75,2097,7.2,15.1,0.48,3.4,7.2,0.475,3.8,7.9,0.484,3.1,3.5,0.888,0.2,2.2,2.4,1.8,0.7,0.1,1.3,2.3,21,"jjredick"
"333",370,"Willie Reed\reedwi02","C",25,"BRK",39,2,426,6.4,11.2,0.571,0,0,NA,6.4,11.2,0.571,2.5,4.6,0.545,4.1,6.2,10.3,0.8,0.5,2.5,1.4,4,15.4,"williereed"
"334",371,"Josh Richardson\richajo01","SG",22,"MIA",52,2,1107,4,8.8,0.452,1.7,3.7,0.461,2.3,5.1,0.446,1.4,2,0.667,0.7,2.8,3.5,2.4,1.2,0.8,1.1,3.5,11.1,"joshrichardson"
"335",372,"Austin Rivers\riverau01","SG",23,"LAC",67,7,1464,5.6,12.7,0.438,1.5,4.5,0.335,4,8.1,0.495,1.9,2.9,0.681,0.5,2.7,3.2,2.4,1.2,0.2,1.5,3.4,14.6,"austinrivers"
"336",373,"Andre Roberson\roberan03","SG",24,"OKC",70,70,1553,3.2,6.4,0.496,0.7,2.4,0.311,2.4,4,0.608,0.8,1.3,0.611,1.8,4,5.8,1.1,1.2,1,0.8,3.1,7.8,"andreroberson"
"337",375,"Glenn Robinson\robingl02","SF",22,"IND",45,4,508,4.6,10.7,0.43,1,2.6,0.378,3.6,8.1,0.447,1.9,2.8,0.692,0.9,4,4.8,1.8,1.2,0.6,1.3,1.5,12.1,"glennrobinson"
"338",376,"Nate Robinson\robinna01","PG",31,"NOP",2,1,23,0,1.6,0,0,1.6,0,0,0,NA,0,0,NA,0,0,0,6.3,1.6,0,0,7.8,0,"naterobinson"
"339",377,"Thomas Robinson\robinth01","PF",24,"BRK",71,7,917,5.1,11.4,0.447,0,0,0,5.1,11.4,0.448,1.8,4.3,0.431,5.3,8.8,14.1,1.8,1.5,1.4,2.7,4.4,12.1,"thomasrobinson"
"340",378,"Rajon Rondo\rondora01","PG",29,"SAC",72,72,2537,5,11.1,0.454,0.9,2.4,0.365,4.2,8.7,0.479,1.2,2.1,0.58,1.1,5.1,6.2,11.9,2,0.1,3.9,2.5,12.2,"rajonrondo"
"341",379,"Derrick Rose\rosede01","PG",27,"CHI",66,66,2097,7.7,18,0.427,0.8,2.6,0.293,6.9,15.4,0.449,2.4,3.1,0.793,0.8,3.1,3.9,5.3,0.8,0.2,3,1.4,18.5,"derrickrose"
"342",380,"Terrence Ross\rosste01","SF",24,"TOR",73,7,1747,5.6,12.9,0.431,2.7,7,0.386,2.9,5.9,0.484,1,1.3,0.79,0.4,3.4,3.8,1.2,1.1,0.5,0.9,2.5,14.8,"terrenceross"
"343",381,"Terry Rozier\roziete01","PG",21,"BOS",39,0,311,3.4,12.3,0.274,0.7,3.1,0.222,2.7,9.1,0.291,0.9,1.2,0.8,2.8,4.5,7.3,4.3,0.7,0.1,2.2,2.7,8.3,"terryrozier"
"344",382,"Ricky Rubio\rubiori01","PG",25,"MIN",76,76,2323,3.4,9.1,0.374,1,2.9,0.326,2.4,6.1,0.396,4.1,4.9,0.847,0.6,4.4,5.1,10.2,2.5,0.2,3,3.1,11.9,"rickyrubio"
"345",383,"Damjan Rudez\rudezda01","SF",29,"MIN",33,0,277,3.2,8.1,0.403,2.2,6.5,0.34,1,1.6,0.667,1,1,1,0.6,1.9,2.6,1.4,0.4,0.1,1.7,4.3,9.7,"damjanrudez"
"346",384,"Brandon Rush\rushbr01","SG",30,"GSW",72,25,1055,3.8,8.9,0.427,2.2,5.4,0.414,1.6,3.5,0.447,0.6,1,0.643,0.7,5.5,6.2,1.9,0.7,0.8,1.1,1.9,10.4,"brandonrush"
"347",385,"D'Angelo Russell\russeda01","PG",19,"LAL",80,48,2259,6.2,15.2,0.41,2.1,5.9,0.351,4.2,9.3,0.447,2.2,3,0.737,0.7,3.6,4.4,4.2,1.5,0.2,3.1,2.3,16.8,"dangelorussell"
"348",386,"Robert Sacre\sacrero01","C",26,"LAL",25,1,320,3.5,8.4,0.413,0,0,NA,3.5,8.4,0.413,2.8,4.3,0.658,3.6,4.5,8.1,1.6,0.5,1.1,1.4,4.8,9.8,"robertsacre"
"349",388,"Dennis Schroder\schrode01","PG",22,"ATL",80,6,1621,7.3,17.3,0.421,1.7,5.3,0.322,5.6,12,0.465,3.2,4,0.791,0.6,4,4.5,7.8,1.6,0.2,4.1,3.1,19.5,"dennisschroder"
"350",389,"Luis Scola\scolalu01","PF",35,"TOR",76,76,1636,5.9,13.2,0.45,1.4,3.5,0.404,4.5,9.6,0.467,1.3,1.8,0.726,1.8,6.1,7.9,1.5,1,0.6,1.5,3.9,14.6,"luisscola"
"351",390,"Mike Scott\scottmi01","PF",27,"ATL",75,0,1146,5.5,11.8,0.468,1.9,5,0.392,3.6,6.8,0.523,1.6,2,0.794,1.7,4.8,6.5,2.5,0.8,0.5,1.3,3.2,14.6,"mikescott"
"352",391,"Thabo Sefolosha\sefolth01","SF",31,"ATL",75,11,1758,3.8,7.6,0.505,0.9,2.5,0.339,3,5.1,0.589,1.3,2,0.626,1.1,5.8,6.8,2.2,1.7,0.8,1.4,2.2,9.8,"thabosefolosha"
"353",392,"Kevin Seraphin\serapke01","C",26,"NYK",48,0,526,5.7,14,0.41,0,0.1,0,5.7,13.9,0.414,1.3,1.6,0.826,2.1,6.5,8.6,3.2,0.5,2.5,2.9,4.6,12.8,"kevinseraphin"
"354",393,"Ramon Sessions\sessira01","PG",29,"WAS",82,5,1667,6,12.8,0.473,0.8,2.4,0.324,5.3,10.4,0.507,4.6,6.1,0.756,0.5,3.8,4.4,5.2,1,0.1,2.5,2.2,17.5,"ramonsessions"
"355",394,"Iman Shumpert\shumpim01","SG",25,"CLE",54,5,1316,3.1,8.3,0.374,1.2,4,0.295,1.9,4.3,0.447,1.1,1.4,0.784,0.9,4.7,5.6,2.5,1.5,0.5,1.6,3.3,8.5,"imanshumpert"
"356",395,"Jonathon Simmons\simmojo02","SG",26,"SAS",55,2,813,5.4,10.7,0.504,0.8,2.1,0.383,4.6,8.6,0.533,3.1,4.1,0.75,0.7,3.5,4.3,2.6,1.1,0.2,2.3,4.6,14.7,"jonathonsimmons"
"357",396,"Henry Sims\simshe01","C",25,"BRK",14,4,263,4.5,10.5,0.429,0,0,NA,4.5,10.5,0.429,3.4,4.1,0.833,2.9,7,9.9,1.2,1.2,1.9,1.6,5.1,12.5,"henrysims"
"358",397,"Kyle Singler\singlky01","SF",27,"OKC",68,2,977,3.2,8.1,0.389,1.1,3.6,0.309,2.1,4.6,0.452,1.1,1.6,0.659,1.8,3.4,5.2,0.9,1.1,0.3,1.2,4.4,8.5,"kylesingler"
"359",398,"Donald Sloan\sloando01","PG",28,"BRK",61,33,1318,4.2,9.6,0.44,1,2.7,0.384,3.2,6.9,0.462,2.1,2.8,0.75,0.5,4.3,4.7,7.3,0.9,0.1,2.2,2,11.6,"donaldsloan"
"360",399,"Marcus Smart\smartma01","PG",21,"BOS",61,10,1667,4,11.4,0.348,1.3,5.2,0.253,2.7,6.2,0.427,2.8,3.6,0.777,1.6,3.9,5.5,4,2,0.4,1.7,4,12.1,"marcussmart"
"361",400,"Greg Smith\smithgr02","PF",25,"MIN",18,0,192,3.4,6,0.563,0,0,NA,3.4,6,0.563,1.3,3.2,0.412,2.3,5.6,7.9,1.1,0.7,0.2,1.3,5.2,8.1,"gregsmith"
"362",402,"J.R. Smith\smithjr01","SG",30,"CLE",77,77,2362,5.4,13,0.415,3.1,7.8,0.4,2.3,5.2,0.438,0.7,1.1,0.634,0.7,2.7,3.3,2,1.2,0.3,0.9,3.1,14.6,"jrsmith"
"363",403,"Jason Smith\smithja02","C",29,"ORL",76,2,1181,7.4,15.3,0.485,0.1,0.5,0.25,7.3,14.8,0.493,1.6,2,0.806,1.6,5.1,6.7,1.9,1,2,1.7,5,16.6,"jasonsmith"
"364",405,"Russ Smith\smithru01","PG",24,"MEM",15,0,66,3.8,12,0.318,0.5,2.7,0.2,3.3,9.3,0.353,4.4,7.1,0.615,0.5,4.4,4.9,6,2.7,0.5,3.8,2.7,12.5,"russsmith"
"365",406,"Tony Snell\snellto01","SF",24,"CHI",64,33,1301,3.5,9.4,0.372,1.5,4.3,0.361,1.9,5.1,0.38,0.8,0.9,0.909,0.5,5,5.5,1.7,0.4,0.5,1.4,2.8,9.4,"tonysnell"
"366",407,"Marreese Speights\speigma01","C",28,"GSW",72,0,832,8.5,19.7,0.432,1,2.7,0.387,7.5,17,0.439,4.1,4.9,0.825,3.3,7,10.3,2.6,0.8,1.5,2.9,5.1,22.2,"marreesespeights"
"367",408,"Tiago Splitter\splitti01","C",31,"ATL",36,2,579,5,9.6,0.523,0,0.1,0,5,9.5,0.529,2.4,3,0.813,2.8,4.7,7.5,1.9,1.2,0.7,1.5,4.4,12.5,"tiagosplitter"
"368",409,"Nik Stauskas\stausni01","SG",22,"PHI",73,35,1809,4.2,10.8,0.385,2.1,6.5,0.326,2.1,4.4,0.473,1.8,2.3,0.771,0.5,3.2,3.6,2.7,0.9,0.4,1.9,2.3,12.3,"nikstauskas"
"369",413,"Amar'e Stoudemire\stoudam01","C",33,"MIA",52,36,762,5.9,10.4,0.566,0,0,NA,5.9,10.4,0.566,2.4,3.2,0.746,3.1,7.4,10.5,1.3,0.9,1.9,2.2,4.3,14.2,"amarestoudemire"
"370",414,"Rodney Stuckey\stuckro01","PG",29,"IND",58,1,1275,5.2,12.5,0.413,0.6,2.3,0.241,4.6,10.2,0.453,3.7,4.5,0.829,0.5,3.9,4.4,4,1.2,0.2,2.1,2.2,14.6,"rodneystuckey"
"371",415,"Jared Sullinger\sullija01","PF",23,"BOS",81,73,1915,6.6,15.2,0.435,0.5,1.9,0.282,6.1,13.2,0.458,1.9,3,0.64,3.6,9,12.7,3.5,1.4,0.9,1.9,3.9,15.7,"jaredsullinger"
"372",416,"Edy Tavares\tavarwa01","C",23,"ATL",11,0,73,5.4,9.4,0.579,0,0,NA,5.4,9.4,0.579,1.5,3.9,0.375,3.5,6.9,10.4,1.5,0.5,3,2.5,3.9,12.3,"edytavares"
"373",417,"Jeff Teague\teaguje01","PG",27,"ATL",79,78,2255,6.9,15.8,0.439,1.8,4.4,0.4,5.2,11.4,0.454,4.2,5,0.837,0.5,2.9,3.4,7.5,1.5,0.4,3.5,2.7,19.8,"jeffteague"
"374",418,"Mirza Teletovic\teletmi01","PF",30,"PHO",79,1,1686,7.1,16.6,0.427,3.9,9.8,0.393,3.2,6.8,0.476,2.6,3.3,0.774,1.2,5.3,6.4,1.9,0.7,0.4,1.8,3.4,20.6,"mirzateletovic"
"375",419,"Garrett Temple\templga01","SF",29,"WAS",80,43,1951,3.7,9.3,0.398,1.6,4.8,0.345,2.1,4.6,0.453,1.7,2.3,0.728,0.7,3.2,3.9,2.6,1.3,0.3,1.2,3.6,10.7,"garretttemple"
"376",420,"Jason Terry\terryja01","SG",38,"HOU",72,7,1258,4.3,10.8,0.402,2.7,7.5,0.356,1.7,3.3,0.504,0.8,0.9,0.818,0.4,1.9,2.3,2.9,1.3,0.3,1.4,2.6,12.1,"jasonterry"
"377",421,"Isaiah Thomas\thomais02","PG",26,"BOS",82,79,2644,8,18.8,0.428,2.3,6.3,0.359,5.8,12.5,0.462,6.5,7.4,0.871,0.6,2.7,3.3,6.9,1.2,0.1,3,2.3,24.8,"isaiahthomas"
"378",422,"Lance Thomas\thomala01","PF",27,"NYK",59,5,1313,4.6,10.5,0.442,1.2,3,0.404,3.4,7.5,0.458,2.8,3.3,0.857,0.9,2.7,3.6,1.5,0.6,0.2,1.6,3,13.3,"lancethomas"
"379",423,"Hollis Thompson\thompho01","SG",24,"PHI",77,17,2154,4.5,11.4,0.397,2.5,6.6,0.38,2,4.8,0.42,1.2,1.6,0.719,0.9,3.6,4.5,1.7,0.6,0.4,1.3,3.1,12.7,"hollisthompson"
"380",425,"Klay Thompson\thompkl01","SG",25,"GSW",80,80,2666,8.8,18.7,0.47,3.7,8.8,0.425,5.1,9.9,0.51,2.6,3,0.873,0.5,3.7,4.1,2.2,0.8,0.7,1.9,2.1,23.9,"klaythompson"
"381",426,"Tristan Thompson\thomptr01","PF",24,"CLE",82,34,2269,3.9,6.7,0.588,0,0,NA,3.9,6.7,0.588,2.4,3.8,0.616,4.3,7.5,11.7,1,0.6,0.8,1,3.2,10.2,"tristanthompson"
"382",428,"Anthony Tolliver\tollian01","PF",30,"DET",72,5,1341,3.4,8.9,0.386,2.6,7.3,0.36,0.8,1.6,0.5,0.8,1.3,0.617,1,5.1,6.1,1.4,0.7,0.4,0.8,2.3,10.3,"anthonytolliver"
"383",429,"Axel Toupane\toupaax01","SF",23,"DEN",21,0,305,3,8.3,0.357,1.5,4.7,0.325,1.4,3.5,0.4,1.5,2,0.765,0.9,2.7,3.7,1.8,0.8,0.7,0.7,4.7,9,"axeltoupane"
"384",430,"Karl-Anthony Towns\townska01","C",20,"MIN",82,82,2627,8.6,15.8,0.542,0.4,1.2,0.341,8.2,14.6,0.559,3.1,3.8,0.811,3.1,8.6,11.8,2.2,0.8,1.9,2.5,3.4,20.6,"karlanthonytowns"
"385",431,"P.J. Tucker\tuckepj01","SF",30,"PHO",82,80,2540,3.4,8.2,0.411,1,2.9,0.33,2.4,5.3,0.455,1.5,2,0.746,2.3,4.9,7.3,2.5,1.5,0.3,1.6,2.9,9.2,"pjtucker"
"386",432,"Evan Turner\turneev01","SG",27,"BOS",81,12,2271,5.4,11.9,0.456,0.3,1.3,0.241,5.1,10.6,0.482,2.3,2.8,0.827,0.8,5.5,6.3,5.7,1.3,0.4,2.7,2.2,13.5,"evanturner"
"387",433,"Myles Turner\turnemy01","C",19,"IND",60,30,1367,7,14,0.498,0.1,0.4,0.214,6.9,13.6,0.506,2.3,3.2,0.727,1.8,7,8.7,1.1,0.7,2.3,1.8,4.2,16.3,"mylesturner"
"388",435,"Jonas Valanciunas\valanjo01","C",23,"TOR",60,59,1557,7,12.4,0.565,0,0,NA,7,12.4,0.565,3.7,4.9,0.761,4.3,8.4,12.6,1,0.6,1.8,2,3.7,17.8,"jonasvalanciunas"
"389",437,"Greivis Vasquez\vasqugr01","PG",29,"MIL",23,0,460,3.5,10.8,0.326,1.4,5.7,0.247,2.1,5.1,0.415,1.7,2,0.846,0.4,3.3,3.7,7.1,0.8,0,3.1,3.3,10.2,"greivisvasquez"
"390",438,"Rashad Vaughn\vaughra01","SG",19,"MIL",70,6,1001,2.9,9.6,0.305,1.5,5.3,0.293,1.4,4.3,0.319,0.4,0.5,0.8,0.4,2.8,3.2,1.4,1,0.6,1,2.6,7.8,"rashadvaughn"
"391",439,"Charlie Villanueva\villach01","PF",31,"DAL",62,4,665,6.8,17.7,0.382,2.5,9.3,0.273,4.2,8.4,0.503,1.2,1.3,0.917,1.3,6.9,8.2,1.3,1,0.8,1.7,3.8,17.3,"charlievillanueva"
"392",440,"Noah Vonleh\vonleno01","PF",20,"POR",78,56,1174,3.6,8.5,0.421,0.3,1.4,0.239,3.3,7.1,0.457,1.2,1.6,0.745,2.8,6.6,9.4,0.9,0.8,0.8,1.5,4.7,8.7,"noahvonleh"
"393",441,"Nikola Vucevic\vucevni01","C",25,"ORL",65,60,2037,9.4,18.5,0.51,0,0.2,0.222,9.4,18.3,0.512,2,2.7,0.753,3.1,7.1,10.2,3.2,0.9,1.2,2.2,3.1,20.9,"nikolavucevic"
"394",442,"Sasha Vujacic\vujacsa01","SG",31,"NYK",61,25,908,4.2,11,0.383,2.1,5.7,0.364,2.1,5.3,0.403,1.3,1.5,0.821,1,4.9,5.9,3.3,1.3,0.2,1.7,3.3,11.7,"sashavujacic"
"395",443,"Dwyane Wade\wadedw01","SG",34,"MIA",74,73,2258,8.6,18.9,0.456,0.1,0.7,0.159,8.5,18.2,0.468,5.1,6.5,0.793,1.3,3.5,4.8,5.5,1.3,0.7,3.2,1.8,22.5,"dwyanewade"
"396",444,"Dion Waiters\waitedi01","SG",24,"OKC",78,15,2152,4.7,11.8,0.399,1.4,4,0.358,3.3,7.8,0.421,1.9,2.6,0.713,0.6,2.8,3.4,2.6,1.4,0.3,2,2.4,12.7,"dionwaiters"
"397",445,"Kemba Walker\walkeke02","PG",25,"CHO",81,81,2885,7.1,16.6,0.427,2.3,6.1,0.371,4.8,10.5,0.459,4.6,5.5,0.847,0.7,3.8,4.5,5.3,1.6,0.5,2.1,1.4,21.1,"kembawalker"
"398",446,"John Wall\walljo01","PG",25,"WAS",77,77,2784,7.4,17.4,0.424,1.5,4.2,0.351,5.9,13.2,0.448,3.5,4.4,0.791,0.5,4.4,4.9,10.2,1.9,0.8,4.1,2.1,19.8,"johnwall"
"399",447,"T.J. Warren\warretj01","SF",22,"PHO",47,4,1070,7.4,14.8,0.501,0.9,2.4,0.4,6.5,12.5,0.52,1.5,2.2,0.703,1.9,3,4.9,1.5,1.2,0.5,1.1,3.2,17.3,"tjwarren"
"400",448,"C.J. Watson\watsocj01","PG",31,"ORL",33,2,656,2.6,7.5,0.343,0.8,2.6,0.292,1.8,4.9,0.371,1.9,2.1,0.872,0.5,3.1,3.6,4.8,1,0.3,1.4,2.7,7.8,"cjwatson"
"401",451,"David West\westda01","PF",35,"SAS",78,19,1404,6.3,11.5,0.545,0.1,0.2,0.429,6.2,11.3,0.546,1.6,2.1,0.788,1.8,6.1,7.9,3.7,1.1,1.4,1.7,3.6,14.2,"davidwest"
"402",452,"Russell Westbrook\westbru01","PG",27,"OKC",80,80,2750,8.6,18.9,0.454,1.3,4.5,0.296,7.3,14.4,0.503,6.1,7.5,0.812,1.9,6.3,8.2,10.9,2.1,0.3,4.5,2.6,24.6,"russellwestbrook"
"403",453,"Hassan Whiteside\whiteha01","C",26,"MIA",73,43,2125,7,11.6,0.606,0,0,NA,7,11.6,0.606,3.6,5.6,0.65,4,10.6,14.7,0.5,0.7,4.6,2.3,3.4,17.6,"hassanwhiteside"
"404",454,"Shayne Whittington\whittsh01","PF",24,"IND",7,0,41,4.4,9.7,0.455,0,1.8,0,4.4,7.9,0.556,0.9,1.8,0.5,4.4,6.1,10.5,2.6,0.9,0.9,4.4,6.1,9.7,"shaynewhittington"
"405",455,"Andrew Wiggins\wiggian01","SF",20,"MIN",81,81,2845,7.5,16.4,0.459,0.7,2.4,0.3,6.8,14,0.486,5.4,7.1,0.761,1.3,2.4,3.7,2.1,1,0.6,2.3,2.1,21.2,"andrewwiggins"
"406",456,"C.J. Wilcox\wilcocj01","SG",25,"LAC",23,0,167,5.6,14.2,0.394,1.9,5,0.391,3.7,9.3,0.395,1.9,2.6,0.75,0.2,2.4,2.6,2.2,2.2,0.4,0.4,3.2,15.1,"cjwilcox"
"407",457,"Alan Williams\willial03","PF",23,"PHO",10,0,68,5.3,12.7,0.417,0,0,NA,5.3,12.7,0.417,4.8,7.4,0.643,7.4,12.7,20.1,2.6,2.1,2.6,3.2,7.9,15.4,"alanwilliams"
"408",458,"Deron Williams\willide01","PG",31,"DAL",65,63,2106,5.5,13.2,0.414,1.7,4.8,0.344,3.8,8.4,0.454,3.1,3.5,0.869,0.3,2.9,3.2,6.5,1,0.2,2.6,2.6,15.7,"deronwilliams"
"409",459,"Derrick Williams\willide02","SF",24,"NYK",80,9,1435,6.4,14.2,0.45,1.1,3.8,0.293,5.3,10.4,0.506,4.9,6.4,0.758,1.2,6.2,7.4,1.9,0.7,0.2,1.5,1.7,18.7,"derrickwilliams"
"410",460,"Elliot Williams\williel01","PG",26,"MEM",5,0,45,1.6,8,0.2,0.8,3.2,0.25,0.8,4.8,0.167,2.4,3.2,0.75,0.8,2.4,3.2,3.2,0,0,0.8,1.6,6.4,"elliotwilliams"
"411",461,"Lou Williams\willilo02","SG",29,"LAL",67,35,1907,5.3,13.1,0.408,2.1,6,0.344,3.3,7,0.464,6.6,8,0.83,0.6,2.6,3.2,3.2,1.2,0.4,2,2,19.4,"louwilliams"
"412",462,"Marvin Williams\willima02","PF",29,"CHO",81,81,2338,5.2,11.5,0.452,2.3,5.8,0.402,2.9,5.7,0.504,1.8,2.2,0.833,2,6.1,8,1.7,0.9,1.2,1,2,14.6,"marvinwilliams"
"413",463,"Mo Williams\willima01","PG",33,"CLE",41,14,748,6.4,14.5,0.437,1.7,4.9,0.353,4.6,9.6,0.48,1.8,2,0.905,0.3,3.2,3.5,4.7,0.7,0.2,2.7,2.9,16.3,"mowilliams"
"414",464,"Justise Winslow\winslju01","SF",19,"MIA",78,8,2232,3.1,7.5,0.422,0.5,1.9,0.276,2.6,5.6,0.471,1.3,1.9,0.684,1.3,5.2,6.5,1.9,1.1,0.4,1.5,3,8.1,"justisewinslow"
"415",465,"Jeff Withey\witheje01","C",25,"UTA",51,10,658,4.8,8.9,0.537,0,0.1,0,4.8,8.8,0.544,2.4,3.2,0.729,3.1,6.4,9.5,1.1,1.1,2.9,1.5,4.1,11.9,"jeffwithey"
"416",466,"Christian Wood\woodch01","PF",20,"PHI",17,0,145,5.5,13.2,0.415,1,2.7,0.364,4.5,10.4,0.429,3.2,5.2,0.619,3.2,6.2,9.4,0.7,1.2,1.7,0.5,2.7,15.1,"christianwood"
"417",467,"Metta World Peace\artesro01","SF",36,"LAL",35,5,590,3.4,10.8,0.311,1.6,5.1,0.31,1.8,5.7,0.312,2.4,3.5,0.702,1.2,4.3,5.4,1.6,1.3,0.7,0.9,4.1,10.7,"mettaworldpeace"
"418",468,"Brandan Wright\wrighbr03","PF",28,"MEM",12,2,212,5.9,8.8,0.673,0,0,NA,5.9,8.8,0.673,2.2,4.1,0.542,2.4,4.9,7.3,1,0.8,2.5,1.7,3.6,14.1,"brandanwright"
"419",469,"Delon Wright\wrighde01","PG",23,"TOR",27,1,229,5.7,12.6,0.45,0.8,2,0.385,4.9,10.5,0.463,4.1,5.5,0.743,1.3,4.6,5.8,4.9,1.3,0.5,2.5,1.1,16.2,"delonwright"
"420",470,"Tony Wroten\wroteto01","PG",22,"PHI",8,3,144,5.5,16.2,0.338,0.7,4.2,0.176,4.7,12,0.396,5,9.2,0.541,0.5,4.7,5.2,5,0.7,0,7.2,2.7,16.7,"tonywroten"
"421",471,"James Young\youngja01","SG",20,"BOS",29,0,199,2,6.5,0.306,1.1,4.7,0.231,0.9,1.8,0.5,0.2,0.7,0.25,0.7,4,4.7,1.6,1.1,0.2,0.9,3.1,5.2,"jamesyoung"
"422",472,"Joe Young\youngjo01","PG",23,"IND",41,0,384,5.8,15.8,0.367,0.9,4.3,0.217,4.9,11.5,0.423,1.9,2.3,0.8,0.6,4.1,4.7,6.1,1.4,0,3.1,2.8,14.4,"joeyoung"
"423",473,"Nick Young\youngni01","SG",30,"LAL",54,2,1033,4.4,13,0.339,2.7,8.3,0.325,1.7,4.7,0.363,2.2,2.6,0.829,0.5,2.9,3.4,1.2,0.8,0.2,1,1.7,13.7,"nickyoung"
"424",474,"Thaddeus Young\youngth01","PF",27,"BRK",73,73,2407,7.4,14.4,0.514,0.1,0.4,0.233,7.3,14,0.523,1.6,2.4,0.644,2.6,7.2,9.9,2,1.7,0.6,2,2.7,16.5,"thaddeusyoung"
"425",475,"Cody Zeller\zelleco01","C",23,"CHO",73,60,1774,4.7,8.9,0.529,0,0.2,0.1,4.7,8.7,0.539,3.6,4.7,0.754,2.8,6.4,9.2,1.4,1.2,1.3,1.4,4.1,12.9,"codyzeller"
"426",476,"Tyler Zeller\zellety01","C",26,"BOS",60,3,710,7,14.7,0.476,0,0,NA,7,14.7,0.476,4.5,5.5,0.815,3.1,5.9,9,1.5,0.5,1.1,2.3,4.9,18.5,"tylerzeller"
"427",13,"Chris Andersen\anderch01","C",37,"TOT",27,15,402,3.4,6.4,0.528,0.4,1.3,0.286,3,5.2,0.586,2.2,3.2,0.694,3.2,5.6,8.8,1.1,1.3,1.2,0.8,2.6,9.4,"chrisandersen"
"428",27,"D.J. Augustin\augusdj01","PG",28,"TOT",62,0,1178,4.5,10.7,0.423,2.1,5.1,0.405,2.4,5.6,0.44,3.1,3.9,0.805,0.2,2.7,2.9,6.1,1.2,0.1,2.6,2.6,14.3,"djaugustin"
"429",67,"Chase Budinger\budinch01","SF",27,"TOT",66,2,929,4,9.3,0.435,0.9,3.3,0.279,3.1,5.9,0.523,1.5,2.2,0.696,1.7,4.1,5.8,2.5,1.2,0.4,1.7,2.4,10.5,"chasebudinger"
"430",84,"Mario Chalmers\chalmma01","PG",29,"TOT",61,7,1373,4.8,11.6,0.41,1.2,3.9,0.309,3.6,7.7,0.461,5.7,6.9,0.832,0.6,3.5,4.1,6,2.3,0.3,2.9,4.7,16.5,"mariochalmers"
"431",96,"Bryce Cotton\cottobr01","PG",23,"TOT",8,0,39,3.7,9.2,0.4,0,2.8,0,3.7,6.5,0.571,0,0,NA,0,0,0,2.8,2.8,0,4.6,1.8,7.4,"brycecotton"
"432",103,"Jared Cunningham\cunnija01","SG",24,"TOT",44,3,410,3.2,9.2,0.343,1.1,3.4,0.308,2.1,5.8,0.364,3.2,4.8,0.655,0.3,3.1,3.3,1.8,1.2,0.2,1.8,3.6,10.5,"jaredcunningham"
"433",131,"James Ennis\ennisja01","SF",25,"TOT",22,5,329,5.9,12.4,0.478,2.8,6.3,0.448,3.1,6,0.509,2.7,3.7,0.735,2.3,2.3,4.6,2.3,1.8,0.5,2.1,3.1,17.4,"jamesennis"
"434",142,"Randy Foye\foyera01","SG",32,"TOT",81,8,1642,3.7,10.6,0.351,1.6,5.5,0.3,2.1,5.1,0.405,1.3,1.6,0.824,0.5,2.9,3.4,3.5,0.9,0.6,1.9,2.9,10.4,"randyfoye"
"435",143,"Tim Frazier\fraziti01","PG",25,"TOT",51,2,741,4.7,11.1,0.419,0.8,2.3,0.333,3.9,8.8,0.442,2.6,3.6,0.716,1.3,4.1,5.3,7.9,1.6,0.1,3.2,3.5,12.7,"timfrazier"
"436",144,"Jimmer Fredette\fredeji01","SG",26,"TOT",6,0,18,4,10,0.4,2,4,0.5,2,6,0.333,8,10,0.8,0,0,0,2,2,0,4,4,18,"jimmerfredette"
"437",145,"Channing Frye\fryech01","PF-C",32,"TOT",70,32,1200,4.6,10.4,0.438,2.7,7,0.387,1.8,3.4,0.545,0.9,1,0.857,1,6,7,2.1,0.9,0.8,1.3,3.8,12.7,"channingfrye"
"438",167,"Erick Green\greener01","PG",24,"TOT",9,0,42,4.3,11.1,0.385,0.9,4.3,0.2,3.4,6.9,0.5,1.7,1.7,1,2.6,2.6,5.1,2.6,0.9,0,0,3.4,11.1,"erickgreen"
"439",170,"Jeff Green\greenje02","SF",29,"TOT",80,41,2253,5.7,13.2,0.43,1.1,3.4,0.315,4.6,9.8,0.47,2.6,3.5,0.745,1.2,4.1,5.3,2.2,0.9,0.6,1.5,2.6,15,"jeffgreen"
"440",173,"P.J. Hairston\hairspj02","SF",23,"TOT",66,52,1313,4,11.2,0.355,1.9,6.6,0.29,2.1,4.6,0.449,1.4,1.8,0.781,0.7,4.1,4.8,1,0.9,0.3,1.1,3.8,11.2,"pjhairston"
"441",184,"Tobias Harris\harrito02","PF",23,"TOT",76,74,2513,6,12.7,0.469,1.1,3.4,0.335,4.8,9.3,0.518,2.9,3.5,0.831,1.4,5.9,7.3,2.4,0.9,0.6,1.5,2.2,16,"tobiasharris"
"442",194,"J.J. Hickson\hicksjj01","C",27,"TOT",35,9,436,6.6,12.8,0.516,0,0.1,0,6.6,12.7,0.519,3.8,8.5,0.447,3.2,7.7,10.9,1.9,1.2,1.2,2.1,3.9,17,"jjhickson"
"443",200,"Kirk Hinrich\hinriki01","PG",35,"TOT",46,7,631,2.8,7.4,0.38,1.4,3.5,0.387,1.4,3.8,0.373,0.9,0.9,0.938,0.5,3.5,4,4.2,0.9,0.1,1.7,3.7,7.8,"kirkhinrich"
"444",202,"Justin Holiday\holidju01","SG",26,"TOT",53,5,773,4.1,10.6,0.386,1.7,4.9,0.343,2.4,5.7,0.423,1.3,1.7,0.73,0.6,3.6,4.2,2.6,1.5,0.9,1.8,2.8,11.1,"justinholiday"
"445",203,"Ryan Hollins\holliry01","C",31,"TOT",37,12,460,3.8,6.2,0.62,0,0,NA,3.8,6.2,0.62,2,3.3,0.619,3.7,4,7.7,0.8,0.5,1.6,1.9,4.9,9.7,"ryanhollins"
"446",211,"Kris Humphries\humphkr01","PF",30,"TOT",53,17,835,5.2,12.7,0.41,1.5,4.7,0.315,3.8,8.1,0.465,2.9,3.6,0.798,2.5,6.9,9.4,1.6,0.7,1,1.6,4.1,14.8,"krishumphries"
"447",215,"Ersan Ilyasova\ilyaser01","PF",28,"TOT",74,56,1881,5.4,12.7,0.424,1.8,5,0.371,3.5,7.7,0.458,2.1,2.9,0.721,2.8,5,7.7,1.3,1,0.6,1.4,3.3,14.7,"ersanilyasova"
"448",225,"John Jenkins\jenkijo01","SG",24,"TOT",43,3,480,5.3,12,0.444,1.2,3.8,0.314,4.1,8.2,0.505,1.5,1.8,0.833,0.6,3.7,4.3,2.6,0.6,0.1,2,1.6,13.3,"johnjenkins"
"449",226,"Brandon Jennings\jennibr01","PG",26,"TOT",48,7,868,4.6,12.6,0.368,2.1,6.4,0.329,2.5,6.2,0.409,2.4,3.2,0.731,0.7,3.3,4,7.1,1.2,0.3,2.4,2.4,13.8,"brandonjennings"
"450",231,"Joe Johnson\johnsjo02","SF",34,"TOT",81,81,2703,5,11.4,0.439,1.6,4.2,0.383,3.4,7.3,0.471,1.6,1.9,0.831,0.7,3.2,3.9,4.2,0.8,0.1,2.1,1.9,13.2,"joejohnson"
"451",232,"Orlando Johnson\johnsor01","SG",26,"TOT",7,1,101,3.2,12.1,0.265,0.7,3.6,0.2,2.5,8.6,0.292,2.1,2.9,0.75,1.4,3.9,5.3,0.7,1.1,1.1,1.4,3.2,9.3,"orlandojohnson"
"452",250,"Sean Kilpatrick\kilpase01","SG",26,"TOT",31,0,616,7.2,15.8,0.456,2.3,6.7,0.342,4.9,9.1,0.538,3.5,3.9,0.896,0.7,2.6,3.3,1.7,0.7,0.1,1.8,2.2,20.2,"seankilpatrick"
"453",259,"Ty Lawson\lawsoty01","PG",28,"TOT",66,13,1411,3.5,9,0.393,0.9,2.8,0.333,2.6,6.3,0.419,1.5,2.2,0.686,0.7,2.4,3.1,6,1.4,0.2,2.4,2.2,9.5,"tylawson"
"454",260,"Courtney Lee\leeco01","SG",30,"TOT",79,65,2334,4.5,9.9,0.454,1.3,3.3,0.378,3.2,6.5,0.493,1.5,1.8,0.839,0.4,2.7,3.2,2.1,1.3,0.4,1.1,2.1,11.7,"courtneylee"
"455",261,"David Lee\leeda02","PF",32,"TOT",55,5,903,7.1,13.4,0.531,0,0,0,7.1,13.3,0.533,2.8,3.7,0.763,4,8.1,12.2,3.3,0.9,1.1,2.6,4.5,17,"davidlee"
"456",275,"Shelvin Mack\macksh01","PG",25,"TOT",52,27,1058,6.2,14.1,0.439,1.3,4.3,0.312,4.9,9.9,0.493,1.5,2.1,0.738,0.4,3.9,4.4,6.4,1.2,0.1,3.2,2.4,15.2,"shelvinmack"
"457",281,"Kevin Martin\martike02","SG",32,"TOT",55,13,1095,5.1,13.8,0.372,1.6,4.5,0.36,3.5,9.3,0.378,5,5.7,0.89,0.5,3.2,3.6,1.9,0.9,0.1,1.8,2.7,16.9,"kevinmartin"
"458",286,"Ray McCallum\mccalra01","PG",24,"TOT",41,6,475,4.2,11.1,0.377,1.1,3.2,0.357,3,7.9,0.385,0.9,1.1,0.8,0.6,3,3.6,4.5,0.9,0.5,1.8,2.2,10.4,"raymccallum"
"459",295,"Jordan McRae\mcraejo01","PG",24,"TOT",22,1,195,6.3,14.4,0.436,1.8,4.1,0.455,4.4,10.3,0.429,3.9,5.2,0.75,0.7,3,3.7,4.6,0.6,0.2,2.8,3.1,18.3,"jordanmcrae"
"460",302,"Andre Miller\millean02","PG",39,"TOT",39,4,461,4.6,8.3,0.557,0.2,0.6,0.25,4.5,7.7,0.582,1.9,2.5,0.75,0.9,3,4,6.8,1.2,0,2.9,3.6,11.2,"andremiller"
"461",314,"Markieff Morris\morrima02","PF",26,"TOT",64,45,1629,6.7,15.9,0.425,1,3.4,0.303,5.7,12.4,0.458,2.4,3.2,0.735,1.6,6.2,7.8,2.7,1.3,0.8,3,4.1,16.9,"markieffmorris"
"462",331,"Steve Novak\novakst01","PF",32,"TOT",10,0,44,6.5,14.7,0.444,5.7,12.3,0.467,0.8,2.5,0.333,0.8,0.8,1,0,4.1,4.1,0,0,0,0.8,2.5,19.6,"stevenovak"
"463",363,"Phil Pressey\pressph01","PG",24,"TOT",23,0,283,3.8,9.9,0.385,0.5,2.3,0.222,3.3,7.6,0.433,1.7,3.2,0.52,0.4,3.6,3.9,9.5,2.3,0.5,4.2,3.6,9.8,"philpressey"
"464",374,"Brian Roberts\roberbr01","PG",30,"TOT",51,0,470,5.7,12.6,0.448,1.1,3.2,0.357,4.5,9.4,0.48,3.2,3.6,0.894,0.5,2.7,3.1,4.1,0.8,0.2,1.8,2.7,15.7,"brianroberts"
"465",387,"JaKarr Sampson\sampsja02","SF",22,"TOT",73,40,1160,4.3,9.8,0.442,0.4,2,0.222,3.9,7.9,0.496,2.5,3.8,0.656,1.4,4.5,5.9,1.4,0.7,1,2.2,4.4,11.6,"jakarrsampson"
"466",401,"Ish Smith\smithis01","PG",27,"TOT",77,53,2239,6.4,15.5,0.411,0.9,2.7,0.329,5.5,12.8,0.428,2,2.8,0.693,0.7,4.2,4.9,8.1,1.4,0.4,2.8,2.1,15.6,"ishsmith"
"467",404,"Josh Smith\smithjo03","PF",30,"TOT",55,7,880,5.2,14.3,0.364,1.7,5.9,0.287,3.5,8.4,0.417,1.5,2.7,0.552,2.1,5.8,7.9,3.7,1.4,1.9,3.2,4.8,13.6,"joshsmith"
"468",410,"Lance Stephenson\stephla01","SF",25,"TOT",69,13,1372,6,12.4,0.481,0.8,2,0.385,5.2,10.4,0.5,2.3,2.9,0.784,1,4.8,5.9,3.5,1.1,0.2,2.5,3.5,15,"lancestephenson"
"469",411,"Alex Stepheson\stephal01","PF",28,"TOT",8,0,73,4.4,13.3,0.333,0,0,NA,4.4,13.3,0.333,2,5.9,0.333,9.4,4.4,13.8,1,0.5,2.5,0,5.9,10.8,"alexstepheson"
"470",412,"Jarnell Stokes\stokeja01","C",22,"TOT",7,0,18,6,10,0.6,0,0,NA,6,10,0.6,2,4,0.5,2,6,8,2,2,0,0,2,14,"jarnellstokes"
"471",424,"Jason Thompson\thompja02","C",29,"TOT",47,7,471,4,8.3,0.481,0.4,1.1,0.333,3.6,7.1,0.505,2.9,4.1,0.704,2.4,7.8,10.2,2.2,0.9,1.5,1.1,6.1,11.2,"jasonthompson"
"472",427,"Marcus Thornton\thornma01","SG",28,"TOT",61,8,1109,7,17.6,0.399,3,8.8,0.337,4.1,8.8,0.46,2.2,2.6,0.848,1.2,3.6,4.9,2.8,1.5,0.1,1.7,2.9,19.2,"marcusthornton"
"473",434,"Beno Udrih\udrihbe01","PG",33,"TOT",44,5,707,4.4,10.1,0.434,0.8,2.2,0.341,3.6,7.8,0.461,0.9,1,0.9,0.4,3.3,3.7,5.9,0.7,0.1,2.7,2.6,10.4,"benoudrih"
"474",436,"Anderson Varejao\varejan01","C",33,"TOT",53,0,496,3.8,9,0.427,0,0.1,0,3.8,8.9,0.431,2.3,3.6,0.64,2.7,7.5,10.2,2.5,1.2,0.7,1.6,5.1,10,"andersonvarejao"
"475",449,"Briante Weber\weberbr01","PG",23,"TOT",7,4,169,3,8.3,0.359,0,1.1,0,3,7.2,0.412,0.6,0.9,0.75,1.7,3.6,5.3,4.5,1.9,0.6,1.9,2.6,6.6,"brianteweber"
"476",450,"Sonny Weems\weemsso01","SG-SF",29,"TOT",43,0,499,3,7.9,0.382,1.1,3,0.366,1.9,5,0.391,0.6,1.1,0.533,0.5,3.3,3.8,3.5,0.7,0.1,3,3.4,7.7,"sonnyweems"
